-- phpMyAdmin SQL Dump
-- version 4.9.7
-- https://www.phpmyadmin.net/
--
-- Host: localhost:3306
-- Waktu pembuatan: 03 Jun 2022 pada 14.03
-- Versi server: 10.3.34-MariaDB-cll-lve
-- Versi PHP: 7.4.29

SET SQL_MODE = "NO_AUTO_VALUE_ON_ZERO";
SET AUTOCOMMIT = 0;
START TRANSACTION;
SET time_zone = "+00:00";


/*!40101 SET @OLD_CHARACTER_SET_CLIENT=@@CHARACTER_SET_CLIENT */;
/*!40101 SET @OLD_CHARACTER_SET_RESULTS=@@CHARACTER_SET_RESULTS */;
/*!40101 SET @OLD_COLLATION_CONNECTION=@@COLLATION_CONNECTION */;
/*!40101 SET NAMES utf8mb4 */;

--
-- Database: `devx4769_taruna`
--

-- --------------------------------------------------------

--
-- Struktur dari tabel `mst_instansi_type`
--

CREATE TABLE `mst_instansi_type` (
  `id` int(11) NOT NULL,
  `instansi` varchar(100) NOT NULL,
  `is_active` tinyint(1) NOT NULL
) ENGINE=InnoDB DEFAULT CHARSET=utf8mb4;

--
-- Dumping data untuk tabel `mst_instansi_type`
--

INSERT INTO `mst_instansi_type` (`id`, `instansi`, `is_active`) VALUES
(1, 'Kampus', 1),
(2, 'Kantor', 1);

-- --------------------------------------------------------

--
-- Struktur dari tabel `mst_kampus`
--

CREATE TABLE `mst_kampus` (
  `id` int(6) NOT NULL,
  `kampus` varchar(50) NOT NULL,
  `pimpinan` varchar(100) DEFAULT NULL,
  `id_propinsi` int(3) NOT NULL,
  `id_kota` int(4) NOT NULL,
  `is_active` int(1) NOT NULL DEFAULT 1,
  `created_date` timestamp NOT NULL DEFAULT current_timestamp(),
  `created_by` int(3) NOT NULL,
  `updated_date` timestamp NOT NULL DEFAULT current_timestamp(),
  `updated_by` int(3) NOT NULL,
  `uid` int(5) NOT NULL,
  `alamat` varchar(200) NOT NULL,
  `email` varchar(50) NOT NULL,
  `longitude` varchar(30) NOT NULL,
  `latitude` varchar(30) NOT NULL,
  `id_instansi_type` int(11) NOT NULL
) ENGINE=InnoDB DEFAULT CHARSET=utf8mb4;

--
-- Dumping data untuk tabel `mst_kampus`
--

INSERT INTO `mst_kampus` (`id`, `kampus`, `pimpinan`, `id_propinsi`, `id_kota`, `is_active`, `created_date`, `created_by`, `updated_date`, `updated_by`, `uid`, `alamat`, `email`, `longitude`, `latitude`, `id_instansi_type`) VALUES
(2, 'Pusat Pengembangan SDM Perhubungan Darat', 'Tabah Bekarita HW', 31, 3172, 1, '2022-01-30 16:57:20', 1, '2022-01-30 16:57:20', 0, 1, '08119519520', 'tabah.kemenhub@gmail.com', '106.880424', '-6.192942', 2),
(3, 'Pusat Pengembangan SDM Perhubungan Laut', '-', 31, 3173, 1, '2022-01-30 23:05:33', 1, '2022-01-30 23:05:33', 0, 1, '-', '-', '', '', 2),
(4, 'Pusat Pengembangan SDM Perhubungan Udara', 'Agistinisa Aini', 31, 3173, 1, '2022-02-01 12:08:56', 1, '2022-02-01 12:08:56', 0, 1, '087871173818\r\n', 'agiz1208@gmail.com', '95.323753', '5.548290', 2),
(5, 'Kampus Testing', 'joko', 31, 0, 1, '2022-02-04 03:23:38', 1, '2022-02-04 03:23:38', 0, 1, 'jalan H.hasbi', 'Syarif.muhamadd@gmail.com', '', '', 1),
(6, 'Politeknik Transportasi Darat Indonesia STTD', '-', 31, 3173, 1, '2022-02-04 03:32:09', 1, '2022-02-04 03:32:09', 0, 1, '-\r\n', '-', '140.6594858', '-2.6096746', 1),
(7, 'Politeknik Penerbangan Indonesia (PPI) Curug', 'Pahotan Ferry Roy Nainggolan', 31, 3173, 1, '2022-02-04 03:42:27', 1, '2022-02-04 03:42:27', 0, 1, '081340050906\r\n', 'pfroyn@gmail.com', '', '', 1),
(8, 'Sekolah Tinggi Ilmu Pelayaran Jakarta', 'Agus Leonard Togatorop', 31, 3173, 1, '2022-02-09 11:15:23', 1, '2022-02-09 11:15:23', 0, 1, '081318553188\r\n', 'agusleonardt@gmail.com', '', '', 1),
(9, 'Politeknik Transportasi SDP palembang', 'Kodrat alam', 16, 1671, 1, '2022-02-11 02:50:04', 1, '2022-02-11 02:50:04', 0, 1, '082177734506\r\n', 'kodratalam78@gmail.com', '', '', 1),
(10, 'Politeknik Keselamatan Transportasi Jalan Tegal', 'Sihar Ambarita', 33, 3328, 1, '2022-02-11 02:51:59', 1, '2022-02-11 02:51:59', 0, 1, '085290196000\r\n', 'Siharblack@gmail.com', '', '', 1),
(11, 'Politeknik Perkeretaapian Indonesia Madiun', 'Galang Febry Andana', 35, 3519, 1, '2022-02-11 02:52:47', 1, '2022-02-11 02:52:47', 0, 1, '082144527760\r\n', 'andana.galang@gmail.com', '', '', 1),
(12, 'Politeknik Transportasi Darat Bali', '-', 51, 5171, 1, '2022-02-11 02:53:18', 1, '2022-02-11 02:53:18', 0, 1, '-\r\n', '-', '', '', 1),
(13, 'Politeknik Ilmu Pelayaran Semarang', 'Agus Hariyanto', 33, 3374, 1, '2022-02-11 03:04:04', 1, '2022-02-11 03:04:04', 0, 1, '081390281677\r\n', 'kaptenjurek@gmail.com', '', '', 1),
(14, 'Politeknik Pelayaran Sorong', 'Paskaria Simanjuntak', 91, 9171, 1, '2022-02-11 03:09:12', 1, '2022-02-11 03:09:12', 0, 1, '085294099989\r\n', 'paskaria25@yahoo.com', '', '', 1),
(15, 'Polteknik Penerbangan Medan', 'MUHAMMAD CAESAR AKBAR, S.ST., M.M.', 12, 1275, 1, '2022-02-11 03:09:51', 1, '2022-02-11 03:09:51', 0, 1, '081918890999\r\n', 'caesar12atkpmedan@gmail.com', '', '', 1),
(16, 'Politeknik Penerbangan Palembang', 'Yacob Mandala', 16, 1671, 1, '2022-02-11 03:10:42', 1, '2022-02-11 03:10:42', 0, 1, '081310294594\r\n', 'mandalayacob@gmail.com', '', '', 1),
(17, 'Politeknik Pelayaran Surabaya', 'Siti Fatimah', 35, 3578, 1, '2022-02-11 03:11:27', 1, '2022-02-11 03:11:27', 0, 1, '081216160074\r\n', 'siti.f471ma@gmail.com ', '', '', 1),
(18, 'Politeknik Penerbangan Makassar', 'NINING IDYANINGSIH', 73, 7371, 1, '2022-02-11 03:12:16', 1, '2022-02-11 03:12:16', 0, 1, '082189100477\r\n', 'ondeng77@gmail.com', '', '', 1),
(19, 'Balai Pendidikan dan Pelatihan Transportasi Darat ', 'Irfan Hardiansyah', 31, 3173, 1, '2022-02-11 03:16:34', 1, '2022-02-11 03:16:34', 0, 1, '085210678789\r\n', 'Irfan513all@gmail.com', '', '', 1),
(20, 'Akademi penerbang indonesia banyuwangi', 'Rangga handhika putra', 35, 3510, 1, '2022-02-11 03:17:34', 1, '2022-02-11 03:17:34', 0, 1, '085692918072\r\n', 'Ranggahandhika07rh.rh@gmail.com', '', '', 1),
(21, 'SEKRETARIAT BPSDMP', 'RIRIN SWASTUTI\r\n', 35, 3510, 1, '2022-03-06 13:00:58', 0, '2022-03-06 13:00:58', 0, 1, '0', 'muspinbpsdmp@gmail.com', '', '', 2),
(24, 'PPSDMPD', 'PEGI WULANDARI\r\n', 35, 3510, 1, '2022-03-06 13:00:58', 0, '2022-03-06 13:00:58', 0, 1, 'null', 'pegiwd01@gmail.com', '', '', 2),
(25, 'PPSDMPL', 'Dr. EFENDI, S.E., M.Si.\r\n', 35, 3510, 1, '2022-03-06 13:00:58', 0, '2022-03-06 13:00:58', 0, 1, '0', 'efendi@dephub.go.id', '', '', 2),
(26, 'PPSDMPU', 'TARULI VERAWATY, SE', 35, 3510, 1, '2022-03-06 13:00:58', 0, '2022-03-06 13:00:58', 0, 1, '0', 'taruli_verawaty@dephub.go.id', '', '', 2),
(27, 'PPSDMAP', 'DYAN KEKE Br SEMBIRING', 35, 3510, 1, '2022-03-06 13:00:58', 0, '2022-03-06 13:00:58', 0, 1, '0', 'sembiring.keke@gmail.com', '', '', 2),
(28, 'PTDI-STTD', 'NURUL', 35, 3510, 1, '2022-03-06 13:00:58', 0, '2022-03-06 13:00:58', 0, 1, '0', 'nurul.tiaraja@gmail.com', '', '', 2),
(29, 'PKTJ TEGAL', 'DESSY ASTRIANI', 35, 3510, 1, '2022-03-06 13:00:58', 0, '2022-03-06 13:00:58', 0, 1, '0', 'dedadidi@gmail.com', '', '', 2),
(30, 'POLTRADA BALI', 'drg. Ni Putu Tania Chintya Dewi Karima', 35, 3510, 1, '2022-03-06 13:00:58', 0, '2022-03-06 13:00:58', 0, 1, '0', 'karimaslalw@gmail.com', '', '', 2),
(31, 'PPI MADIUN', 'PUTRI DWI NURISMOYO N', 35, 3510, 1, '2022-03-06 13:00:58', 0, '2022-03-06 13:00:58', 0, 1, '0', 'putri@ppi.ac.id', '', '', 2),
(32, 'POLTEK TRANS SDP PALEMBANG', 'KODRAT ALAM ,S.SiT.,MM', 35, 3510, 1, '2022-03-06 13:00:58', 0, '2022-03-06 13:00:58', 0, 1, '0', 'kodrat_alam@dephub.go.id', '', '', 2),
(33, 'BPPTD MEMPAWAH', 'SLAMET RUDI HARTONO, S.E., M.M.', 35, 3510, 1, '2022-03-06 13:00:58', 0, '2022-03-06 13:00:58', 0, 1, '0', 'slamet_rudi@dephub.go.id', '', '', 2),
(34, 'BP3KSDMT BANDUNG', 'SAEPUDIN', 35, 3510, 1, '2022-03-06 13:00:58', 0, '2022-03-06 13:00:58', 0, 1, '0', 'bismillahsamid@gmail.com', '', '', 2),
(35, 'STIP JAKARTA', 'ALBERTO', 35, 3510, 1, '2022-03-06 13:00:58', 0, '2022-03-06 13:00:58', 0, 1, '0', 'alberto.rima@yahoo.com', '', '', 2),
(36, 'BP3IP JAKARTA', '', 35, 3510, 1, '2022-03-06 13:00:58', 0, '2022-03-06 13:00:58', 0, 1, '0', '', '', '', 2),
(37, 'PIP SEMARANG', 'FAJAR TRANSELASI, S.Tr., M.AP', 35, 3510, 1, '2022-03-06 13:00:58', 0, '2022-03-06 13:00:58', 0, 1, '0', 'fajartranselasi@ymail.com', '', '', 2),
(38, 'PIP MAKASSAR', 'SUYUTI, M.Si., M.Mar.E.', 35, 3510, 1, '2022-03-06 13:00:58', 0, '2022-03-06 13:00:58', 0, 1, '0', 'suyuti@dephub.go.id', '', '', 2),
(39, 'POLTEKPEL MALAHAYATI', 'SULTAN, M.M., M.Mar', 35, 3510, 1, '2022-03-06 13:00:58', 0, '2022-03-06 13:00:58', 0, 1, '0', 'sultan@dephub.go.id', '', '', 2),
(40, 'POLTEKPEL SUMBAR', 'drg. RISNA YULIANTI', 35, 3510, 1, '2022-03-06 13:00:58', 0, '2022-03-06 13:00:58', 0, 1, '0', 'risnajulianti.drg@gmail.com', '', '', 2),
(41, 'POLTEKPEL BANTEN', 'dr. AMIR FAISHOL', 35, 3510, 1, '2022-03-06 13:00:58', 0, '2022-03-06 13:00:58', 0, 1, '0', 'kliniksamuderap2b@gamil.com', '', '', 2),
(42, 'POLTEKPEL SURABAYA', 'dr. DEWI WIDOWATI', 35, 3510, 1, '2022-03-06 13:00:58', 0, '2022-03-06 13:00:58', 0, 1, '0', 'dr.dewi.widowati@gmail.com', '', '', 2),
(43, 'POLTEKPEL BAROMBONG', 'dr. SURYANTI BAHRI', 35, 3510, 1, '2022-03-06 13:00:58', 0, '2022-03-06 13:00:58', 0, 1, '0', 'uyharizky@gmail.com', '', '', 2),
(44, 'POLTEKPEL SULUT', 'WIRATNO, M.T., M.Mar.E.', 35, 3510, 1, '2022-03-06 13:00:58', 0, '2022-03-06 13:00:58', 0, 1, '0', 'wiratno29@gmail.com', '', '', 2),
(45, 'POLTEKPEL SORONG', 'PASKARIA S. SIMANJUNTAK, S.Kep.', 35, 3510, 1, '2022-03-06 13:00:58', 0, '2022-03-06 13:00:58', 0, 1, '0', 'paskaria25@yahoo.com', '', '', 2),
(46, 'BPPTL', 'DAVIQ WIRATNO', 35, 3510, 1, '2022-03-06 13:00:58', 0, '2022-03-06 13:00:58', 0, 1, '0', 'daviqwiratno5@gmail.com', '', '', 2),
(47, 'PPI CURUG', 'dr. HERRY SUMARSONO', 35, 3510, 1, '2022-03-06 13:00:58', 0, '2022-03-06 13:00:58', 0, 1, '0', 'herrysumarsonostpi@gmail.com', '', '', 2),
(48, 'POLTEKBANG MEDAN', 'dr. Mayanti D.R. Butar-Butar', 35, 3510, 1, '2022-03-06 13:00:58', 0, '2022-03-06 13:00:58', 0, 1, '0', 'mayantibutarbutar@gmail.com', '', '', 2),
(49, 'POLTEKBANG PALEMBANG', 'dr. WIRA DHARMA UTAMA', 35, 3510, 1, '2022-03-06 13:00:58', 0, '2022-03-06 13:00:58', 0, 1, '0', 'wiradharma93@gmail.com', '', '', 2),
(50, 'POLTEKBANG SURABAYA', 'AJENG HERDINAWATI, S.Psi.', 35, 3510, 1, '2022-03-06 13:00:58', 0, '2022-03-06 13:00:58', 0, 1, '0', 'tukepeg@poltekbangsby.ac.id', '', '', 2),
(51, 'POLITEKBANG MAKASSAR', 'ELGA FREDIANTO', 35, 3510, 1, '2022-03-06 13:00:58', 0, '2022-03-06 13:00:58', 0, 1, '0', 'elga.atkpmks@gmail.com', '', '', 2),
(52, 'POLTEKBANG JAYAPURA', 'ANDI FRIANTO PERANGIN ANGIN, S.E., M.M.', 35, 3510, 1, '2022-03-06 13:00:58', 0, '2022-03-06 13:00:58', 0, 1, '0', 'pranginanginandi@gmail.com', '', '', 2),
(53, 'API BANYUWANGI', 'Rizki Ocsera Endrawati', 35, 3510, 1, '2022-03-06 13:00:58', 0, '2022-03-06 13:00:58', 0, 1, '0', 'rizkyocsera@gmail.com', '', '', 2),
(54, 'BP3 CURUG', 'dr. ASRI RIGMAWATI', 35, 3510, 1, '2022-03-06 13:00:58', 0, '2022-03-06 13:00:58', 0, 1, '0', 'asri.rigmawati@gmail.com', '', '', 2),
(55, 'Kampus Testing', 'syarif', 11, 1102, 1, '2022-06-02 15:01:51', 1, '2022-06-02 15:01:51', 0, 1, 'syarif', 'syarif@gmail.com', '0', '0', 2);

-- --------------------------------------------------------

--
-- Struktur dari tabel `mst_kota`
--

CREATE TABLE `mst_kota` (
  `id` int(6) NOT NULL,
  `id_propinsi` int(5) NOT NULL,
  `kota` varchar(100) NOT NULL,
  `created_date` timestamp NOT NULL DEFAULT current_timestamp(),
  `uid` int(5) NOT NULL DEFAULT 1
) ENGINE=InnoDB DEFAULT CHARSET=utf8mb4;

--
-- Dumping data untuk tabel `mst_kota`
--

INSERT INTO `mst_kota` (`id`, `id_propinsi`, `kota`, `created_date`, `uid`) VALUES
(1101, 11, 'Kab. Simeulue', '2022-01-27 01:56:25', 1),
(1102, 11, 'Kab. Aceh Singkil', '2022-01-27 01:56:25', 1),
(1103, 11, 'Kab. Aceh Selatan', '2022-01-27 01:56:25', 1),
(1104, 11, 'Kab. Aceh Tenggara', '2022-01-27 01:56:25', 1),
(1105, 11, 'Kab. Aceh Timur', '2022-01-27 01:56:25', 1),
(1106, 11, 'Kab. Aceh Tengah', '2022-01-27 01:56:25', 1),
(1107, 11, 'Kab. Aceh Barat', '2022-01-27 01:56:25', 1),
(1108, 11, 'Kab. Aceh Besar', '2022-01-27 01:56:25', 1),
(1109, 11, 'Kab. Pidie', '2022-01-27 01:56:25', 1),
(1110, 11, 'Kab. Bireuen', '2022-01-27 01:56:25', 1),
(1111, 11, 'Kab. Aceh Utara', '2022-01-27 01:56:25', 1),
(1112, 11, 'Kab. Aceh Barat Daya', '2022-01-27 01:56:25', 1),
(1113, 11, 'Kab. Gayo Lues', '2022-01-27 01:56:25', 1),
(1114, 11, 'Kab. Aceh Tamiang', '2022-01-27 01:56:25', 1),
(1115, 11, 'Kab. Nagan Raya', '2022-01-27 01:56:25', 1),
(1116, 11, 'Kab. Aceh Jaya', '2022-01-27 01:56:25', 1),
(1117, 11, 'Kab. Bener Meriah', '2022-01-27 01:56:25', 1),
(1118, 11, 'Kab. Pidie Jaya', '2022-01-27 01:56:25', 1),
(1171, 11, 'Kota Banda Aceh', '2022-01-27 01:56:25', 1),
(1172, 11, 'Kota Sabang', '2022-01-27 01:56:25', 1),
(1173, 11, 'Kota Langsa', '2022-01-27 01:56:25', 1),
(1174, 11, 'Kota Lhokseumawe', '2022-01-27 01:56:25', 1),
(1175, 11, 'Kota Subulussalam', '2022-01-27 01:56:25', 1),
(1201, 12, 'Kab. Nias', '2022-01-27 01:56:25', 1),
(1202, 12, 'Kab. Mandailing Natal', '2022-01-27 01:56:25', 1),
(1203, 12, 'Kab. Tapanuli Selatan', '2022-01-27 01:56:25', 1),
(1204, 12, 'Kab. Tapanuli Tengah', '2022-01-27 01:56:25', 1),
(1205, 12, 'Kab. Tapanuli Utara', '2022-01-27 01:56:25', 1),
(1206, 12, 'Kab. Toba Samosir', '2022-01-27 01:56:25', 1),
(1207, 12, 'Kab. Labuhan Batu', '2022-01-27 01:56:25', 1),
(1208, 12, 'Kab. Asahan', '2022-01-27 01:56:25', 1),
(1209, 12, 'Kab. Simalungun', '2022-01-27 01:56:25', 1),
(1210, 12, 'Kab. Dairi', '2022-01-27 01:56:25', 1),
(1211, 12, 'Kab. Karo', '2022-01-27 01:56:25', 1),
(1212, 12, 'Kab. Deli Serdang', '2022-01-27 01:56:25', 1),
(1213, 12, 'Kab. Langkat', '2022-01-27 01:56:25', 1),
(1214, 12, 'Kab. Nias Selatan', '2022-01-27 01:56:25', 1),
(1215, 12, 'Kab. Humbang Hasundutan', '2022-01-27 01:56:25', 1),
(1216, 12, 'Kab. Pakpak Bharat', '2022-01-27 01:56:25', 1),
(1217, 12, 'Kab. Samosir', '2022-01-27 01:56:25', 1),
(1218, 12, 'Kab. Serdang Bedagai', '2022-01-27 01:56:25', 1),
(1219, 12, 'Kab. Batu Bara', '2022-01-27 01:56:25', 1),
(1220, 12, 'Kab. Padang Lawas Utara', '2022-01-27 01:56:25', 1),
(1221, 12, 'Kab. Padang Lawas', '2022-01-27 01:56:25', 1),
(1222, 12, 'Kab. Labuhan Batu Selatan', '2022-01-27 01:56:25', 1),
(1223, 12, 'Kab. Labuhan Batu Utara', '2022-01-27 01:56:25', 1),
(1224, 12, 'Kab. Nias Utara', '2022-01-27 01:56:25', 1),
(1225, 12, 'Kab. Nias Barat', '2022-01-27 01:56:25', 1),
(1271, 12, 'Kota Sibolga', '2022-01-27 01:56:25', 1),
(1272, 12, 'Kota Tanjung Balai', '2022-01-27 01:56:25', 1),
(1273, 12, 'Kota Pematang Siantar', '2022-01-27 01:56:25', 1),
(1274, 12, 'Kota Tebing Tinggi', '2022-01-27 01:56:25', 1),
(1275, 12, 'Kota Medan', '2022-01-27 01:56:25', 1),
(1276, 12, 'Kota Binjai', '2022-01-27 01:56:25', 1),
(1277, 12, 'Kota Padangsidimpuan', '2022-01-27 01:56:25', 1),
(1278, 12, 'Kota Gunungsitoli', '2022-01-27 01:56:25', 1),
(1301, 13, 'Kab. Kepulauan Mentawai', '2022-01-27 01:56:25', 1),
(1302, 13, 'Kab. Pesisir Selatan', '2022-01-27 01:56:25', 1),
(1303, 13, 'Kab. Solok', '2022-01-27 01:56:25', 1),
(1304, 13, 'Kab. Sijunjung', '2022-01-27 01:56:25', 1),
(1305, 13, 'Kab. Tanah Datar', '2022-01-27 01:56:25', 1),
(1306, 13, 'Kab. Padang Pariaman', '2022-01-27 01:56:25', 1),
(1307, 13, 'Kab. Agam', '2022-01-27 01:56:25', 1),
(1308, 13, 'Kab. Lima Puluh Kota', '2022-01-27 01:56:25', 1),
(1309, 13, 'Kab. Pasaman', '2022-01-27 01:56:25', 1),
(1310, 13, 'Kab. Solok Selatan', '2022-01-27 01:56:25', 1),
(1311, 13, 'Kab. Dharmasraya', '2022-01-27 01:56:25', 1),
(1312, 13, 'Kab. Pasaman Barat', '2022-01-27 01:56:25', 1),
(1371, 13, 'Kota Padang', '2022-01-27 01:56:25', 1),
(1372, 13, 'Kota Solok', '2022-01-27 01:56:25', 1),
(1373, 13, 'Kota Sawah Lunto', '2022-01-27 01:56:25', 1),
(1374, 13, 'Kota Padang Panjang', '2022-01-27 01:56:25', 1),
(1375, 13, 'Kota Bukittinggi', '2022-01-27 01:56:25', 1),
(1376, 13, 'Kota Payakumbuh', '2022-01-27 01:56:25', 1),
(1377, 13, 'Kota Pariaman', '2022-01-27 01:56:25', 1),
(1401, 14, 'Kab. Kuantan Singingi', '2022-01-27 01:56:25', 1),
(1402, 14, 'Kab. Indragiri Hulu', '2022-01-27 01:56:25', 1),
(1403, 14, 'Kab. Indragiri Hilir', '2022-01-27 01:56:25', 1),
(1404, 14, 'Kab. Pelalawan', '2022-01-27 01:56:25', 1),
(1405, 14, 'Kab. S I A K', '2022-01-27 01:56:25', 1),
(1406, 14, 'Kab. Kampar', '2022-01-27 01:56:25', 1),
(1407, 14, 'Kab. Rokan Hulu', '2022-01-27 01:56:25', 1),
(1408, 14, 'Kab. Bengkalis', '2022-01-27 01:56:25', 1),
(1409, 14, 'Kab. Rokan Hilir', '2022-01-27 01:56:25', 1),
(1410, 14, 'Kab. Kepulauan Meranti', '2022-01-27 01:56:25', 1),
(1471, 14, 'Kota Pekanbaru', '2022-01-27 01:56:25', 1),
(1473, 14, 'Kota D U M A I', '2022-01-27 01:56:25', 1),
(1501, 15, 'Kab. Kerinci', '2022-01-27 01:56:25', 1),
(1502, 15, 'Kab. Merangin', '2022-01-27 01:56:25', 1),
(1503, 15, 'Kab. Sarolangun', '2022-01-27 01:56:25', 1),
(1504, 15, 'Kab. Batang Hari', '2022-01-27 01:56:25', 1),
(1505, 15, 'Kab. Muaro Jambi', '2022-01-27 01:56:25', 1),
(1506, 15, 'Kab. Tanjung Jabung Timur', '2022-01-27 01:56:25', 1),
(1507, 15, 'Kab. Tanjung Jabung Barat', '2022-01-27 01:56:25', 1),
(1508, 15, 'Kab. Tebo', '2022-01-27 01:56:25', 1),
(1509, 15, 'Kab. Bungo', '2022-01-27 01:56:25', 1),
(1571, 15, 'Kota Jambi', '2022-01-27 01:56:25', 1),
(1572, 15, 'Kota Sungai Penuh', '2022-01-27 01:56:25', 1),
(1601, 16, 'Kab. Ogan Komering Ulu', '2022-01-27 01:56:25', 1),
(1602, 16, 'Kab. Ogan Komering Ilir', '2022-01-27 01:56:25', 1),
(1603, 16, 'Kab. Muara Enim', '2022-01-27 01:56:25', 1),
(1604, 16, 'Kab. Lahat', '2022-01-27 01:56:25', 1),
(1605, 16, 'Kab. Musi Rawas', '2022-01-27 01:56:25', 1),
(1606, 16, 'Kab. Musi Banyuasin', '2022-01-27 01:56:25', 1),
(1607, 16, 'Kab. Banyu Asin', '2022-01-27 01:56:25', 1),
(1608, 16, 'Kab. Ogan Komering Ulu Selatan', '2022-01-27 01:56:25', 1),
(1609, 16, 'Kab. Ogan Komering Ulu Timur', '2022-01-27 01:56:25', 1),
(1610, 16, 'Kab. Ogan Ilir', '2022-01-27 01:56:25', 1),
(1611, 16, 'Kab. Empat Lawang', '2022-01-27 01:56:25', 1),
(1671, 16, 'Kota Palembang', '2022-01-27 01:56:25', 1),
(1672, 16, 'Kota Prabumulih', '2022-01-27 01:56:25', 1),
(1673, 16, 'Kota Pagar Alam', '2022-01-27 01:56:25', 1),
(1674, 16, 'Kota Lubuklinggau', '2022-01-27 01:56:25', 1),
(1701, 17, 'Kab. Bengkulu Selatan', '2022-01-27 01:56:25', 1),
(1702, 17, 'Kab. Rejang Lebong', '2022-01-27 01:56:25', 1),
(1703, 17, 'Kab. Bengkulu Utara', '2022-01-27 01:56:25', 1),
(1704, 17, 'Kab. Kaur', '2022-01-27 01:56:25', 1),
(1705, 17, 'Kab. Seluma', '2022-01-27 01:56:25', 1),
(1706, 17, 'Kab. Mukomuko', '2022-01-27 01:56:25', 1),
(1707, 17, 'Kab. Lebong', '2022-01-27 01:56:25', 1),
(1708, 17, 'Kab. Kepahiang', '2022-01-27 01:56:25', 1),
(1709, 17, 'Kab. Bengkulu Tengah', '2022-01-27 01:56:25', 1),
(1771, 17, 'Kota Bengkulu', '2022-01-27 01:56:25', 1),
(1801, 18, 'Kab. Lampung Barat', '2022-01-27 01:56:25', 1),
(1802, 18, 'Kab. Tanggamus', '2022-01-27 01:56:25', 1),
(1803, 18, 'Kab. Lampung Selatan', '2022-01-27 01:56:25', 1),
(1804, 18, 'Kab. Lampung Timur', '2022-01-27 01:56:25', 1),
(1805, 18, 'Kab. Lampung Tengah', '2022-01-27 01:56:25', 1),
(1806, 18, 'Kab. Lampung Utara', '2022-01-27 01:56:25', 1),
(1807, 18, 'Kab. Way Kanan', '2022-01-27 01:56:25', 1),
(1808, 18, 'Kab. Tulangbawang', '2022-01-27 01:56:25', 1),
(1809, 18, 'Kab. Pesawaran', '2022-01-27 01:56:25', 1),
(1810, 18, 'Kab. Pringsewu', '2022-01-27 01:56:25', 1),
(1811, 18, 'Kab. Mesuji', '2022-01-27 01:56:25', 1),
(1812, 18, 'Kab. Tulang Bawang Barat', '2022-01-27 01:56:25', 1),
(1813, 18, 'Kab. Pesisir Barat', '2022-01-27 01:56:25', 1),
(1871, 18, 'Kota Bandar Lampung', '2022-01-27 01:56:25', 1),
(1872, 18, 'Kota Metro', '2022-01-27 01:56:25', 1),
(1901, 19, 'Kab. Bangka', '2022-01-27 01:56:25', 1),
(1902, 19, 'Kab. Belitung', '2022-01-27 01:56:25', 1),
(1903, 19, 'Kab. Bangka Barat', '2022-01-27 01:56:25', 1),
(1904, 19, 'Kab. Bangka Tengah', '2022-01-27 01:56:25', 1),
(1905, 19, 'Kab. Bangka Selatan', '2022-01-27 01:56:25', 1),
(1906, 19, 'Kab. Belitung Timur', '2022-01-27 01:56:25', 1),
(1971, 19, 'Kota Pangkal Pinang', '2022-01-27 01:56:25', 1),
(2101, 21, 'Kab. Karimun', '2022-01-27 01:56:25', 1),
(2102, 21, 'Kab. Bintan', '2022-01-27 01:56:25', 1),
(2103, 21, 'Kab. Natuna', '2022-01-27 01:56:25', 1),
(2104, 21, 'Kab. Lingga', '2022-01-27 01:56:25', 1),
(2105, 21, 'Kab. Kepulauan Anambas', '2022-01-27 01:56:25', 1),
(2171, 21, 'Kota B A T A M', '2022-01-27 01:56:25', 1),
(2172, 21, 'Kota Tanjung Pinang', '2022-01-27 01:56:25', 1),
(3101, 31, 'Kab. Kepulauan Seribu', '2022-01-27 01:56:25', 1),
(3171, 31, 'Kota Jakarta Selatan', '2022-01-27 01:56:25', 1),
(3172, 31, 'Kota Jakarta Timur', '2022-01-27 01:56:25', 1),
(3173, 31, 'Kota Jakarta Pusat', '2022-01-27 01:56:25', 1),
(3174, 31, 'Kota Jakarta Barat', '2022-01-27 01:56:25', 1),
(3175, 31, 'Kota Jakarta Utara', '2022-01-27 01:56:25', 1),
(3201, 32, 'Kab. Bogor', '2022-01-27 01:56:25', 1),
(3202, 32, 'Kab. Sukabumi', '2022-01-27 01:56:25', 1),
(3203, 32, 'Kab. Cianjur', '2022-01-27 01:56:25', 1),
(3204, 32, 'Kab. Bandung', '2022-01-27 01:56:25', 1),
(3205, 32, 'Kab. Garut', '2022-01-27 01:56:25', 1),
(3206, 32, 'Kab. Tasikmalaya', '2022-01-27 01:56:25', 1),
(3207, 32, 'Kab. Ciamis', '2022-01-27 01:56:25', 1),
(3208, 32, 'Kab. Kuningan', '2022-01-27 01:56:25', 1),
(3209, 32, 'Kab. Cirebon', '2022-01-27 01:56:25', 1),
(3210, 32, 'Kab. Majalengka', '2022-01-27 01:56:25', 1),
(3211, 32, 'Kab. Sumedang', '2022-01-27 01:56:25', 1),
(3212, 32, 'Kab. Indramayu', '2022-01-27 01:56:25', 1),
(3213, 32, 'Kab. Subang', '2022-01-27 01:56:25', 1),
(3214, 32, 'Kab. Purwakarta', '2022-01-27 01:56:25', 1),
(3215, 32, 'Kab. Karawang', '2022-01-27 01:56:25', 1),
(3216, 32, 'Kab. Bekasi', '2022-01-27 01:56:25', 1),
(3217, 32, 'Kab. Bandung Barat', '2022-01-27 01:56:25', 1),
(3218, 32, 'Kab. Pangandaran', '2022-01-27 01:56:25', 1),
(3271, 32, 'Kota Bogor', '2022-01-27 01:56:25', 1),
(3272, 32, 'Kota Sukabumi', '2022-01-27 01:56:25', 1),
(3273, 32, 'Kota Bandung', '2022-01-27 01:56:25', 1),
(3274, 32, 'Kota Cirebon', '2022-01-27 01:56:25', 1),
(3275, 32, 'Kota Bekasi', '2022-01-27 01:56:25', 1),
(3276, 32, 'Kota Depok', '2022-01-27 01:56:25', 1),
(3277, 32, 'Kota Cimahi', '2022-01-27 01:56:25', 1),
(3278, 32, 'Kota Tasikmalaya', '2022-01-27 01:56:25', 1),
(3279, 32, 'Kota Banjar', '2022-01-27 01:56:25', 1),
(3301, 33, 'Kab. Cilacap', '2022-01-27 01:56:25', 1),
(3302, 33, 'Kab. Banyumas', '2022-01-27 01:56:25', 1),
(3303, 33, 'Kab. Purbalingga', '2022-01-27 01:56:25', 1),
(3304, 33, 'Kab. Banjarnegara', '2022-01-27 01:56:25', 1),
(3305, 33, 'Kab. Kebumen', '2022-01-27 01:56:25', 1),
(3306, 33, 'Kab. Purworejo', '2022-01-27 01:56:25', 1),
(3307, 33, 'Kab. Wonosobo', '2022-01-27 01:56:25', 1),
(3308, 33, 'Kab. Magelang', '2022-01-27 01:56:25', 1),
(3309, 33, 'Kab. Boyolali', '2022-01-27 01:56:25', 1),
(3310, 33, 'Kab. Klaten', '2022-01-27 01:56:25', 1),
(3311, 33, 'Kab. Sukoharjo', '2022-01-27 01:56:25', 1),
(3312, 33, 'Kab. Wonogiri', '2022-01-27 01:56:25', 1),
(3313, 33, 'Kab. Karanganyar', '2022-01-27 01:56:25', 1),
(3314, 33, 'Kab. Sragen', '2022-01-27 01:56:25', 1),
(3315, 33, 'Kab. Grobogan', '2022-01-27 01:56:25', 1),
(3316, 33, 'Kab. Blora', '2022-01-27 01:56:25', 1),
(3317, 33, 'Kab. Rembang', '2022-01-27 01:56:25', 1),
(3318, 33, 'Kab. Pati', '2022-01-27 01:56:25', 1),
(3319, 33, 'Kab. Kudus', '2022-01-27 01:56:25', 1),
(3320, 33, 'Kab. Jepara', '2022-01-27 01:56:25', 1),
(3321, 33, 'Kab. Demak', '2022-01-27 01:56:25', 1),
(3322, 33, 'Kab. Semarang', '2022-01-27 01:56:25', 1),
(3323, 33, 'Kab. Temanggung', '2022-01-27 01:56:25', 1),
(3324, 33, 'Kab. Kendal', '2022-01-27 01:56:25', 1),
(3325, 33, 'Kab. Batang', '2022-01-27 01:56:25', 1),
(3326, 33, 'Kab. Pekalongan', '2022-01-27 01:56:25', 1),
(3327, 33, 'Kab. Pemalang', '2022-01-27 01:56:25', 1),
(3328, 33, 'Kab. Tegal', '2022-01-27 01:56:25', 1),
(3329, 33, 'Kab. Brebes', '2022-01-27 01:56:25', 1),
(3371, 33, 'Kota Magelang', '2022-01-27 01:56:25', 1),
(3372, 33, 'Kota Surakarta', '2022-01-27 01:56:25', 1),
(3373, 33, 'Kota Salatiga', '2022-01-27 01:56:25', 1),
(3374, 33, 'Kota Semarang', '2022-01-27 01:56:25', 1),
(3375, 33, 'Kota Pekalongan', '2022-01-27 01:56:25', 1),
(3376, 33, 'Kota Tegal', '2022-01-27 01:56:25', 1),
(3401, 34, 'Kab. Kulon Progo', '2022-01-27 01:56:25', 1),
(3402, 34, 'Kab. Bantul', '2022-01-27 01:56:25', 1),
(3403, 34, 'Kab. Gunung Kidul', '2022-01-27 01:56:25', 1),
(3404, 34, 'Kab. Sleman', '2022-01-27 01:56:25', 1),
(3471, 34, 'Kota Yogyakarta', '2022-01-27 01:56:25', 1),
(3501, 35, 'Kab. Pacitan', '2022-01-27 01:56:25', 1),
(3502, 35, 'Kab. Ponorogo', '2022-01-27 01:56:25', 1),
(3503, 35, 'Kab. Trenggalek', '2022-01-27 01:56:25', 1),
(3504, 35, 'Kab. Tulungagung', '2022-01-27 01:56:25', 1),
(3505, 35, 'Kab. Blitar', '2022-01-27 01:56:25', 1),
(3506, 35, 'Kab. Kediri', '2022-01-27 01:56:25', 1),
(3507, 35, 'Kab. Malang', '2022-01-27 01:56:25', 1),
(3508, 35, 'Kab. Lumajang', '2022-01-27 01:56:25', 1),
(3509, 35, 'Kab. Jember', '2022-01-27 01:56:25', 1),
(3510, 35, 'Kab. Banyuwangi', '2022-01-27 01:56:25', 1),
(3511, 35, 'Kab. Bondowoso', '2022-01-27 01:56:25', 1),
(3512, 35, 'Kab. Situbondo', '2022-01-27 01:56:25', 1),
(3513, 35, 'Kab. Probolinggo', '2022-01-27 01:56:25', 1),
(3514, 35, 'Kab. Pasuruan', '2022-01-27 01:56:25', 1),
(3515, 35, 'Kab. Sidoarjo', '2022-01-27 01:56:25', 1),
(3516, 35, 'Kab. Mojokerto', '2022-01-27 01:56:25', 1),
(3517, 35, 'Kab. Jombang', '2022-01-27 01:56:25', 1),
(3518, 35, 'Kab. Nganjuk', '2022-01-27 01:56:25', 1),
(3519, 35, 'Kab. Madiun', '2022-01-27 01:56:25', 1),
(3520, 35, 'Kab. Magetan', '2022-01-27 01:56:25', 1),
(3521, 35, 'Kab. Ngawi', '2022-01-27 01:56:25', 1),
(3522, 35, 'Kab. Bojonegoro', '2022-01-27 01:56:25', 1),
(3523, 35, 'Kab. Tuban', '2022-01-27 01:56:25', 1),
(3524, 35, 'Kab. Lamongan', '2022-01-27 01:56:25', 1),
(3525, 35, 'Kab. Gresik', '2022-01-27 01:56:25', 1),
(3526, 35, 'Kab. Bangkalan', '2022-01-27 01:56:25', 1),
(3527, 35, 'Kab. Sampang', '2022-01-27 01:56:25', 1),
(3528, 35, 'Kab. Pamekasan', '2022-01-27 01:56:25', 1),
(3529, 35, 'Kab. Sumenep', '2022-01-27 01:56:25', 1),
(3571, 35, 'Kota Kediri', '2022-01-27 01:56:25', 1),
(3572, 35, 'Kota Blitar', '2022-01-27 01:56:25', 1),
(3573, 35, 'Kota Malang', '2022-01-27 01:56:25', 1),
(3574, 35, 'Kota Probolinggo', '2022-01-27 01:56:25', 1),
(3575, 35, 'Kota Pasuruan', '2022-01-27 01:56:25', 1),
(3576, 35, 'Kota Mojokerto', '2022-01-27 01:56:25', 1),
(3577, 35, 'Kota Madiun', '2022-01-27 01:56:25', 1),
(3578, 35, 'Kota Surabaya', '2022-01-27 01:56:25', 1),
(3579, 35, 'Kota Batu', '2022-01-27 01:56:25', 1),
(3601, 36, 'Kab. Pandeglang', '2022-01-27 01:56:25', 1),
(3602, 36, 'Kab. Lebak', '2022-01-27 01:56:25', 1),
(3603, 36, 'Kab. Tangerang', '2022-01-27 01:56:25', 1),
(3604, 36, 'Kab. Serang', '2022-01-27 01:56:25', 1),
(3671, 36, 'Kota Tangerang', '2022-01-27 01:56:25', 1),
(3672, 36, 'Kota Cilegon', '2022-01-27 01:56:25', 1),
(3673, 36, 'Kota Serang', '2022-01-27 01:56:25', 1),
(3674, 36, 'Kota Tangerang Selatan', '2022-01-27 01:56:25', 1),
(5101, 51, 'Kab. Jembrana', '2022-01-27 01:56:25', 1),
(5102, 51, 'Kab. Tabanan', '2022-01-27 01:56:25', 1),
(5103, 51, 'Kab. Badung', '2022-01-27 01:56:25', 1),
(5104, 51, 'Kab. Gianyar', '2022-01-27 01:56:25', 1),
(5105, 51, 'Kab. Klungkung', '2022-01-27 01:56:25', 1),
(5106, 51, 'Kab. Bangli', '2022-01-27 01:56:25', 1),
(5107, 51, 'Kab. Karang Asem', '2022-01-27 01:56:25', 1),
(5108, 51, 'Kab. Buleleng', '2022-01-27 01:56:25', 1),
(5171, 51, 'Kota Denpasar', '2022-01-27 01:56:25', 1),
(5201, 52, 'Kab. Lombok Barat', '2022-01-27 01:56:25', 1),
(5202, 52, 'Kab. Lombok Tengah', '2022-01-27 01:56:25', 1),
(5203, 52, 'Kab. Lombok Timur', '2022-01-27 01:56:25', 1),
(5204, 52, 'Kab. Sumbawa', '2022-01-27 01:56:25', 1),
(5205, 52, 'Kab. Dompu', '2022-01-27 01:56:25', 1),
(5206, 52, 'Kab. Bima', '2022-01-27 01:56:25', 1),
(5207, 52, 'Kab. Sumbawa Barat', '2022-01-27 01:56:25', 1),
(5208, 52, 'Kab. Lombok Utara', '2022-01-27 01:56:25', 1),
(5271, 52, 'Kota Mataram', '2022-01-27 01:56:25', 1),
(5272, 52, 'Kota Bima', '2022-01-27 01:56:25', 1),
(5301, 53, 'Kab. Sumba Barat', '2022-01-27 01:56:25', 1),
(5302, 53, 'Kab. Sumba Timur', '2022-01-27 01:56:25', 1),
(5303, 53, 'Kab. Kupang', '2022-01-27 01:56:25', 1),
(5304, 53, 'Kab. Timor Tengah Selatan', '2022-01-27 01:56:25', 1),
(5305, 53, 'Kab. Timor Tengah Utara', '2022-01-27 01:56:25', 1),
(5306, 53, 'Kab. Belu', '2022-01-27 01:56:25', 1),
(5307, 53, 'Kab. Alor', '2022-01-27 01:56:25', 1),
(5308, 53, 'Kab. Lembata', '2022-01-27 01:56:25', 1),
(5309, 53, 'Kab. Flores Timur', '2022-01-27 01:56:25', 1),
(5310, 53, 'Kab. Sikka', '2022-01-27 01:56:25', 1),
(5311, 53, 'Kab. Ende', '2022-01-27 01:56:25', 1),
(5312, 53, 'Kab. Ngada', '2022-01-27 01:56:25', 1),
(5313, 53, 'Kab. Manggarai', '2022-01-27 01:56:25', 1),
(5314, 53, 'Kab. Rote Ndao', '2022-01-27 01:56:25', 1),
(5315, 53, 'Kab. Manggarai Barat', '2022-01-27 01:56:25', 1),
(5316, 53, 'Kab. Sumba Tengah', '2022-01-27 01:56:25', 1),
(5317, 53, 'Kab. Sumba Barat Daya', '2022-01-27 01:56:25', 1),
(5318, 53, 'Kab. Nagekeo', '2022-01-27 01:56:25', 1),
(5319, 53, 'Kab. Manggarai Timur', '2022-01-27 01:56:25', 1),
(5320, 53, 'Kab. Sabu Raijua', '2022-01-27 01:56:25', 1),
(5371, 53, 'Kota Kupang', '2022-01-27 01:56:25', 1),
(6101, 61, 'Kab. Sambas', '2022-01-27 01:56:25', 1),
(6102, 61, 'Kab. Bengkayang', '2022-01-27 01:56:25', 1),
(6103, 61, 'Kab. Landak', '2022-01-27 01:56:25', 1),
(6104, 61, 'Kab. Pontianak', '2022-01-27 01:56:25', 1),
(6105, 61, 'Kab. Sanggau', '2022-01-27 01:56:25', 1),
(6106, 61, 'Kab. Ketapang', '2022-01-27 01:56:25', 1),
(6107, 61, 'Kab. Sintang', '2022-01-27 01:56:25', 1),
(6108, 61, 'Kab. Kapuas Hulu', '2022-01-27 01:56:25', 1),
(6109, 61, 'Kab. Sekadau', '2022-01-27 01:56:25', 1),
(6110, 61, 'Kab. Melawi', '2022-01-27 01:56:25', 1),
(6111, 61, 'Kab. Kayong Utara', '2022-01-27 01:56:25', 1),
(6112, 61, 'Kab. Kubu Raya', '2022-01-27 01:56:25', 1),
(6171, 61, 'Kota Pontianak', '2022-01-27 01:56:25', 1),
(6172, 61, 'Kota Singkawang', '2022-01-27 01:56:25', 1),
(6201, 62, 'Kab. Kotawaringin Barat', '2022-01-27 01:56:25', 1),
(6202, 62, 'Kab. Kotawaringin Timur', '2022-01-27 01:56:25', 1),
(6203, 62, 'Kab. Kapuas', '2022-01-27 01:56:25', 1),
(6204, 62, 'Kab. Barito Selatan', '2022-01-27 01:56:25', 1),
(6205, 62, 'Kab. Barito Utara', '2022-01-27 01:56:25', 1),
(6206, 62, 'Kab. Sukamara', '2022-01-27 01:56:25', 1),
(6207, 62, 'Kab. Lamandau', '2022-01-27 01:56:25', 1),
(6208, 62, 'Kab. Seruyan', '2022-01-27 01:56:25', 1),
(6209, 62, 'Kab. Katingan', '2022-01-27 01:56:25', 1),
(6210, 62, 'Kab. Pulang Pisau', '2022-01-27 01:56:25', 1),
(6211, 62, 'Kab. Gunung Mas', '2022-01-27 01:56:25', 1),
(6212, 62, 'Kab. Barito Timur', '2022-01-27 01:56:25', 1),
(6213, 62, 'Kab. Murung Raya', '2022-01-27 01:56:25', 1),
(6271, 62, 'Kota Palangka Raya', '2022-01-27 01:56:25', 1),
(6301, 63, 'Kab. Tanah Laut', '2022-01-27 01:56:25', 1),
(6302, 63, 'Kab. Kota Baru', '2022-01-27 01:56:25', 1),
(6303, 63, 'Kab. Banjar', '2022-01-27 01:56:25', 1),
(6304, 63, 'Kab. Barito Kuala', '2022-01-27 01:56:25', 1),
(6305, 63, 'Kab. Tapin', '2022-01-27 01:56:25', 1),
(6306, 63, 'Kab. Hulu Sungai Selatan', '2022-01-27 01:56:25', 1),
(6307, 63, 'Kab. Hulu Sungai Tengah', '2022-01-27 01:56:25', 1),
(6308, 63, 'Kab. Hulu Sungai Utara', '2022-01-27 01:56:25', 1),
(6309, 63, 'Kab. Tabalong', '2022-01-27 01:56:25', 1),
(6310, 63, 'Kab. Tanah Bumbu', '2022-01-27 01:56:25', 1),
(6311, 63, 'Kab. Balangan', '2022-01-27 01:56:25', 1),
(6371, 63, 'Kota Banjarmasin', '2022-01-27 01:56:25', 1),
(6372, 63, 'Kota Banjar Baru', '2022-01-27 01:56:25', 1),
(6401, 64, 'Kab. Paser', '2022-01-27 01:56:25', 1),
(6402, 64, 'Kab. Kutai Barat', '2022-01-27 01:56:25', 1),
(6403, 64, 'Kab. Kutai Kartanegara', '2022-01-27 01:56:25', 1),
(6404, 64, 'Kab. Kutai Timur', '2022-01-27 01:56:25', 1),
(6405, 64, 'Kab. Berau', '2022-01-27 01:56:25', 1),
(6409, 64, 'Kab. Penajam Paser Utara', '2022-01-27 01:56:25', 1),
(6471, 64, 'Kota Balikpapan', '2022-01-27 01:56:25', 1),
(6472, 64, 'Kota Samarinda', '2022-01-27 01:56:25', 1),
(6474, 64, 'Kota Bontang', '2022-01-27 01:56:25', 1),
(6501, 65, 'Kab. Malinau', '2022-01-27 01:56:25', 1),
(6502, 65, 'Kab. Bulungan', '2022-01-27 01:56:25', 1),
(6503, 65, 'Kab. Tana Tidung', '2022-01-27 01:56:25', 1),
(6504, 65, 'Kab. Nunukan', '2022-01-27 01:56:25', 1),
(6571, 65, 'Kota Tarakan', '2022-01-27 01:56:25', 1),
(7101, 71, 'Kab. Bolaang Mongondow', '2022-01-27 01:56:25', 1),
(7102, 71, 'Kab. Minahasa', '2022-01-27 01:56:25', 1),
(7103, 71, 'Kab. Kepulauan Sangihe', '2022-01-27 01:56:25', 1),
(7104, 71, 'Kab. Kepulauan Talaud', '2022-01-27 01:56:25', 1),
(7105, 71, 'Kab. Minahasa Selatan', '2022-01-27 01:56:25', 1),
(7106, 71, 'Kab. Minahasa Utara', '2022-01-27 01:56:25', 1),
(7107, 71, 'Kab. Bolaang Mongondow Utara', '2022-01-27 01:56:25', 1),
(7108, 71, 'Kab. Siau Tagulandang Biaro', '2022-01-27 01:56:25', 1),
(7109, 71, 'Kab. Minahasa Tenggara', '2022-01-27 01:56:25', 1),
(7110, 71, 'Kab. Bolaang Mongondow Selatan', '2022-01-27 01:56:25', 1),
(7111, 71, 'Kab. Bolaang Mongondow Timur', '2022-01-27 01:56:25', 1),
(7171, 71, 'Kota Manado', '2022-01-27 01:56:25', 1),
(7172, 71, 'Kota Bitung', '2022-01-27 01:56:25', 1),
(7173, 71, 'Kota Tomohon', '2022-01-27 01:56:25', 1),
(7174, 71, 'Kota Kotamobagu', '2022-01-27 01:56:25', 1),
(7201, 72, 'Kab. Banggai Kepulauan', '2022-01-27 01:56:25', 1),
(7202, 72, 'Kab. Banggai', '2022-01-27 01:56:25', 1),
(7203, 72, 'Kab. Morowali', '2022-01-27 01:56:25', 1),
(7204, 72, 'Kab. Poso', '2022-01-27 01:56:25', 1),
(7205, 72, 'Kab. Donggala', '2022-01-27 01:56:25', 1),
(7206, 72, 'Kab. Toli-toli', '2022-01-27 01:56:25', 1),
(7207, 72, 'Kab. Buol', '2022-01-27 01:56:25', 1),
(7208, 72, 'Kab. Parigi Moutong', '2022-01-27 01:56:25', 1),
(7209, 72, 'Kab. Tojo Una-una', '2022-01-27 01:56:25', 1),
(7210, 72, 'Kab. Sigi', '2022-01-27 01:56:25', 1),
(7271, 72, 'Kota Palu', '2022-01-27 01:56:25', 1),
(7301, 73, 'Kab. Kepulauan Selayar', '2022-01-27 01:56:25', 1),
(7302, 73, 'Kab. Bulukumba', '2022-01-27 01:56:25', 1),
(7303, 73, 'Kab. Bantaeng', '2022-01-27 01:56:25', 1),
(7304, 73, 'Kab. Jeneponto', '2022-01-27 01:56:25', 1),
(7305, 73, 'Kab. Takalar', '2022-01-27 01:56:25', 1),
(7306, 73, 'Kab. Gowa', '2022-01-27 01:56:25', 1),
(7307, 73, 'Kab. Sinjai', '2022-01-27 01:56:25', 1),
(7308, 73, 'Kab. Maros', '2022-01-27 01:56:25', 1),
(7309, 73, 'Kab. Pangkajene Dan Kepulauan', '2022-01-27 01:56:25', 1),
(7310, 73, 'Kab. Barru', '2022-01-27 01:56:25', 1),
(7311, 73, 'Kab. Bone', '2022-01-27 01:56:25', 1),
(7312, 73, 'Kab. Soppeng', '2022-01-27 01:56:25', 1),
(7313, 73, 'Kab. Wajo', '2022-01-27 01:56:25', 1),
(7314, 73, 'Kab. Sidenreng Rappang', '2022-01-27 01:56:25', 1),
(7315, 73, 'Kab. Pinrang', '2022-01-27 01:56:25', 1),
(7316, 73, 'Kab. Enrekang', '2022-01-27 01:56:25', 1),
(7317, 73, 'Kab. Luwu', '2022-01-27 01:56:25', 1),
(7318, 73, 'Kab. Tana Toraja', '2022-01-27 01:56:25', 1),
(7322, 73, 'Kab. Luwu Utara', '2022-01-27 01:56:25', 1),
(7325, 73, 'Kab. Luwu Timur', '2022-01-27 01:56:25', 1),
(7326, 73, 'Kab. Toraja Utara', '2022-01-27 01:56:25', 1),
(7371, 73, 'Kota Makassar', '2022-01-27 01:56:25', 1),
(7372, 73, 'Kota Parepare', '2022-01-27 01:56:25', 1),
(7373, 73, 'Kota Palopo', '2022-01-27 01:56:25', 1),
(7401, 74, 'Kab. Buton', '2022-01-27 01:56:25', 1),
(7402, 74, 'Kab. Muna', '2022-01-27 01:56:25', 1),
(7403, 74, 'Kab. Konawe', '2022-01-27 01:56:25', 1),
(7404, 74, 'Kab. Kolaka', '2022-01-27 01:56:25', 1),
(7405, 74, 'Kab. Konawe Selatan', '2022-01-27 01:56:25', 1),
(7406, 74, 'Kab. Bombana', '2022-01-27 01:56:25', 1),
(7407, 74, 'Kab. Wakatobi', '2022-01-27 01:56:25', 1),
(7408, 74, 'Kab. Kolaka Utara', '2022-01-27 01:56:25', 1),
(7409, 74, 'Kab. Buton Utara', '2022-01-27 01:56:25', 1),
(7410, 74, 'Kab. Konawe Utara', '2022-01-27 01:56:25', 1),
(7471, 74, 'Kota Kendari', '2022-01-27 01:56:25', 1),
(7472, 74, 'Kota Baubau', '2022-01-27 01:56:25', 1),
(7501, 75, 'Kab. Boalemo', '2022-01-27 01:56:25', 1),
(7502, 75, 'Kab. Gorontalo', '2022-01-27 01:56:25', 1),
(7503, 75, 'Kab. Pohuwato', '2022-01-27 01:56:25', 1),
(7504, 75, 'Kab. Bone Bolango', '2022-01-27 01:56:25', 1),
(7505, 75, 'Kab. Gorontalo Utara', '2022-01-27 01:56:25', 1),
(7571, 75, 'Kota Gorontalo', '2022-01-27 01:56:25', 1),
(7601, 76, 'Kab. Majene', '2022-01-27 01:56:25', 1),
(7602, 76, 'Kab. Polewali Mandar', '2022-01-27 01:56:25', 1),
(7603, 76, 'Kab. Mamasa', '2022-01-27 01:56:25', 1),
(7604, 76, 'Kab. Mamuju', '2022-01-27 01:56:25', 1),
(7605, 76, 'Kab. Mamuju Utara', '2022-01-27 01:56:25', 1),
(8101, 81, 'Kab. Maluku Tenggara Barat', '2022-01-27 01:56:25', 1),
(8102, 81, 'Kab. Maluku Tenggara', '2022-01-27 01:56:25', 1),
(8103, 81, 'Kab. Maluku Tengah', '2022-01-27 01:56:25', 1),
(8104, 81, 'Kab. Buru', '2022-01-27 01:56:25', 1),
(8105, 81, 'Kab. Kepulauan Aru', '2022-01-27 01:56:25', 1),
(8106, 81, 'Kab. Seram Bagian Barat', '2022-01-27 01:56:25', 1),
(8107, 81, 'Kab. Seram Bagian Timur', '2022-01-27 01:56:25', 1),
(8108, 81, 'Kab. Maluku Barat Daya', '2022-01-27 01:56:25', 1),
(8109, 81, 'Kab. Buru Selatan', '2022-01-27 01:56:25', 1),
(8171, 81, 'Kota Ambon', '2022-01-27 01:56:25', 1),
(8172, 81, 'Kota Tual', '2022-01-27 01:56:25', 1),
(8201, 82, 'Kab. Halmahera Barat', '2022-01-27 01:56:25', 1),
(8202, 82, 'Kab. Halmahera Tengah', '2022-01-27 01:56:25', 1),
(8203, 82, 'Kab. Kepulauan Sula', '2022-01-27 01:56:25', 1),
(8204, 82, 'Kab. Halmahera Selatan', '2022-01-27 01:56:25', 1),
(8205, 82, 'Kab. Halmahera Utara', '2022-01-27 01:56:25', 1),
(8206, 82, 'Kab. Halmahera Timur', '2022-01-27 01:56:25', 1),
(8207, 82, 'Kab. Pulau Morotai', '2022-01-27 01:56:25', 1),
(8271, 82, 'Kota Ternate', '2022-01-27 01:56:25', 1),
(8272, 82, 'Kota Tidore Kepulauan', '2022-01-27 01:56:25', 1),
(9101, 91, 'Kab. Fakfak', '2022-01-27 01:56:25', 1),
(9102, 91, 'Kab. Kaimana', '2022-01-27 01:56:25', 1),
(9103, 91, 'Kab. Teluk Wondama', '2022-01-27 01:56:25', 1),
(9104, 91, 'Kab. Teluk Bintuni', '2022-01-27 01:56:25', 1),
(9105, 91, 'Kab. Manokwari', '2022-01-27 01:56:25', 1),
(9106, 91, 'Kab. Sorong Selatan', '2022-01-27 01:56:25', 1),
(9107, 91, 'Kab. Sorong', '2022-01-27 01:56:25', 1),
(9108, 91, 'Kab. Raja Ampat', '2022-01-27 01:56:25', 1),
(9109, 91, 'Kab. Tambrauw', '2022-01-27 01:56:25', 1),
(9110, 91, 'Kab. Maybrat', '2022-01-27 01:56:25', 1),
(9171, 91, 'Kota Sorong', '2022-01-27 01:56:25', 1),
(9401, 94, 'Kab. Merauke', '2022-01-27 01:56:25', 1),
(9402, 94, 'Kab. Jayawijaya', '2022-01-27 01:56:25', 1),
(9403, 94, 'Kab. Jayapura', '2022-01-27 01:56:25', 1),
(9404, 94, 'Kab. Nabire', '2022-01-27 01:56:25', 1),
(9408, 94, 'Kab. Kepulauan Yapen', '2022-01-27 01:56:25', 1),
(9409, 94, 'Kab. Biak Numfor', '2022-01-27 01:56:25', 1),
(9410, 94, 'Kab. Paniai', '2022-01-27 01:56:25', 1),
(9411, 94, 'Kab. Puncak Jaya', '2022-01-27 01:56:25', 1),
(9412, 94, 'Kab. Mimika', '2022-01-27 01:56:25', 1),
(9413, 94, 'Kab. Boven Digoel', '2022-01-27 01:56:25', 1),
(9414, 94, 'Kab. Mappi', '2022-01-27 01:56:25', 1),
(9415, 94, 'Kab. Asmat', '2022-01-27 01:56:25', 1),
(9416, 94, 'Kab. Yahukimo', '2022-01-27 01:56:25', 1),
(9417, 94, 'Kab. Pegunungan Bintang', '2022-01-27 01:56:25', 1),
(9418, 94, 'Kab. Tolikara', '2022-01-27 01:56:25', 1),
(9419, 94, 'Kab. Sarmi', '2022-01-27 01:56:25', 1),
(9420, 94, 'Kab. Keerom', '2022-01-27 01:56:25', 1),
(9426, 94, 'Kab. Waropen', '2022-01-27 01:56:25', 1),
(9427, 94, 'Kab. Supiori', '2022-01-27 01:56:25', 1),
(9428, 94, 'Kab. Mamberamo Raya', '2022-01-27 01:56:25', 1),
(9429, 94, 'Kab. Nduga', '2022-01-27 01:56:25', 1),
(9430, 94, 'Kab. Lanny Jaya', '2022-01-27 01:56:25', 1),
(9431, 94, 'Kab. Mamberamo Tengah', '2022-01-27 01:56:25', 1),
(9432, 94, 'Kab. Yalimo', '2022-01-27 01:56:25', 1),
(9433, 94, 'Kab. Puncak', '2022-01-27 01:56:25', 1),
(9434, 94, 'Kab. Dogiyai', '2022-01-27 01:56:25', 1),
(9435, 94, 'Kab. Intan Jaya', '2022-01-27 01:56:25', 1),
(9436, 94, 'Kab. Deiyai', '2022-01-27 01:56:25', 1),
(9471, 94, 'Kota Jayapura', '2022-01-27 01:56:25', 1),
(9500, 81, 'Kab. Tanimbar Selatan', '2022-01-27 01:56:25', 1);

-- --------------------------------------------------------

--
-- Struktur dari tabel `mst_lokasi`
--

CREATE TABLE `mst_lokasi` (
  `id` int(6) NOT NULL,
  `lokasi` varchar(50) NOT NULL,
  `created_date` timestamp NOT NULL DEFAULT current_timestamp(),
  `is_active` int(1) NOT NULL,
  `tab_name` varchar(50) NOT NULL,
  `tab_first` int(1) NOT NULL,
  `on_dashboard` tinyint(1) NOT NULL COMMENT '1 (tampilkan sbg rating)',
  `uid` int(3) NOT NULL,
  `created_by` int(4) NOT NULL
) ENGINE=InnoDB DEFAULT CHARSET=utf8mb4;

--
-- Dumping data untuk tabel `mst_lokasi`
--

INSERT INTO `mst_lokasi` (`id`, `lokasi`, `created_date`, `is_active`, `tab_name`, `tab_first`, `on_dashboard`, `uid`, `created_by`) VALUES
(1, 'ON CAMPUS', '2022-02-01 09:02:52', 1, '#tab1', 1, 1, 1, 1),
(2, 'LOKASI PKL/PRALA/OJT', '2022-02-01 09:03:17', 1, '#tab2', 0, 1, 1, 1),
(3, 'LOKASI PJJ', '2022-02-01 09:03:34', 1, '#tab3', 0, 1, 1, 1),
(4, 'ON OFFICE', '2022-02-06 04:37:32', 1, '#tab4', 0, 0, 1, 1);

-- --------------------------------------------------------

--
-- Struktur dari tabel `mst_pegawai_type`
--

CREATE TABLE `mst_pegawai_type` (
  `id` int(3) NOT NULL,
  `tipe` varchar(25) NOT NULL,
  `status` int(1) NOT NULL COMMENT '1(aktif) - 0 (tidak aktif)',
  `created_date` timestamp NOT NULL DEFAULT current_timestamp() ON UPDATE current_timestamp()
) ENGINE=InnoDB DEFAULT CHARSET=utf8mb4;

--
-- Dumping data untuk tabel `mst_pegawai_type`
--

INSERT INTO `mst_pegawai_type` (`id`, `tipe`, `status`, `created_date`) VALUES
(1, 'PNS', 1, '2022-02-08 01:43:58'),
(2, 'PPNPN', 1, '2022-02-08 01:43:58');

-- --------------------------------------------------------

--
-- Struktur dari tabel `mst_propinsi`
--

CREATE TABLE `mst_propinsi` (
  `id` int(4) NOT NULL,
  `propinsi` varchar(100) NOT NULL,
  `is_active` tinyint(1) NOT NULL DEFAULT 1,
  `created_date` timestamp(4) NOT NULL DEFAULT current_timestamp(4) ON UPDATE current_timestamp(4),
  `uid` int(5) NOT NULL DEFAULT 1
) ENGINE=InnoDB DEFAULT CHARSET=utf8mb4;

--
-- Dumping data untuk tabel `mst_propinsi`
--

INSERT INTO `mst_propinsi` (`id`, `propinsi`, `is_active`, `created_date`, `uid`) VALUES
(11, 'Aceh', 1, '2022-01-27 01:47:40.0000', 1),
(12, 'Sumatera Utara', 1, '2022-01-27 01:47:40.0000', 1),
(13, 'Sumatera Barat', 1, '2022-01-27 01:47:40.0000', 1),
(14, 'Riau', 1, '2022-01-27 01:47:40.0000', 1),
(15, 'Jambi', 1, '2022-01-27 01:47:40.0000', 1),
(16, 'Sumatera Selatan', 1, '2022-01-27 01:47:40.0000', 1),
(17, 'Bengkulu', 1, '2022-01-27 01:47:40.0000', 1),
(18, 'Lampung', 1, '2022-01-27 01:47:40.0000', 1),
(19, 'Kepulauan Bangka Belitung', 1, '2022-01-27 01:47:40.0000', 1),
(21, 'Kepulauan Riau', 1, '2022-01-27 01:47:40.0000', 1),
(31, 'Dki Jakarta', 1, '2022-01-27 01:47:48.0000', 1),
(32, 'Jawa Barat', 1, '2022-01-27 01:47:48.0000', 1),
(33, 'Jawa Tengah', 1, '2022-01-27 01:47:48.0000', 1),
(34, 'Di Yogyakarta', 1, '2022-01-27 01:47:48.0000', 1),
(35, 'Jawa Timur', 1, '2022-01-27 01:47:48.0000', 1),
(36, 'Banten', 1, '2022-01-27 01:47:48.0000', 1),
(51, 'Bali', 1, '2022-01-27 01:47:48.0000', 1),
(52, 'Nusa Tenggara Barat', 1, '2022-01-27 01:47:48.0000', 1),
(53, 'Nusa Tenggara Timur', 1, '2022-01-27 01:47:48.0000', 1),
(61, 'Kalimantan Barat', 1, '2022-01-27 01:47:48.0000', 1),
(62, 'Kalimantan Tengah', 1, '2022-01-27 01:47:55.0000', 1),
(63, 'Kalimantan Selatan', 1, '2022-01-27 01:47:55.0000', 1),
(64, 'Kalimantan Timur', 1, '2022-01-27 01:47:55.0000', 1),
(65, 'Kalimantan Utara', 1, '2022-01-27 01:47:55.0000', 1),
(71, 'Sulawesi Utara', 1, '2022-01-27 01:47:55.0000', 1),
(72, 'Sulawesi Tengah', 1, '2022-01-27 01:47:55.0000', 1),
(73, 'Sulawesi Selatan', 1, '2022-01-27 01:47:55.0000', 1),
(74, 'Sulawesi Tenggara', 1, '2022-01-27 01:47:55.0000', 1),
(75, 'Gorontalo', 1, '2022-01-27 01:47:55.0000', 1),
(76, 'Sulawesi Barat', 1, '2022-01-27 01:47:55.0000', 1),
(81, 'Maluku', 1, '2022-01-27 01:48:02.0000', 1),
(82, 'Maluku Utara', 1, '2022-01-27 01:48:02.0000', 1),
(91, 'Papua Barat', 1, '2022-01-27 01:48:02.0000', 1),
(94, 'Papua', 1, '2022-01-27 01:48:02.0000', 1),
(95, 'aa', 1, '2022-01-30 11:01:32.3780', 1);

-- --------------------------------------------------------

--
-- Struktur dari tabel `tb_groups`
--

CREATE TABLE `tb_groups` (
  `id` mediumint(8) UNSIGNED NOT NULL,
  `name` varchar(20) NOT NULL,
  `description` varchar(100) NOT NULL
) ENGINE=InnoDB DEFAULT CHARSET=utf8;

--
-- Dumping data untuk tabel `tb_groups`
--

INSERT INTO `tb_groups` (`id`, `name`, `description`) VALUES
(1, 'admin', 'Administrator'),
(2, 'members', 'General User');

-- --------------------------------------------------------

--
-- Struktur dari tabel `tb_harga`
--

CREATE TABLE `tb_harga` (
  `id_harga` int(30) NOT NULL,
  `harga` decimal(7,0) DEFAULT NULL,
  `uid` int(5) DEFAULT NULL
) ENGINE=InnoDB DEFAULT CHARSET=latin1;

--
-- Dumping data untuk tabel `tb_harga`
--

INSERT INTO `tb_harga` (`id_harga`, `harga`, `uid`) VALUES
(1, '11000', 7),
(2, '6000', 7),
(3, '300000', 7),
(4, '30000', 1),
(5, '11000', 1),
(6, '51000', 1),
(7, '6000', 1),
(8, '21000', 9),
(9, '7000', 7),
(10, '6000', 9),
(11, '11000', 9),
(12, '6000', 10),
(13, '11000', 10),
(14, '1000000', 1);

-- --------------------------------------------------------

--
-- Struktur dari tabel `tb_login_attempts`
--

CREATE TABLE `tb_login_attempts` (
  `id` int(11) UNSIGNED NOT NULL,
  `ip_address` varchar(15) NOT NULL,
  `login` varchar(100) NOT NULL,
  `time` int(11) UNSIGNED DEFAULT NULL
) ENGINE=InnoDB DEFAULT CHARSET=utf8;

--
-- Dumping data untuk tabel `tb_login_attempts`
--

INSERT INTO `tb_login_attempts` (`id`, `ip_address`, `login`, `time`) VALUES
(54, '103.177.176.64', 'putriyulitasari07@gmail.com', 1654156413),
(55, '103.177.176.64', 'putriyulitasari07@gmail.com', 1654156547),
(56, '103.177.176.64', 'putriyulitasari07@gmail.com', 1654156570),
(57, '119.10.179.243', 'Tabah123', 1654156640),
(58, '119.10.179.243', 'Tabah123', 1654156657),
(59, '119.10.179.243', 'Tabah123', 1654156672),
(60, '119.10.179.243', 'Pahotan', 1654156790),
(61, '119.10.179.241', 'muspinbpsdmp@gmail.com', 1654156873),
(62, '119.10.179.241', 'muspinbpsdmp@gmail.com', 1654156958),
(63, '114.4.78.243', 'kliniksamuderap2b@gmail.com', 1654217910),
(64, '114.4.78.243', 'kliniksamuderap2b@gmail.com', 1654217958),
(65, '124.158.168.217', 'riyasih@bp2ip-stng.sch.id', 1654218150),
(66, '124.158.168.217', 'kliniksamuderap2b@gmail.com', 1654218354);

-- --------------------------------------------------------

--
-- Struktur dari tabel `tb_lokasi_akses`
--

CREATE TABLE `tb_lokasi_akses` (
  `id` int(11) NOT NULL,
  `id_lokasi` int(11) NOT NULL,
  `id_instansi_type` int(11) NOT NULL
) ENGINE=InnoDB DEFAULT CHARSET=utf8mb4;

--
-- Dumping data untuk tabel `tb_lokasi_akses`
--

INSERT INTO `tb_lokasi_akses` (`id`, `id_lokasi`, `id_instansi_type`) VALUES
(1, 1, 1),
(2, 2, 1),
(3, 3, 1),
(6, 4, 2),
(7, 4, 1);

-- --------------------------------------------------------

--
-- Struktur dari tabel `tb_menu`
--

CREATE TABLE `tb_menu` (
  `id_menu` int(11) NOT NULL,
  `nama_menu` varchar(50) NOT NULL,
  `icon` varchar(40) NOT NULL,
  `link` varchar(30) NOT NULL,
  `parent` int(11) NOT NULL,
  `role` enum('Administrator','Admin') DEFAULT 'Admin',
  `aktif` enum('Y','N') NOT NULL
) ENGINE=InnoDB DEFAULT CHARSET=latin1;

--
-- Dumping data untuk tabel `tb_menu`
--

INSERT INTO `tb_menu` (`id_menu`, `nama_menu`, `icon`, `link`, `parent`, `role`, `aktif`) VALUES
(1, 'Dashboard', 'fa fa-dashboard', 'dashboard', 0, 'Admin', 'Y'),
(2, 'Master', 'fa fa-suitcase', '#', 0, 'Administrator', 'Y'),
(12, 'Reporting', 'fa fa-th-list', '#', 0, 'Admin', 'Y'),
(13, 'Tambah Absensi', 'fa fa-shopping-cart text-aqua', 'transaksi/create', 12, 'Administrator', 'Y'),
(22, 'Seting', 'fa fa-gears', '#', 0, 'Administrator', 'Y'),
(23, 'Menu seting', 'fa  fa-bars text-aqua', 'menu', 22, 'Administrator', 'Y'),
(24, 'User Seting', 'fa fa-users text-aqua', 'auth/member', 22, 'Administrator', 'Y'),
(26, 'Group Member', 'fa  fa-bars text-aqua', 'groups', 22, 'Admin', 'Y'),
(28, 'Instansi', 'fa fa-user text-aqua', 'kampus', 2, 'Administrator', 'Y'),
(29, 'Propinsi', 'fa fa-user text-aqua', 'propinsi', 2, 'Administrator', 'Y'),
(30, 'Kota/Kabupaten', 'fa fa-user text-aqua', 'kota', 2, 'Administrator', 'Y'),
(31, 'Daftar Absensi Taruna(i)', 'fa fa-th-list', 'transaksi', 12, 'Admin', 'Y'),
(32, 'Menu Akses', 'fa fa-bars', 'akses', 22, 'Administrator', 'Y'),
(34, 'Lokasi Kegiatan', 'fa fa-bars text-aqua', 'lokasi', 2, 'Admin', 'Y'),
(35, 'Akses Instansi', 'fa fa-th-list', 'aksesinstansi', 22, 'Admin', 'Y'),
(36, 'Akses Lokasi', 'fa fa-th-list', 'akseslokasi', 22, 'Admin', 'Y'),
(37, 'Absensi Pegawai', 'fa fa-th-list', 'pegawai', 12, 'Admin', 'Y'),
(38, 'Daftar Absensi Pegawai', 'fa fa-shopping-cart text-aqua', 'pegawai', 12, 'Admin', 'Y');

-- --------------------------------------------------------

--
-- Struktur dari tabel `tb_menu_akses`
--

CREATE TABLE `tb_menu_akses` (
  `id` int(11) NOT NULL,
  `id_menu` int(11) NOT NULL,
  `user_type` enum('Administrator','Admin') NOT NULL
) ENGINE=InnoDB DEFAULT CHARSET=utf8mb4;

--
-- Dumping data untuk tabel `tb_menu_akses`
--

INSERT INTO `tb_menu_akses` (`id`, `id_menu`, `user_type`) VALUES
(1, 1, 'Administrator'),
(2, 2, 'Administrator'),
(3, 28, 'Administrator'),
(4, 29, 'Administrator'),
(5, 30, 'Administrator'),
(6, 12, 'Administrator'),
(7, 31, 'Administrator'),
(8, 22, 'Administrator'),
(9, 23, 'Administrator'),
(10, 24, 'Administrator'),
(11, 26, 'Administrator'),
(12, 32, 'Administrator'),
(13, 1, 'Admin'),
(14, 12, 'Admin'),
(15, 13, 'Admin'),
(16, 31, 'Admin'),
(17, 33, 'Administrator'),
(18, 34, 'Administrator'),
(19, 35, 'Administrator'),
(20, 36, 'Administrator'),
(21, 38, 'Administrator'),
(22, 37, 'Admin'),
(23, 38, 'Admin');

-- --------------------------------------------------------

--
-- Struktur dari tabel `tb_nominal`
--

CREATE TABLE `tb_nominal` (
  `id_nominal` int(30) NOT NULL,
  `nominal` varchar(12) DEFAULT NULL,
  `uid` int(5) DEFAULT NULL
) ENGINE=InnoDB DEFAULT CHARSET=latin1;

--
-- Dumping data untuk tabel `tb_nominal`
--

INSERT INTO `tb_nominal` (`id_nominal`, `nominal`, `uid`) VALUES
(1, '2 Ribu', 1),
(2, '5 Ribu', 1),
(3, '20 Ribu', 1),
(4, '10 Ribu', 1),
(5, '10 ribu', 7),
(6, '10 ribu', 9),
(7, '6 ribu', 9),
(8, '5 ribu', 9),
(9, '10 ribu', 10),
(10, '5 ribu', 10);

-- --------------------------------------------------------

--
-- Struktur dari tabel `tb_pelanggan`
--

CREATE TABLE `tb_pelanggan` (
  `id_pelanggan` int(50) NOT NULL,
  `nama_pelanggan` varchar(50) DEFAULT NULL,
  `alamat` varchar(100) DEFAULT NULL,
  `no_telpn` varchar(15) DEFAULT NULL,
  `uid` int(50) DEFAULT NULL
) ENGINE=InnoDB DEFAULT CHARSET=latin1;

--
-- Dumping data untuk tabel `tb_pelanggan`
--

INSERT INTO `tb_pelanggan` (`id_pelanggan`, `nama_pelanggan`, `alamat`, `no_telpn`, `uid`) VALUES
(2, 'Leny Yuliani', 'Pekajangan Buaran', '0898989', 7),
(3, 'Arif Rahman', 'Buaran Pekalongan', '08989780989', 7),
(4, 'Danang', 'Wiradesa', '0867676767', 1),
(5, 'Agga', 'Bligo', '089787878', 1),
(6, 'Inva', 'Bojong', '08989786', 7),
(7, 'ely', 'pekalongan', '089898', 9),
(8, 'andre', 'pekalongan', '0898978678', 10);

-- --------------------------------------------------------

--
-- Struktur dari tabel `tb_transaksi`
--

CREATE TABLE `tb_transaksi` (
  `id_transaksi` int(50) NOT NULL,
  `kode_transaksi` varchar(15) DEFAULT NULL,
  `no_telp` varchar(15) DEFAULT NULL,
  `id_pelanggan` int(11) DEFAULT NULL,
  `id_nominal` int(30) DEFAULT NULL,
  `id_harga` int(30) DEFAULT NULL,
  `status` enum('LUNAS','HUTANG') DEFAULT NULL,
  `tgl_transaksi` datetime DEFAULT NULL,
  `tgl_tempo` datetime NOT NULL,
  `tgl_bayar` datetime DEFAULT NULL,
  `uid` int(30) DEFAULT NULL
) ENGINE=InnoDB DEFAULT CHARSET=latin1;

--
-- Dumping data untuk tabel `tb_transaksi`
--

INSERT INTO `tb_transaksi` (`id_transaksi`, `kode_transaksi`, `no_telp`, `id_pelanggan`, `id_nominal`, `id_harga`, `status`, `tgl_transaksi`, `tgl_tempo`, `tgl_bayar`, `uid`) VALUES
(1, '71605001', '8967677', 2, 5, 1, 'LUNAS', '2016-05-16 11:46:38', '0000-00-00 00:00:00', '2016-05-16 11:46:38', 7),
(2, '71605002', '2147483647', 6, 5, 1, 'HUTANG', '2016-05-23 11:05:00', '0000-00-00 00:00:00', '0000-00-00 00:00:00', 7),
(3, '91605001', '0', 7, 6, 11, 'LUNAS', '2016-05-16 11:48:59', '0000-00-00 00:00:00', '2016-05-16 11:48:59', 9),
(4, '91605002', '8989', 7, 7, 8, 'HUTANG', '2016-05-16 11:49:12', '0000-00-00 00:00:00', '0000-00-00 00:00:00', 9),
(5, '101605001', '2147483647', 8, 9, 13, 'LUNAS', '2016-05-16 11:51:33', '0000-00-00 00:00:00', '2016-05-16 11:51:33', 10),
(6, '101605501', '2147483647', 8, 9, 13, 'HUTANG', '2016-05-16 11:51:51', '0000-00-00 00:00:00', '0000-00-00 00:00:00', 10),
(7, '101605551', '808978678', 8, 10, 12, 'LUNAS', '2016-05-16 11:53:04', '0000-00-00 00:00:00', '2016-05-16 11:53:04', 10),
(8, '11605001', '2147483647', 4, 2, 7, 'LUNAS', '2016-05-16 12:30:28', '0000-00-00 00:00:00', '2016-05-16 12:30:28', 1),
(9, '11605002', '89786786', 5, 4, 5, 'HUTANG', '2016-05-16 12:30:47', '0000-00-00 00:00:00', '0000-00-00 00:00:00', 1),
(10, '11605003', '2147483647', 4, 2, 7, 'LUNAS', '2016-05-21 08:46:18', '0000-00-00 00:00:00', '2016-05-21 08:46:18', 1),
(11, '11605004', '2147483647', 1, 2, 7, 'LUNAS', '2016-05-25 09:01:32', '0000-00-00 00:00:00', '2016-05-25 09:01:32', 1),
(12, '11605005', '6850898989787', 4, 4, 5, 'HUTANG', '2016-05-25 09:45:10', '0000-00-00 00:00:00', '0000-00-00 00:00:00', 1),
(13, '11605006', '6850898989', 5, 4, 5, 'LUNAS', '2016-05-25 10:01:28', '0000-00-00 00:00:00', '2016-05-25 10:01:28', 1),
(14, '11605007', '0950898989787', 4, 2, 7, 'LUNAS', '2016-05-25 10:16:48', '0000-00-00 00:00:00', '2016-05-25 10:16:48', 1),
(15, '11605008', '+6850898989787', 4, 3, 5, 'LUNAS', '2016-05-25 10:19:08', '0000-00-00 00:00:00', '2016-05-25 10:19:08', 1);

-- --------------------------------------------------------

--
-- Struktur dari tabel `tb_users`
--

CREATE TABLE `tb_users` (
  `id` int(11) UNSIGNED NOT NULL,
  `ip_address` varchar(45) NOT NULL,
  `username` varchar(100) DEFAULT NULL,
  `password` varchar(255) NOT NULL,
  `salt` varchar(255) DEFAULT NULL,
  `email` varchar(100) NOT NULL,
  `activation_code` varchar(40) DEFAULT NULL,
  `forgotten_password_code` varchar(40) DEFAULT NULL,
  `forgotten_password_time` int(11) UNSIGNED DEFAULT NULL,
  `remember_code` varchar(40) DEFAULT NULL,
  `created_on` datetime NOT NULL,
  `last_login` datetime DEFAULT NULL,
  `active` tinyint(1) UNSIGNED DEFAULT NULL,
  `first_name` varchar(50) DEFAULT NULL,
  `last_name` varchar(50) DEFAULT NULL,
  `company` varchar(100) DEFAULT NULL,
  `phone` varchar(20) DEFAULT NULL,
  `id_kampus` int(5) NOT NULL
) ENGINE=InnoDB DEFAULT CHARSET=utf8;

--
-- Dumping data untuk tabel `tb_users`
--

INSERT INTO `tb_users` (`id`, `ip_address`, `username`, `password`, `salt`, `email`, `activation_code`, `forgotten_password_code`, `forgotten_password_time`, `remember_code`, `created_on`, `last_login`, `active`, `first_name`, `last_name`, `company`, `phone`, `id_kampus`) VALUES
(1, '127.0.0.1', 'administrator', '$2y$08$Kpso52jO/ld.bHeDSE5hPO2x9qsIdnVhEVlgFqrZ3c8TIq6zuNLze', '', 'admin@admin.com', '86ed629d0fc67b65fa78a1f7b776dd9c56032abb', 'Uu3mrspYPqwCbnbwRvaLSe64cd5db2c401e3edbf', 1643350578, '0CmzlG/ZDvSXAHkTIxqMoO', '0000-00-00 00:00:00', '2022-06-03 13:09:59', 1, 'Administrator', 'utama', 'ADMIN', '0', 0),
(21, '180.244.165.92', 'Tabah123', '$2y$08$TVGDIhSNeCJGkNA7vtjvxuqUOtboyLZ.vv.IyK6o1Y5nA8apCyCba', NULL, 'tabah.kemenhub@gmail.com', NULL, NULL, NULL, NULL, '2022-02-11 10:28:04', '2022-06-03 10:16:22', 1, 'Tabah', 'Bekarita', 'PIC KAMPUS', NULL, 2),
(22, '180.244.165.92', 'Aini123', '$2y$08$Qf5p1kMYPtUnBKMxz0O.ouJ7ZKXBCywDuu5jlaMt5pRL7n20.FupS', NULL, 'agiz1208@gmail.com', NULL, NULL, NULL, NULL, '2022-02-11 10:28:57', '2022-06-02 14:00:22', 1, 'Agistinisa', 'Aini', 'PIC KAMPUS', NULL, 4),
(23, '180.244.165.92', 'Pahotan', '$2y$08$UOewDFtEqZ10/Z8lpgkZ2OuTEMcaubRSnSQ4eWSwmCl3Y5GR0zEBq', NULL, 'pfroyn@gmail.com', NULL, NULL, NULL, NULL, '2022-02-11 10:29:41', '2022-06-03 10:18:24', 1, 'Pahotan', 'Nainggolan', 'PIC KAMPUS', NULL, 7),
(24, '180.244.165.92', 'Agus', '$2y$08$3ndjzAGQHSDbxwxfV8ixJOYbkEpAO3cpbdSPulIEgtMU4YUwY6TsK', NULL, 'agusleonardt@gmail.com', NULL, NULL, NULL, 'wyeckZZYBCNBTcsxyBPD3u', '2022-02-11 10:32:07', '2022-06-03 07:33:39', 1, 'Agus', 'Leonard', 'PIC KAMPUS', NULL, 8),
(25, '180.244.165.92', 'alam', '$2y$08$m8MBdz30M9zV5iOHLAVhBukyeO9nnj.L5vJ4yhEvHzWpdMhemWKCi', NULL, 'kodratalam78@gmail.com', NULL, NULL, NULL, NULL, '2022-02-11 10:33:08', '2022-06-02 14:01:14', 1, 'Kodrat', 'alam', 'PIC KAMPUS', NULL, 9),
(26, '180.244.165.92', 'Sihar', '$2y$08$uEHPfSTeufOQ2ctLRJ0Ox.kYOBy99LgCXey6Jqeg6UdxqgvGhAnea', NULL, 'siharblack@gmail.com', NULL, NULL, NULL, NULL, '2022-02-11 10:33:54', '2022-06-02 14:01:25', 1, 'Sihar', 'Ambarita', 'PIC KAMPUS', NULL, 10),
(27, '180.244.165.92', 'Galang', '$2y$08$mvgkvinjGPM/kHzSr9e5Gud.3Hi2hfWyocLkYgi2/U.udQD1Qt6ZW', NULL, 'andana.galang@gmail.com', NULL, NULL, NULL, NULL, '2022-02-11 10:34:28', '2022-06-02 14:01:40', 1, 'Galang', 'Febry', 'PIC KAMPUS', NULL, 11),
(28, '180.244.165.92', 'AgusH', '$2y$08$r77RLyt.ZtJh5h0FIVh.d.l4AJvD2wQPbzrWZafsOzBmfo0UBd4K.', NULL, 'kaptenjurek@gmail.com', NULL, NULL, NULL, NULL, '2022-02-11 10:38:22', '2022-06-02 14:01:58', 1, 'Agus', 'Hariyanto', 'PIC KAMPUS', NULL, 13),
(29, '180.244.165.92', 'Paskaria.S', '$2y$08$kfi1.hXgfV/VAldt18Gow.SEmoOY6Z9gKCgebbIjla3u7Pb52YFMm', NULL, 'paskaria25@yahoo.com', NULL, NULL, NULL, NULL, '2022-02-11 10:39:24', NULL, 1, 'Paskaria', 'Simanjuntak', 'PIC KAMPUS', NULL, 14),
(30, '180.244.165.92', 'CAESAR', '$2y$08$Exdeu6gPN5.MobZCkMeXFeyu.LOj6skfWIGvmhoWKB3YcChGG2456', NULL, 'caesar12atkpmedan@gmail.com', NULL, NULL, NULL, NULL, '2022-02-11 10:40:00', '2022-06-02 14:02:47', 1, 'MUHAMMAD', 'CAESAR', 'PIC KAMPUS', NULL, 15),
(31, '180.244.165.92', 'Yacob.M', '$2y$08$WRykthIFdxkKSP2ijjMHgu7EwLaDY4VlkaUoE0j9l/sAYUJijABx2', NULL, 'mandalayacob@gmail.com', NULL, NULL, NULL, 'VD953gzq3Dxg.1fVih86.e', '2022-02-11 10:41:22', '2022-06-03 08:06:12', 1, 'Yacob', 'Mandala', 'PIC KAMPUS', NULL, 16),
(32, '180.244.165.92', 'Siti.F', '$2y$08$3/MOmuxNPQaIj5aM5iQzBudB8qhta6U1APOX7Qe4QquL/ccZFjlD2', NULL, 'siti.f471ma@gmail.com', NULL, NULL, NULL, NULL, '2022-02-11 10:42:05', '2022-06-02 14:54:05', 1, 'Siti', 'Fatimah', 'PIC KAMPUS', NULL, 17),
(33, '180.244.165.92', 'NINING.I', '$2y$08$GxJQB7ek/8Cw87m2gA3uvux3IYiBwQ5IxQfLLGB77lRWNHp2dQqSG', NULL, 'ondeng77@gmail.com', NULL, NULL, NULL, NULL, '2022-02-11 10:42:37', '2022-06-02 14:09:32', 1, 'NINING', 'IDYANINGSIH', 'PIC KAMPUS', NULL, 18),
(34, '180.244.165.92', 'Irfan.H', '$2y$08$R4jky60T6hSxHFcxTt7oUOC7RmX3XuJG9pz4xxgHMN2n3..z2Exhi', NULL, 'irfan513all@gmail.com', NULL, NULL, NULL, NULL, '2022-02-11 10:43:20', '2022-06-02 14:04:06', 1, 'Irfan', 'Hardiansyah', 'PIC KAMPUS', NULL, 19),
(35, '180.244.165.92', 'Rangga.H', '$2y$08$SrKzW.kvZKF.Ou.SY6Gq4uzoSUGLWHHke9Ht6HuGz/SUOrYA/DqL.', NULL, 'ranggahandhika07rh.rh@gmail.com', NULL, NULL, NULL, 'ZH9oFPhQqd3/zGD/VWqVUe', '2022-02-11 10:44:30', '2022-06-02 14:07:29', 1, 'Rangga', 'Handhika', 'PIC KAMPUS', NULL, 20),
(36, '180.244.165.92', 'ririnswastuti', '$2y$08$TVGDIhSNeCJGkNA7vtjvxuqUOtboyLZ.vv.IyK6o1Y5nA8apCyCba', NULL, 'muspinbpsdmp@gmail.com', NULL, NULL, NULL, NULL, '2022-02-11 10:28:04', '2022-03-04 14:13:28', 1, 'RIRIN', 'SWASTUTI', 'PIC KAMPUS', NULL, 3),
(38, '180.244.165.92', 'farisprima', '$2y$08$TVGDIhSNeCJGkNA7vtjvxuqUOtboyLZ.vv.IyK6o1Y5nA8apCyCba', NULL, 'muspinbpsdmp@gmail.com', NULL, NULL, NULL, NULL, '0000-00-00 00:00:00', '2022-06-03 13:27:30', 1, 'FARIS', 'PRIMA', 'PIC KAMPUS', NULL, 21),
(39, '180.244.165.92', 'pegiwulandari', '$2y$08$TVGDIhSNeCJGkNA7vtjvxuqUOtboyLZ.vv.IyK6o1Y5nA8apCyCba', NULL, 'pegiwd01@gmail.com', NULL, NULL, NULL, NULL, '0000-00-00 00:00:00', '2022-06-03 13:36:07', 1, 'PEGI', 'WULANDARI', 'PIC KAMPUS', NULL, 24),
(40, '180.244.165.92', 'nuralvina', '$2y$08$TVGDIhSNeCJGkNA7vtjvxuqUOtboyLZ.vv.IyK6o1Y5nA8apCyCba', NULL, 'kepegawaian.ppsdmpd@gmail.com', NULL, NULL, NULL, NULL, '0000-00-00 00:00:00', '2022-06-02 14:05:41', 1, 'NUR', 'ALVINA', 'PIC KAMPUS', NULL, 24),
(41, '180.244.165.92', 'efendi', '$2y$08$TVGDIhSNeCJGkNA7vtjvxuqUOtboyLZ.vv.IyK6o1Y5nA8apCyCba', NULL, 'efendi@dephub.go.id', NULL, NULL, NULL, NULL, '0000-00-00 00:00:00', '2022-06-02 14:06:06', 1, '', 'EFENDI', 'PIC KAMPUS', NULL, 25),
(42, '180.244.165.92', 'teguhsutanto', '$2y$08$TVGDIhSNeCJGkNA7vtjvxuqUOtboyLZ.vv.IyK6o1Y5nA8apCyCba', NULL, 'teguhsutanto88@gmail.com', NULL, NULL, NULL, NULL, '0000-00-00 00:00:00', '2022-06-02 14:06:31', 1, 'TEGUH', 'SUTANTO', 'PIC KAMPUS', NULL, 25),
(43, '180.244.165.92', 'taruliverawaty', '$2y$08$TVGDIhSNeCJGkNA7vtjvxuqUOtboyLZ.vv.IyK6o1Y5nA8apCyCba', NULL, 'taruli_verawaty@dephub.go.id', NULL, NULL, NULL, NULL, '0000-00-00 00:00:00', NULL, 1, 'TARULI', 'VERAWATY', 'PIC KAMPUS', NULL, 26),
(44, '180.244.165.92', 'dyankeke', '$2y$08$TVGDIhSNeCJGkNA7vtjvxuqUOtboyLZ.vv.IyK6o1Y5nA8apCyCba', NULL, 'sembiring.keke@gmail.com', NULL, NULL, NULL, NULL, '0000-00-00 00:00:00', NULL, 1, 'DYAN', 'KEKE', 'PIC KAMPUS', NULL, 27),
(45, '180.244.165.92', 'nurul', '$2y$08$TVGDIhSNeCJGkNA7vtjvxuqUOtboyLZ.vv.IyK6o1Y5nA8apCyCba', NULL, 'nurul.tiaraja@gmail.com', NULL, NULL, NULL, NULL, '0000-00-00 00:00:00', '2022-06-02 14:06:54', 1, 'NURUL', '', 'PIC KAMPUS', NULL, 28),
(46, '180.244.165.92', 'dessyastriani', '$2y$08$TVGDIhSNeCJGkNA7vtjvxuqUOtboyLZ.vv.IyK6o1Y5nA8apCyCba', NULL, 'dedadidi@gmail.com', NULL, NULL, NULL, NULL, '0000-00-00 00:00:00', '2022-06-02 14:07:32', 1, 'DESSY', 'ASTRIANI', 'PIC KAMPUS', NULL, 29),
(47, '180.244.165.92', 'edisutrisno', '$2y$08$TVGDIhSNeCJGkNA7vtjvxuqUOtboyLZ.vv.IyK6o1Y5nA8apCyCba', NULL, '62.edisutrisno@gmail.com', NULL, NULL, NULL, NULL, '0000-00-00 00:00:00', '2022-06-02 14:07:52', 1, 'EDI', 'SUTRISNO', 'PIC KAMPUS', NULL, 29),
(48, '180.244.165.92', 'taniachintya', '$2y$08$TVGDIhSNeCJGkNA7vtjvxuqUOtboyLZ.vv.IyK6o1Y5nA8apCyCba', NULL, 'karimaslalw@gmail.com', NULL, NULL, NULL, '8ciFZU4IGVl9tBeQ4vDV8O', '0000-00-00 00:00:00', '2022-06-02 15:01:46', 1, 'Tania', 'Chintya', 'PIC KAMPUS', NULL, 30),
(49, '180.244.165.92', 'putridwi', '$2y$08$TVGDIhSNeCJGkNA7vtjvxuqUOtboyLZ.vv.IyK6o1Y5nA8apCyCba', NULL, 'putri@ppi.ac.id', NULL, NULL, NULL, NULL, '0000-00-00 00:00:00', '2022-06-03 11:26:20', 1, 'PUTRI', 'DWI', 'PIC KAMPUS', NULL, 31),
(50, '180.244.165.92', 'kodratalam', '$2y$08$TVGDIhSNeCJGkNA7vtjvxuqUOtboyLZ.vv.IyK6o1Y5nA8apCyCba', NULL, 'kodrat_alam@dephub.go.id', NULL, NULL, NULL, NULL, '0000-00-00 00:00:00', '2022-06-02 14:08:34', 1, 'KODRAT', 'ALAM', 'PIC KAMPUS', NULL, 32),
(51, '180.244.165.92', 'andinaretsa', '$2y$08$TVGDIhSNeCJGkNA7vtjvxuqUOtboyLZ.vv.IyK6o1Y5nA8apCyCba', NULL, 'andina_putri@dephub.go.id', NULL, NULL, NULL, NULL, '0000-00-00 00:00:00', '2022-06-02 14:08:57', 1, 'ANDINA', 'RETSA', 'PIC KAMPUS', NULL, 32),
(52, '180.244.165.92', 'slametrudi', '$2y$08$TVGDIhSNeCJGkNA7vtjvxuqUOtboyLZ.vv.IyK6o1Y5nA8apCyCba', NULL, 'slamet_rudi@dephub.go.id', NULL, NULL, NULL, 'j0d4XIUCbmdz.ZKm9pHH/.', '0000-00-00 00:00:00', '2022-06-02 17:14:03', 1, 'SLAMET', 'RUDI', 'PIC KAMPUS', NULL, 33),
(53, '180.244.165.92', 'bobbymardhika', '$2y$08$TVGDIhSNeCJGkNA7vtjvxuqUOtboyLZ.vv.IyK6o1Y5nA8apCyCba', NULL, 'bobby_effendi@dephub.go.id', NULL, NULL, NULL, NULL, '0000-00-00 00:00:00', '2022-06-02 14:11:29', 1, 'BOBBY', 'MARDHIKA', 'PIC KAMPUS', NULL, 33),
(54, '180.244.165.92', 'saepudin', '$2y$08$TVGDIhSNeCJGkNA7vtjvxuqUOtboyLZ.vv.IyK6o1Y5nA8apCyCba', NULL, 'bismillahsamid@gmail.com', NULL, NULL, NULL, NULL, '0000-00-00 00:00:00', NULL, 1, 'SAEPUDIN', '', 'PIC KAMPUS', NULL, 34),
(55, '180.244.165.92', 'alberto', '$2y$08$TVGDIhSNeCJGkNA7vtjvxuqUOtboyLZ.vv.IyK6o1Y5nA8apCyCba', NULL, 'alberto.rima@yahoo.com', NULL, NULL, NULL, NULL, '0000-00-00 00:00:00', '2022-06-02 14:13:05', 1, 'ALBERTO', '', 'PIC KAMPUS', NULL, 35),
(57, '180.244.165.92', 'fajartranselasi', '$2y$08$TVGDIhSNeCJGkNA7vtjvxuqUOtboyLZ.vv.IyK6o1Y5nA8apCyCba', NULL, 'fajartranselasi@ymail.com', NULL, NULL, NULL, NULL, '0000-00-00 00:00:00', '2022-06-02 14:11:09', 1, 'FAJAR', 'TRANSELASI', 'PIC KAMPUS', NULL, 37),
(58, '180.244.165.92', 'suyuti', '$2y$08$TVGDIhSNeCJGkNA7vtjvxuqUOtboyLZ.vv.IyK6o1Y5nA8apCyCba', NULL, 'suyuti@dephub.go.id', NULL, NULL, NULL, NULL, '0000-00-00 00:00:00', NULL, 1, 'SUYUTI', '', 'PIC KAMPUS', NULL, 38),
(59, '180.244.165.92', 'robertrobby', '$2y$08$TVGDIhSNeCJGkNA7vtjvxuqUOtboyLZ.vv.IyK6o1Y5nA8apCyCba', NULL, 'robert_robby@dephub.go.id', NULL, NULL, NULL, NULL, '0000-00-00 00:00:00', '2022-06-02 14:11:57', 1, 'ROBERT', 'ROBBY', 'PIC KAMPUS', NULL, 38),
(60, '180.244.165.92', 'sultan', '$2y$08$TVGDIhSNeCJGkNA7vtjvxuqUOtboyLZ.vv.IyK6o1Y5nA8apCyCba', NULL, 'sultan@dephub.go.id', NULL, NULL, NULL, NULL, '0000-00-00 00:00:00', NULL, 1, 'SULTAN', '', 'PIC KAMPUS', NULL, 39),
(61, '180.244.165.92', 'risnayulianti', '$2y$08$TVGDIhSNeCJGkNA7vtjvxuqUOtboyLZ.vv.IyK6o1Y5nA8apCyCba', NULL, 'risnajulianti.drg@gmail.com', NULL, NULL, NULL, 'CjNIu23ispoVWrXiecytvO', '0000-00-00 00:00:00', '2022-06-03 11:59:18', 1, 'RISNA', 'YULIANTI', 'PIC KAMPUS', NULL, 40),
(62, '180.244.165.92', 'amirfaishol', '$2y$08$TVGDIhSNeCJGkNA7vtjvxuqUOtboyLZ.vv.IyK6o1Y5nA8apCyCba', NULL, 'kliniksamuderap2b@gamil.com', NULL, NULL, NULL, NULL, '0000-00-00 00:00:00', '2022-06-02 17:30:15', 1, 'AMIR', 'FAISHOL', 'PIC KAMPUS', NULL, 41),
(63, '180.244.165.92', 'riyasih', '$2y$08$TVGDIhSNeCJGkNA7vtjvxuqUOtboyLZ.vv.IyK6o1Y5nA8apCyCba', NULL, 'riyasih@bp2ip-tng.sch.id', NULL, NULL, NULL, '4bdPcl8DtE15ssuOyrbble', '0000-00-00 00:00:00', '2022-06-03 08:08:01', 1, 'RIYASIH', '', 'PIC KAMPUS', NULL, 41),
(64, '180.244.165.92', 'dewiwidowati', '$2y$08$TVGDIhSNeCJGkNA7vtjvxuqUOtboyLZ.vv.IyK6o1Y5nA8apCyCba', NULL, 'dr.dewi.widowati@gmail.com', NULL, NULL, NULL, NULL, '0000-00-00 00:00:00', NULL, 1, 'DEWI', 'WIDOWATI', 'PIC KAMPUS', NULL, 42),
(65, '180.244.165.92', 'suryantibahri', '$2y$08$TVGDIhSNeCJGkNA7vtjvxuqUOtboyLZ.vv.IyK6o1Y5nA8apCyCba', NULL, 'uyharizky@gmail.com', NULL, NULL, NULL, NULL, '0000-00-00 00:00:00', '2022-06-03 11:59:37', 1, 'SURYANTI', 'BAHRI', 'PIC KAMPUS', NULL, 43),
(66, '180.244.165.92', 'yudisatria', '$2y$08$TVGDIhSNeCJGkNA7vtjvxuqUOtboyLZ.vv.IyK6o1Y5nA8apCyCba', NULL, 'satriafaiqa7@gmail.com', NULL, NULL, NULL, NULL, '0000-00-00 00:00:00', NULL, 1, 'YUDI', 'SATRIA', 'PIC KAMPUS', NULL, 43),
(67, '180.244.165.92', 'wiratno', '$2y$08$TVGDIhSNeCJGkNA7vtjvxuqUOtboyLZ.vv.IyK6o1Y5nA8apCyCba', NULL, 'wiratno29@gmail.com', NULL, NULL, NULL, NULL, '0000-00-00 00:00:00', '2022-06-02 14:12:36', 1, 'WIRATNO', '', 'PIC KAMPUS', NULL, 44),
(68, '180.244.165.92', 'nindynource', '$2y$08$TVGDIhSNeCJGkNA7vtjvxuqUOtboyLZ.vv.IyK6o1Y5nA8apCyCba', NULL, 'n_ganap@yahoo.com', NULL, NULL, NULL, NULL, '0000-00-00 00:00:00', NULL, 1, 'NINDY', 'NOURCE', 'PIC KAMPUS', NULL, 44),
(69, '180.244.165.92', 'paskariasimanjuntak', '$2y$08$TVGDIhSNeCJGkNA7vtjvxuqUOtboyLZ.vv.IyK6o1Y5nA8apCyCba', NULL, 'paskaria25@yahoo.com', NULL, NULL, NULL, NULL, '0000-00-00 00:00:00', '2022-06-03 13:50:41', 1, 'PASKARIA', 'SIMANJUNTAK', 'PIC KAMPUS', NULL, 45),
(70, '180.244.165.92', 'daviqwiratno', '$2y$08$TVGDIhSNeCJGkNA7vtjvxuqUOtboyLZ.vv.IyK6o1Y5nA8apCyCba', NULL, 'daviqwiratno5@gmail.com', NULL, NULL, NULL, NULL, '0000-00-00 00:00:00', NULL, 1, 'DAVIQ', 'WIRATNO', 'PIC KAMPUS', NULL, 46),
(71, '180.244.165.92', 'herrysumarsono', '$2y$08$TVGDIhSNeCJGkNA7vtjvxuqUOtboyLZ.vv.IyK6o1Y5nA8apCyCba', NULL, 'herrysumarsonostpi@gmail.com', NULL, NULL, NULL, NULL, '0000-00-00 00:00:00', '2022-06-02 14:10:11', 1, 'HERRY', 'SUMARSONO', 'PIC KAMPUS', NULL, 47),
(72, '180.244.165.92', 'emmykoerniawaty', '$2y$08$TVGDIhSNeCJGkNA7vtjvxuqUOtboyLZ.vv.IyK6o1Y5nA8apCyCba', NULL, 'kepegawaian.stpi@gmail.com', NULL, NULL, NULL, NULL, '0000-00-00 00:00:00', NULL, 1, 'EMMY', 'KOERNIAWATY', 'PIC KAMPUS', NULL, 47),
(73, '180.244.165.92', 'mayantibutar-butar', '$2y$08$TVGDIhSNeCJGkNA7vtjvxuqUOtboyLZ.vv.IyK6o1Y5nA8apCyCba', NULL, 'mayantibutarbutar@gmail.com', NULL, NULL, NULL, NULL, '0000-00-00 00:00:00', NULL, 1, 'Mayanti', 'Butar-Butar', 'PIC KAMPUS', NULL, 48),
(74, '180.244.165.92', 'wiradharma', '$2y$08$TVGDIhSNeCJGkNA7vtjvxuqUOtboyLZ.vv.IyK6o1Y5nA8apCyCba', NULL, 'wiradharma93@gmail.com', NULL, NULL, NULL, NULL, '0000-00-00 00:00:00', NULL, 1, 'WIRA', 'DHARMA', 'PIC KAMPUS', NULL, 49),
(75, '180.244.165.92', 'ajengherdinawati', '$2y$08$TVGDIhSNeCJGkNA7vtjvxuqUOtboyLZ.vv.IyK6o1Y5nA8apCyCba', NULL, 'tukepeg@poltekbangsby.ac.id', NULL, NULL, NULL, NULL, '0000-00-00 00:00:00', NULL, 1, 'AJENG', 'HERDINAWATI', 'PIC KAMPUS', NULL, 50),
(76, '180.244.165.92', 'emarahmawati', '$2y$08$TVGDIhSNeCJGkNA7vtjvxuqUOtboyLZ.vv.IyK6o1Y5nA8apCyCba', NULL, 'tukepeg@poltekbangsby.ac.id', NULL, NULL, NULL, NULL, '0000-00-00 00:00:00', NULL, 1, 'EMA', 'RAHMAWATI', 'PIC KAMPUS', NULL, 50),
(77, '180.244.165.92', 'rahadiandewi', '$2y$08$TVGDIhSNeCJGkNA7vtjvxuqUOtboyLZ.vv.IyK6o1Y5nA8apCyCba', NULL, 'tukepeg@poltekbangsby.ac.id', NULL, NULL, NULL, NULL, '0000-00-00 00:00:00', '2022-06-02 14:09:49', 1, 'RAHADIAN', 'DEWI', 'PIC KAMPUS', NULL, 50),
(78, '180.244.165.92', 'elgafredianto', '$2y$08$TVGDIhSNeCJGkNA7vtjvxuqUOtboyLZ.vv.IyK6o1Y5nA8apCyCba', NULL, 'elga.atkpmks@gmail.com', NULL, NULL, NULL, NULL, '0000-00-00 00:00:00', NULL, 1, 'ELGA', 'FREDIANTO', 'PIC KAMPUS', NULL, 51),
(79, '180.244.165.92', 'andifrianto', '$2y$08$TVGDIhSNeCJGkNA7vtjvxuqUOtboyLZ.vv.IyK6o1Y5nA8apCyCba', NULL, 'pranginanginandi@gmail.com', NULL, NULL, NULL, NULL, '0000-00-00 00:00:00', NULL, 1, 'ANDI', 'FRIANTO', 'PIC KAMPUS', NULL, 52),
(80, '180.244.165.92', 'rizkiocsera', '$2y$08$TVGDIhSNeCJGkNA7vtjvxuqUOtboyLZ.vv.IyK6o1Y5nA8apCyCba', NULL, 'rizkyocsera@gmail.com', NULL, NULL, NULL, '0L.taExrdqQtPEBsx6rjPu', '0000-00-00 00:00:00', '2022-06-03 07:50:44', 1, 'Rizki', 'Ocsera', 'PIC KAMPUS', NULL, 53),
(81, '180.244.165.92', 'asririgmawati', '$2y$08$TVGDIhSNeCJGkNA7vtjvxuqUOtboyLZ.vv.IyK6o1Y5nA8apCyCba', NULL, 'asri.rigmawati@gmail.com', NULL, NULL, NULL, NULL, '0000-00-00 00:00:00', '2022-06-02 14:09:24', 1, 'ASRI', 'RIGMAWATI', 'PIC KAMPUS', NULL, 54),
(82, '114.124.217.99', 'syarif', '$2y$08$1N.CysJxa0O2Rg8ZC7JF8.Nnlah.66S7tcj/SOxa5Ye3mi/FM017a', NULL, 'syariftesting1@gmail.com', NULL, NULL, NULL, NULL, '2022-06-02 14:25:46', '2022-06-02 14:26:31', 1, 'syarif', 'testing1', 'PIC KAMPUS', NULL, 2),
(83, '139.0.252.123', 'syarif123', '$2y$08$qz.XGRrh8I/xOEYhsu8dR.VDJakweagCHsUz.htrZA4BNMW5LDzW.', NULL, 'syarif123@gmail.com', NULL, NULL, NULL, NULL, '2022-06-02 22:03:05', '2022-06-02 22:12:25', 1, 'syarif', 'syarif', 'PIC KAMPUS', NULL, 55);

-- --------------------------------------------------------

--
-- Struktur dari tabel `tb_users_akses_instansi`
--

CREATE TABLE `tb_users_akses_instansi` (
  `id` int(11) NOT NULL,
  `id_users` int(11) NOT NULL,
  `id_instansi` int(11) NOT NULL
) ENGINE=InnoDB DEFAULT CHARSET=utf8mb4;

--
-- Dumping data untuk tabel `tb_users_akses_instansi`
--

INSERT INTO `tb_users_akses_instansi` (`id`, `id_users`, `id_instansi`) VALUES
(3, 17, 4),
(4, 17, 5),
(5, 17, 8),
(7, 18, 7),
(8, 15, 3),
(9, 20, 8),
(10, 18, 8),
(11, 21, 2),
(12, 22, 4),
(13, 23, 7),
(14, 24, 8),
(15, 25, 9),
(16, 26, 10),
(17, 27, 11),
(18, 28, 13),
(19, 29, 14),
(20, 30, 15),
(21, 31, 16),
(22, 32, 17),
(23, 33, 18),
(24, 34, 19),
(25, 35, 20),
(26, 83, 55),
(27, 36, 2),
(28, 38, 21),
(29, 39, 24),
(30, 40, 24),
(31, 41, 25),
(32, 42, 25),
(33, 43, 26),
(34, 44, 27),
(35, 45, 28),
(36, 46, 29),
(37, 47, 29),
(38, 48, 30),
(39, 49, 31),
(40, 50, 32),
(41, 51, 32),
(42, 52, 33),
(43, 53, 33),
(44, 54, 34),
(45, 55, 35),
(46, 57, 37),
(47, 58, 38),
(48, 59, 38),
(49, 60, 39),
(50, 61, 40),
(51, 62, 41),
(52, 63, 41),
(53, 64, 42),
(54, 65, 43),
(55, 66, 43),
(56, 67, 44),
(57, 68, 44),
(58, 69, 45),
(59, 70, 46),
(60, 71, 47),
(61, 72, 47),
(62, 73, 48),
(63, 74, 48),
(64, 75, 50),
(65, 76, 50),
(66, 77, 50),
(67, 78, 51),
(68, 79, 52),
(69, 80, 53),
(70, 81, 54);

-- --------------------------------------------------------

--
-- Struktur dari tabel `tb_users_groups`
--

CREATE TABLE `tb_users_groups` (
  `id` int(11) UNSIGNED NOT NULL,
  `user_id` int(11) UNSIGNED NOT NULL,
  `group_id` mediumint(8) UNSIGNED NOT NULL
) ENGINE=InnoDB DEFAULT CHARSET=utf8;

--
-- Dumping data untuk tabel `tb_users_groups`
--

INSERT INTO `tb_users_groups` (`id`, `user_id`, `group_id`) VALUES
(37, 1, 1),
(38, 1, 2),
(52, 21, 2),
(53, 22, 2),
(54, 23, 2),
(55, 24, 2),
(56, 25, 2),
(57, 26, 2),
(58, 27, 2),
(59, 28, 2),
(60, 29, 2),
(61, 30, 2),
(62, 31, 2),
(63, 32, 2),
(64, 33, 2),
(65, 34, 2),
(66, 35, 2),
(67, 82, 2),
(68, 83, 2);

-- --------------------------------------------------------

--
-- Struktur dari tabel `trx_absensi`
--

CREATE TABLE `trx_absensi` (
  `id` int(9) NOT NULL,
  `id_kampus` int(6) NOT NULL,
  `tgl_absensi_text` text NOT NULL,
  `tgl_absensi` date DEFAULT NULL,
  `jumlah_taruna` int(6) NOT NULL,
  `jumlah_taruna_wanita` int(6) NOT NULL,
  `pria_sehat` int(6) NOT NULL DEFAULT 0,
  `pria_covid` int(6) NOT NULL DEFAULT 0,
  `pria_ijin` int(6) NOT NULL DEFAULT 0,
  `wanita_sehat` int(6) NOT NULL DEFAULT 0,
  `wanita_covid` int(6) NOT NULL DEFAULT 0,
  `wanita_ijin` int(11) NOT NULL,
  `uid` int(3) NOT NULL,
  `created_date` text NOT NULL DEFAULT current_timestamp(),
  `id_lokasi` int(4) NOT NULL,
  `vaksin1` int(6) NOT NULL DEFAULT 0,
  `vaksin2` int(6) NOT NULL DEFAULT 0,
  `vaksin_lain` int(6) NOT NULL DEFAULT 0,
  `manual_taruna` int(6) NOT NULL DEFAULT 0,
  `manual_taruni` int(6) NOT NULL DEFAULT 0
) ENGINE=InnoDB DEFAULT CHARSET=utf8mb4;

--
-- Dumping data untuk tabel `trx_absensi`
--

INSERT INTO `trx_absensi` (`id`, `id_kampus`, `tgl_absensi_text`, `tgl_absensi`, `jumlah_taruna`, `jumlah_taruna_wanita`, `pria_sehat`, `pria_covid`, `pria_ijin`, `wanita_sehat`, `wanita_covid`, `wanita_ijin`, `uid`, `created_date`, `id_lokasi`, `vaksin1`, `vaksin2`, `vaksin_lain`, `manual_taruna`, `manual_taruni`) VALUES
(19, 28, '2/3/2022', '2022-02-03', 672, 0, 632, 34, 6, 0, 0, 0, 0, '2/3/2022 0:00', 1, 0, 0, 0, 0, 0),
(20, 33, '2/3/2022', '2022-02-03', 240, 0, 240, 0, 0, 0, 0, 0, 0, '2/3/2022 0:00', 1, 0, 0, 0, 0, 0),
(21, 10, '2/3/2022', '2022-02-03', 91, 0, 91, 0, 0, 0, 0, 0, 0, '2/3/2022 0:00', 1, 0, 0, 0, 0, 0),
(22, 10, '2/3/2022', '2022-02-03', 0, 0, 0, 0, 0, 0, 0, 0, 0, '2/3/2022 0:00', 1, 0, 0, 0, 0, 0),
(23, 32, '2/3/2022', '2022-02-03', 329, 0, 329, 0, 0, 0, 0, 0, 0, '2/3/2022 0:00', 1, 0, 0, 0, 0, 0),
(24, 31, '2/3/2022', '2022-02-03', 430, 0, 430, 0, 0, 0, 0, 0, 0, '2/3/2022 0:00', 1, 0, 0, 0, 0, 0),
(25, 12, '2/3/2022', '2022-02-03', 246, 0, 246, 0, 0, 0, 0, 0, 0, '2/3/2022 0:00', 1, 0, 0, 0, 0, 0),
(26, 35, '2/3/2022', '2022-02-03', 506, 0, 504, 1, 1, 0, 0, 0, 0, '2/3/2022 0:00', 1, 0, 0, 0, 0, 0),
(27, 39, '2/3/2022', '2022-02-03', 252, 0, 252, 0, 0, 0, 0, 0, 0, '2/3/2022 0:00', 1, 0, 0, 0, 0, 0),
(28, 40, '2/3/2022', '2022-02-03', 333, 0, 333, 0, 0, 0, 0, 0, 0, '2/3/2022 0:00', 1, 0, 0, 0, 0, 0),
(29, 41, '2/3/2022', '2022-02-03', 221, 0, 221, 0, 0, 0, 0, 0, 0, '2/3/2022 0:00', 1, 0, 0, 0, 0, 0),
(30, 37, '2/3/2022', '2022-02-03', 411, 0, 410, 0, 1, 0, 0, 0, 0, '2/3/2022 0:00', 1, 0, 0, 0, 0, 0),
(31, 17, '2/3/2022', '2022-02-03', 514, 0, 511, 0, 3, 0, 0, 0, 0, '2/3/2022 0:00', 1, 0, 0, 0, 0, 0),
(32, 38, '2/3/2022', '2022-02-03', 245, 0, 245, 0, 0, 0, 0, 0, 0, '2/3/2022 0:00', 1, 0, 0, 0, 0, 0),
(33, 38, '2/3/2022', '2022-02-03', 470, 0, 470, 0, 0, 0, 0, 0, 0, '2/3/2022 0:00', 1, 0, 0, 0, 0, 0),
(34, 43, '2/3/2022', '2022-02-03', 532, 0, 531, 0, 1, 0, 0, 0, 0, '2/3/2022 0:00', 1, 0, 0, 0, 0, 0),
(35, 44, '2/3/2022', '2022-02-03', 0, 0, 0, 0, 0, 0, 0, 0, 0, '2/3/2022 0:00', 1, 0, 0, 0, 0, 0),
(36, 45, '2/3/2022', '2022-02-03', 83, 0, 83, 0, 0, 0, 0, 0, 0, '2/3/2022 0:00', 1, 0, 0, 0, 0, 0),
(37, 47, '2/3/2022', '2022-02-03', 69, 0, 68, 0, 1, 0, 0, 0, 0, '2/3/2022 0:00', 1, 0, 0, 0, 0, 0),
(38, 48, '2/3/2022', '2022-02-03', 186, 0, 186, 0, 0, 0, 0, 0, 0, '2/3/2022 0:00', 1, 0, 0, 0, 0, 0),
(39, 49, '2/3/2022', '2022-02-03', 212, 0, 205, 2, 5, 0, 0, 0, 0, '2/3/2022 0:00', 1, 0, 0, 0, 0, 0),
(40, 50, '2/3/2022', '2022-02-03', 477, 0, 474, 1, 2, 0, 0, 0, 0, '2/3/2022 0:00', 1, 0, 0, 0, 0, 0),
(41, 20, '2/3/2022', '2022-02-03', 107, 0, 107, 0, 0, 0, 0, 0, 0, '2/3/2022 0:00', 1, 0, 0, 0, 0, 0),
(42, 51, '2/3/2022', '2022-02-03', 159, 0, 159, 0, 0, 0, 0, 0, 0, '2/3/2022 0:00', 1, 0, 0, 0, 0, 0),
(43, 51, '2/3/2022', '2022-02-03', 212, 0, 211, 0, 1, 0, 0, 0, 0, '2/3/2022 0:00', 1, 0, 0, 0, 0, 0),
(44, 52, '2/3/2022', '2022-02-03', 135, 0, 135, 0, 0, 0, 0, 0, 0, '2/3/2022 0:00', 1, 0, 0, 0, 0, 0),
(45, 28, '2/3/2022', '2022-02-03', 0, 0, 0, 0, 0, 0, 0, 0, 0, '2/3/2022 0:00', 2, 0, 0, 0, 0, 0),
(46, 33, '2/3/2022', '2022-02-03', 0, 0, 0, 0, 0, 0, 0, 0, 0, '2/3/2022 0:00', 2, 0, 0, 0, 0, 0),
(47, 10, '2/3/2022', '2022-02-03', 166, 0, 166, 0, 0, 0, 0, 0, 0, '2/3/2022 0:00', 2, 0, 0, 0, 0, 0),
(48, 10, '2/3/2022', '2022-02-03', 0, 0, 0, 0, 0, 0, 0, 0, 0, '2/3/2022 0:00', 2, 0, 0, 0, 0, 0),
(49, 32, '2/3/2022', '2022-02-03', 76, 0, 76, 0, 0, 0, 0, 0, 0, '2/3/2022 0:00', 2, 0, 0, 0, 0, 0),
(50, 31, '2/3/2022', '2022-02-03', 223, 0, 223, 0, 0, 0, 0, 0, 0, '2/3/2022 0:00', 2, 0, 0, 0, 0, 0),
(51, 12, '2/3/2022', '2022-02-03', 0, 0, 0, 0, 0, 0, 0, 0, 0, '2/3/2022 0:00', 2, 0, 0, 0, 0, 0),
(52, 35, '2/3/2022', '2022-02-03', 520, 0, 520, 0, 0, 0, 0, 0, 0, '2/3/2022 0:00', 2, 0, 0, 0, 0, 0),
(53, 39, '2/3/2022', '2022-02-03', 247, 0, 247, 0, 0, 0, 0, 0, 0, '2/3/2022 0:00', 2, 0, 0, 0, 0, 0),
(54, 40, '2/3/2022', '2022-02-03', 368, 0, 368, 0, 0, 0, 0, 0, 0, '2/3/2022 0:00', 2, 0, 0, 0, 0, 0),
(55, 41, '2/3/2022', '2022-02-03', 794, 0, 794, 0, 0, 0, 0, 0, 0, '2/3/2022 0:00', 2, 0, 0, 0, 0, 0),
(56, 37, '2/3/2022', '2022-02-03', 672, 0, 672, 0, 0, 0, 0, 0, 0, '2/3/2022 0:00', 2, 0, 0, 0, 0, 0),
(57, 17, '2/3/2022', '2022-02-03', 840, 0, 839, 0, 1, 0, 0, 0, 0, '2/3/2022 0:00', 2, 0, 0, 0, 0, 0),
(58, 38, '2/3/2022', '2022-02-03', 429, 0, 429, 0, 0, 0, 0, 0, 0, '2/3/2022 0:00', 2, 0, 0, 0, 0, 0),
(59, 38, '2/3/2022', '2022-02-03', 0, 0, 0, 0, 0, 0, 0, 0, 0, '2/3/2022 0:00', 2, 0, 0, 0, 0, 0),
(60, 43, '2/3/2022', '2022-02-03', 730, 0, 730, 0, 0, 0, 0, 0, 0, '2/3/2022 0:00', 2, 0, 0, 0, 0, 0),
(61, 44, '2/3/2022', '2022-02-03', 196, 0, 196, 0, 0, 0, 0, 0, 0, '2/3/2022 0:00', 2, 0, 0, 0, 0, 0),
(62, 45, '2/3/2022', '2022-02-03', 211, 0, 211, 0, 0, 0, 0, 0, 0, '2/3/2022 0:00', 2, 0, 0, 0, 0, 0),
(63, 47, '2/3/2022', '2022-02-03', 353, 0, 353, 0, 0, 0, 0, 0, 0, '2/3/2022 0:00', 2, 0, 0, 0, 0, 0),
(64, 48, '2/3/2022', '2022-02-03', 48, 0, 48, 0, 0, 0, 0, 0, 0, '2/3/2022 0:00', 2, 0, 0, 0, 0, 0),
(65, 49, '2/3/2022', '2022-02-03', 0, 0, 0, 0, 0, 0, 0, 0, 0, '2/3/2022 0:00', 2, 0, 0, 0, 0, 0),
(66, 50, '2/3/2022', '2022-02-03', 244, 0, 244, 0, 0, 0, 0, 0, 0, '2/3/2022 0:00', 2, 0, 0, 0, 0, 0),
(67, 20, '2/3/2022', '2022-02-03', 0, 0, 0, 0, 0, 0, 0, 0, 0, '2/3/2022 0:00', 2, 0, 0, 0, 0, 0),
(68, 51, '2/3/2022', '2022-02-03', 117, 0, 117, 0, 0, 0, 0, 0, 0, '2/3/2022 0:00', 2, 0, 0, 0, 0, 0),
(69, 51, '2/3/2022', '2022-02-03', 0, 0, 0, 0, 0, 0, 0, 0, 0, '2/3/2022 0:00', 2, 0, 0, 0, 0, 0),
(70, 52, '2/3/2022', '2022-02-03', 48, 0, 48, 0, 0, 0, 0, 0, 0, '2/3/2022 0:00', 2, 0, 0, 0, 0, 0),
(71, 28, '2/3/2022', '2022-02-03', 2175, 0, 2174, 1, 0, 0, 0, 0, 0, '2/3/2022 0:00', 3, 0, 0, 0, 0, 0),
(72, 33, '2/3/2022', '2022-02-03', 0, 0, 0, 0, 0, 0, 0, 0, 0, '2/3/2022 0:00', 3, 0, 0, 0, 0, 0),
(73, 10, '2/3/2022', '2022-02-03', 654, 0, 654, 0, 0, 0, 0, 0, 0, '2/3/2022 0:00', 3, 0, 0, 0, 0, 0),
(74, 10, '2/3/2022', '2022-02-03', 0, 0, 0, 0, 0, 0, 0, 0, 0, '2/3/2022 0:00', 3, 0, 0, 0, 0, 0),
(75, 32, '2/3/2022', '2022-02-03', 206, 0, 206, 0, 0, 0, 0, 0, 0, '2/3/2022 0:00', 3, 0, 0, 0, 0, 0),
(76, 31, '2/3/2022', '2022-02-03', 1, 0, 0, 0, 1, 0, 0, 0, 0, '2/3/2022 0:00', 3, 0, 0, 0, 0, 0),
(77, 12, '2/3/2022', '2022-02-03', 0, 0, 0, 0, 0, 0, 0, 0, 0, '2/3/2022 0:00', 3, 0, 0, 0, 0, 0),
(78, 35, '2/3/2022', '2022-02-03', 861, 0, 860, 0, 1, 0, 0, 0, 0, '2/3/2022 0:00', 3, 0, 0, 0, 0, 0),
(79, 39, '2/3/2022', '2022-02-03', 195, 0, 194, 0, 1, 0, 0, 0, 0, '2/3/2022 0:00', 3, 0, 0, 0, 0, 0),
(80, 40, '2/3/2022', '2022-02-03', 39, 0, 39, 0, 0, 0, 0, 0, 0, '2/3/2022 0:00', 3, 0, 0, 0, 0, 0),
(81, 41, '2/3/2022', '2022-02-03', 378, 0, 378, 0, 0, 0, 0, 0, 0, '2/3/2022 0:00', 3, 0, 0, 0, 0, 0),
(82, 37, '2/3/2022', '2022-02-03', 760, 0, 760, 0, 0, 0, 0, 0, 0, '2/3/2022 0:00', 3, 0, 0, 0, 0, 0),
(83, 17, '2/3/2022', '2022-02-03', 446, 0, 443, 0, 3, 0, 0, 0, 0, '2/3/2022 0:00', 3, 0, 0, 0, 0, 0),
(84, 38, '2/3/2022', '2022-02-03', 829, 0, 829, 0, 0, 0, 0, 0, 0, '2/3/2022 0:00', 3, 0, 0, 0, 0, 0),
(85, 38, '2/3/2022', '2022-02-03', 0, 0, 0, 0, 0, 0, 0, 0, 0, '2/3/2022 0:00', 3, 0, 0, 0, 0, 0),
(86, 43, '2/3/2022', '2022-02-03', 0, 0, 0, 0, 0, 0, 0, 0, 0, '2/3/2022 0:00', 3, 0, 0, 0, 0, 0),
(87, 44, '2/3/2022', '2022-02-03', 200, 0, 200, 0, 0, 0, 0, 0, 0, '2/3/2022 0:00', 3, 0, 0, 0, 0, 0),
(88, 45, '2/3/2022', '2022-02-03', 181, 0, 174, 0, 7, 0, 0, 0, 0, '2/3/2022 0:00', 3, 0, 0, 0, 0, 0),
(89, 47, '2/3/2022', '2022-02-03', 647, 0, 646, 1, 0, 0, 0, 0, 0, '2/3/2022 0:00', 3, 0, 0, 0, 0, 0),
(90, 48, '2/3/2022', '2022-02-03', 93, 0, 93, 0, 0, 0, 0, 0, 0, '2/3/2022 0:00', 3, 0, 0, 0, 0, 0),
(91, 49, '2/3/2022', '2022-02-03', 3, 0, 0, 3, 0, 0, 0, 0, 0, '2/3/2022 0:00', 3, 0, 0, 0, 0, 0),
(92, 50, '2/3/2022', '2022-02-03', 8, 0, 8, 0, 0, 0, 0, 0, 0, '2/3/2022 0:00', 3, 0, 0, 0, 0, 0),
(93, 20, '2/3/2022', '2022-02-03', 5, 0, 5, 0, 0, 0, 0, 0, 0, '2/3/2022 0:00', 3, 0, 0, 0, 0, 0),
(94, 51, '2/3/2022', '2022-02-03', 0, 0, 0, 0, 0, 0, 0, 0, 0, '2/3/2022 0:00', 3, 0, 0, 0, 0, 0),
(95, 51, '2/3/2022', '2022-02-03', 0, 0, 0, 0, 0, 0, 0, 0, 0, '2/3/2022 0:00', 3, 0, 0, 0, 0, 0),
(96, 52, '2/3/2022', '2022-02-03', 1, 0, 0, 0, 1, 0, 0, 0, 0, '2/3/2022 0:00', 3, 0, 0, 0, 0, 0),
(97, 28, '2/4/2022', '2022-02-04', 672, 0, 602, 66, 4, 0, 0, 0, 0, '2/4/2022 0:00', 1, 0, 0, 0, 0, 0),
(98, 33, '2/4/2022', '2022-02-04', 240, 0, 238, 0, 2, 0, 0, 0, 0, '2/4/2022 0:00', 1, 0, 0, 0, 0, 0),
(99, 10, '2/4/2022', '2022-02-04', 91, 0, 91, 0, 0, 0, 0, 0, 0, '2/4/2022 0:00', 1, 0, 0, 0, 0, 0),
(100, 10, '2/4/2022', '2022-02-04', 0, 0, 0, 0, 0, 0, 0, 0, 0, '2/4/2022 0:00', 1, 0, 0, 0, 0, 0),
(101, 32, '2/4/2022', '2022-02-04', 329, 0, 329, 0, 0, 0, 0, 0, 0, '2/4/2022 0:00', 1, 0, 0, 0, 0, 0),
(102, 31, '2/4/2022', '2022-02-04', 430, 0, 430, 0, 0, 0, 0, 0, 0, '2/4/2022 0:00', 1, 0, 0, 0, 0, 0),
(103, 12, '2/4/2022', '2022-02-04', 246, 0, 245, 0, 1, 0, 0, 0, 0, '2/4/2022 0:00', 1, 0, 0, 0, 0, 0),
(104, 35, '2/4/2022', '2022-02-04', 506, 0, 505, 1, 0, 0, 0, 0, 0, '2/4/2022 0:00', 1, 0, 0, 0, 0, 0),
(105, 39, '2/4/2022', '2022-02-04', 252, 0, 252, 0, 0, 0, 0, 0, 0, '2/4/2022 0:00', 1, 0, 0, 0, 0, 0),
(106, 40, '2/4/2022', '2022-02-04', 333, 0, 321, 12, 0, 0, 0, 0, 0, '2/4/2022 0:00', 1, 0, 0, 0, 0, 0),
(107, 41, '2/4/2022', '2022-02-04', 221, 0, 221, 0, 0, 0, 0, 0, 0, '2/4/2022 0:00', 1, 0, 0, 0, 0, 0),
(108, 37, '2/4/2022', '2022-02-04', 411, 0, 410, 0, 1, 0, 0, 0, 0, '2/4/2022 0:00', 1, 0, 0, 0, 0, 0),
(109, 17, '2/4/2022', '2022-02-04', 514, 0, 511, 0, 3, 0, 0, 0, 0, '2/4/2022 0:00', 1, 0, 0, 0, 0, 0),
(110, 38, '2/4/2022', '2022-02-04', 245, 0, 245, 0, 0, 0, 0, 0, 0, '2/4/2022 0:00', 1, 0, 0, 0, 0, 0),
(111, 38, '2/4/2022', '2022-02-04', 470, 0, 470, 0, 0, 0, 0, 0, 0, '2/4/2022 0:00', 1, 0, 0, 0, 0, 0),
(112, 43, '2/4/2022', '2022-02-04', 531, 0, 531, 0, 0, 0, 0, 0, 0, '2/4/2022 0:00', 1, 0, 0, 0, 0, 0),
(113, 44, '2/4/2022', '2022-02-04', 0, 0, 0, 0, 0, 0, 0, 0, 0, '2/4/2022 0:00', 1, 0, 0, 0, 0, 0),
(114, 45, '2/4/2022', '2022-02-04', 83, 0, 83, 0, 0, 0, 0, 0, 0, '2/4/2022 0:00', 1, 0, 0, 0, 0, 0),
(115, 47, '2/4/2022', '2022-02-04', 69, 0, 68, 0, 1, 0, 0, 0, 0, '2/4/2022 0:00', 1, 0, 0, 0, 0, 0),
(116, 48, '2/4/2022', '2022-02-04', 186, 0, 186, 0, 0, 0, 0, 0, 0, '2/4/2022 0:00', 1, 0, 0, 0, 0, 0),
(117, 49, '2/4/2022', '2022-02-04', 212, 0, 205, 2, 5, 0, 0, 0, 0, '2/4/2022 0:00', 1, 0, 0, 0, 0, 0),
(118, 50, '2/4/2022', '2022-02-04', 477, 0, 474, 1, 2, 0, 0, 0, 0, '2/4/2022 0:00', 1, 0, 0, 0, 0, 0),
(119, 20, '2/4/2022', '2022-02-04', 107, 0, 107, 0, 0, 0, 0, 0, 0, '2/4/2022 0:00', 1, 0, 0, 0, 0, 0),
(120, 51, '2/4/2022', '2022-02-04', 159, 0, 159, 0, 0, 0, 0, 0, 0, '2/4/2022 0:00', 1, 0, 0, 0, 0, 0),
(121, 51, '2/4/2022', '2022-02-04', 212, 0, 211, 0, 1, 0, 0, 0, 0, '2/4/2022 0:00', 1, 0, 0, 0, 0, 0),
(122, 52, '2/4/2022', '2022-02-04', 135, 0, 135, 0, 0, 0, 0, 0, 0, '2/4/2022 0:00', 1, 0, 0, 0, 0, 0),
(123, 28, '2/4/2022', '2022-02-04', 0, 0, 0, 0, 0, 0, 0, 0, 0, '2/4/2022 0:00', 2, 0, 0, 0, 0, 0),
(124, 33, '2/4/2022', '2022-02-04', 0, 0, 0, 0, 0, 0, 0, 0, 0, '2/4/2022 0:00', 2, 0, 0, 0, 0, 0),
(125, 10, '2/4/2022', '2022-02-04', 166, 0, 166, 0, 0, 0, 0, 0, 0, '2/4/2022 0:00', 2, 0, 0, 0, 0, 0),
(126, 10, '2/4/2022', '2022-02-04', 0, 0, 0, 0, 0, 0, 0, 0, 0, '2/4/2022 0:00', 2, 0, 0, 0, 0, 0),
(127, 32, '2/4/2022', '2022-02-04', 76, 0, 76, 0, 0, 0, 0, 0, 0, '2/4/2022 0:00', 2, 0, 0, 0, 0, 0),
(128, 31, '2/4/2022', '2022-02-04', 223, 0, 223, 0, 0, 0, 0, 0, 0, '2/4/2022 0:00', 2, 0, 0, 0, 0, 0),
(129, 12, '2/4/2022', '2022-02-04', 0, 0, 0, 0, 0, 0, 0, 0, 0, '2/4/2022 0:00', 2, 0, 0, 0, 0, 0),
(130, 35, '2/4/2022', '2022-02-04', 520, 0, 520, 0, 0, 0, 0, 0, 0, '2/4/2022 0:00', 2, 0, 0, 0, 0, 0),
(131, 39, '2/4/2022', '2022-02-04', 247, 0, 247, 0, 0, 0, 0, 0, 0, '2/4/2022 0:00', 2, 0, 0, 0, 0, 0),
(132, 40, '2/4/2022', '2022-02-04', 368, 0, 368, 0, 0, 0, 0, 0, 0, '2/4/2022 0:00', 2, 0, 0, 0, 0, 0),
(133, 41, '2/4/2022', '2022-02-04', 794, 0, 794, 0, 0, 0, 0, 0, 0, '2/4/2022 0:00', 2, 0, 0, 0, 0, 0),
(134, 37, '2/4/2022', '2022-02-04', 672, 0, 672, 0, 0, 0, 0, 0, 0, '2/4/2022 0:00', 2, 0, 0, 0, 0, 0),
(135, 17, '2/4/2022', '2022-02-04', 840, 0, 839, 0, 1, 0, 0, 0, 0, '2/4/2022 0:00', 2, 0, 0, 0, 0, 0),
(136, 38, '2/4/2022', '2022-02-04', 429, 0, 429, 0, 0, 0, 0, 0, 0, '2/4/2022 0:00', 2, 0, 0, 0, 0, 0),
(137, 38, '2/4/2022', '2022-02-04', 0, 0, 0, 0, 0, 0, 0, 0, 0, '2/4/2022 0:00', 2, 0, 0, 0, 0, 0),
(138, 43, '2/4/2022', '2022-02-04', 730, 0, 730, 0, 0, 0, 0, 0, 0, '2/4/2022 0:00', 2, 0, 0, 0, 0, 0),
(139, 44, '2/4/2022', '2022-02-04', 196, 0, 196, 0, 0, 0, 0, 0, 0, '2/4/2022 0:00', 2, 0, 0, 0, 0, 0),
(140, 45, '2/4/2022', '2022-02-04', 211, 0, 211, 0, 0, 0, 0, 0, 0, '2/4/2022 0:00', 2, 0, 0, 0, 0, 0),
(141, 47, '2/4/2022', '2022-02-04', 353, 0, 353, 0, 0, 0, 0, 0, 0, '2/4/2022 0:00', 2, 0, 0, 0, 0, 0),
(142, 48, '2/4/2022', '2022-02-04', 48, 0, 47, 0, 1, 0, 0, 0, 0, '2/4/2022 0:00', 2, 0, 0, 0, 0, 0),
(143, 49, '2/4/2022', '2022-02-04', 0, 0, 0, 0, 0, 0, 0, 0, 0, '2/4/2022 0:00', 2, 0, 0, 0, 0, 0),
(144, 50, '2/4/2022', '2022-02-04', 244, 0, 244, 0, 0, 0, 0, 0, 0, '2/4/2022 0:00', 2, 0, 0, 0, 0, 0),
(145, 20, '2/4/2022', '2022-02-04', 0, 0, 0, 0, 0, 0, 0, 0, 0, '2/4/2022 0:00', 2, 0, 0, 0, 0, 0),
(146, 51, '2/4/2022', '2022-02-04', 117, 0, 117, 0, 0, 0, 0, 0, 0, '2/4/2022 0:00', 2, 0, 0, 0, 0, 0),
(147, 51, '2/4/2022', '2022-02-04', 0, 0, 0, 0, 0, 0, 0, 0, 0, '2/4/2022 0:00', 2, 0, 0, 0, 0, 0),
(148, 52, '2/4/2022', '2022-02-04', 48, 0, 48, 0, 0, 0, 0, 0, 0, '2/4/2022 0:00', 2, 0, 0, 0, 0, 0),
(149, 28, '2/4/2022', '2022-02-04', 2175, 0, 2174, 1, 0, 0, 0, 0, 0, '2/4/2022 0:00', 3, 0, 0, 0, 0, 0),
(150, 33, '2/4/2022', '2022-02-04', 0, 0, 0, 0, 0, 0, 0, 0, 0, '2/4/2022 0:00', 3, 0, 0, 0, 0, 0),
(151, 10, '2/4/2022', '2022-02-04', 654, 0, 654, 0, 0, 0, 0, 0, 0, '2/4/2022 0:00', 3, 0, 0, 0, 0, 0),
(152, 10, '2/4/2022', '2022-02-04', 0, 0, 0, 0, 0, 0, 0, 0, 0, '2/4/2022 0:00', 3, 0, 0, 0, 0, 0),
(153, 32, '2/4/2022', '2022-02-04', 206, 0, 206, 0, 0, 0, 0, 0, 0, '2/4/2022 0:00', 3, 0, 0, 0, 0, 0),
(154, 31, '2/4/2022', '2022-02-04', 1, 0, 0, 0, 1, 0, 0, 0, 0, '2/4/2022 0:00', 3, 0, 0, 0, 0, 0),
(155, 12, '2/4/2022', '2022-02-04', 0, 0, 0, 0, 0, 0, 0, 0, 0, '2/4/2022 0:00', 3, 0, 0, 0, 0, 0),
(156, 35, '2/4/2022', '2022-02-04', 861, 0, 860, 0, 1, 0, 0, 0, 0, '2/4/2022 0:00', 3, 0, 0, 0, 0, 0),
(157, 39, '2/4/2022', '2022-02-04', 195, 0, 194, 0, 1, 0, 0, 0, 0, '2/4/2022 0:00', 3, 0, 0, 0, 0, 0),
(158, 40, '2/4/2022', '2022-02-04', 39, 0, 39, 0, 0, 0, 0, 0, 0, '2/4/2022 0:00', 3, 0, 0, 0, 0, 0),
(159, 41, '2/4/2022', '2022-02-04', 378, 0, 378, 0, 0, 0, 0, 0, 0, '2/4/2022 0:00', 3, 0, 0, 0, 0, 0),
(160, 37, '2/4/2022', '2022-02-04', 760, 0, 760, 0, 0, 0, 0, 0, 0, '2/4/2022 0:00', 3, 0, 0, 0, 0, 0),
(161, 17, '2/4/2022', '2022-02-04', 446, 0, 443, 0, 3, 0, 0, 0, 0, '2/4/2022 0:00', 3, 0, 0, 0, 0, 0),
(162, 38, '2/4/2022', '2022-02-04', 829, 0, 829, 0, 0, 0, 0, 0, 0, '2/4/2022 0:00', 3, 0, 0, 0, 0, 0),
(163, 38, '2/4/2022', '2022-02-04', 0, 0, 0, 0, 0, 0, 0, 0, 0, '2/4/2022 0:00', 3, 0, 0, 0, 0, 0),
(164, 43, '2/4/2022', '2022-02-04', 1, 0, 0, 1, 0, 0, 0, 0, 0, '2/4/2022 0:00', 3, 0, 0, 0, 0, 0),
(165, 44, '2/4/2022', '2022-02-04', 200, 0, 200, 0, 0, 0, 0, 0, 0, '2/4/2022 0:00', 3, 0, 0, 0, 0, 0),
(166, 45, '2/4/2022', '2022-02-04', 181, 0, 174, 0, 7, 0, 0, 0, 0, '2/4/2022 0:00', 3, 0, 0, 0, 0, 0),
(167, 47, '2/4/2022', '2022-02-04', 647, 0, 646, 1, 0, 0, 0, 0, 0, '2/4/2022 0:00', 3, 0, 0, 0, 0, 0),
(168, 48, '2/4/2022', '2022-02-04', 93, 0, 93, 0, 0, 0, 0, 0, 0, '2/4/2022 0:00', 3, 0, 0, 0, 0, 0),
(169, 49, '2/4/2022', '2022-02-04', 3, 0, 0, 3, 0, 0, 0, 0, 0, '2/4/2022 0:00', 3, 0, 0, 0, 0, 0),
(170, 50, '2/4/2022', '2022-02-04', 8, 0, 8, 0, 0, 0, 0, 0, 0, '2/4/2022 0:00', 3, 0, 0, 0, 0, 0),
(171, 20, '2/4/2022', '2022-02-04', 5, 0, 5, 0, 0, 0, 0, 0, 0, '2/4/2022 0:00', 3, 0, 0, 0, 0, 0),
(172, 51, '2/4/2022', '2022-02-04', 0, 0, 0, 0, 0, 0, 0, 0, 0, '2/4/2022 0:00', 3, 0, 0, 0, 0, 0),
(173, 51, '2/4/2022', '2022-02-04', 0, 0, 0, 0, 0, 0, 0, 0, 0, '2/4/2022 0:00', 3, 0, 0, 0, 0, 0),
(174, 52, '2/4/2022', '2022-02-04', 1, 0, 0, 0, 1, 0, 0, 0, 0, '2/4/2022 0:00', 3, 0, 0, 0, 0, 0),
(175, 28, '2/7/2022', '2022-02-07', 672, 0, 596, 72, 4, 0, 0, 0, 0, '2/7/2022 0:00', 1, 0, 0, 0, 0, 0),
(176, 33, '2/7/2022', '2022-02-07', 240, 0, 239, 0, 1, 0, 0, 0, 0, '2/7/2022 0:00', 1, 0, 0, 0, 0, 0),
(177, 10, '2/7/2022', '2022-02-07', 91, 0, 91, 0, 0, 0, 0, 0, 0, '2/7/2022 0:00', 1, 0, 0, 0, 0, 0),
(178, 10, '2/7/2022', '2022-02-07', 0, 0, 0, 0, 0, 0, 0, 0, 0, '2/7/2022 0:00', 1, 0, 0, 0, 0, 0),
(179, 32, '2/7/2022', '2022-02-07', 329, 0, 329, 0, 0, 0, 0, 0, 0, '2/7/2022 0:00', 1, 0, 0, 0, 0, 0),
(180, 31, '2/7/2022', '2022-02-07', 430, 0, 430, 0, 0, 0, 0, 0, 0, '2/7/2022 0:00', 1, 0, 0, 0, 0, 0),
(181, 12, '2/7/2022', '2022-02-07', 246, 0, 246, 0, 0, 0, 0, 0, 0, '2/7/2022 0:00', 1, 0, 0, 0, 0, 0),
(182, 35, '2/7/2022', '2022-02-07', 506, 0, 500, 1, 5, 0, 0, 0, 0, '2/7/2022 0:00', 1, 0, 0, 0, 0, 0),
(183, 39, '2/7/2022', '2022-02-07', 252, 0, 252, 0, 0, 0, 0, 0, 0, '2/7/2022 0:00', 1, 0, 0, 0, 0, 0),
(184, 40, '2/7/2022', '2022-02-07', 332, 0, 309, 20, 3, 0, 0, 0, 0, '2/7/2022 0:00', 1, 0, 0, 0, 0, 0),
(185, 41, '2/7/2022', '2022-02-07', 221, 0, 221, 0, 0, 0, 0, 0, 0, '2/7/2022 0:00', 1, 0, 0, 0, 0, 0),
(186, 37, '2/7/2022', '2022-02-07', 411, 0, 410, 0, 1, 0, 0, 0, 0, '2/7/2022 0:00', 1, 0, 0, 0, 0, 0),
(187, 17, '2/7/2022', '2022-02-07', 514, 0, 512, 0, 2, 0, 0, 0, 0, '2/7/2022 0:00', 1, 0, 0, 0, 0, 0),
(188, 38, '2/7/2022', '2022-02-07', 245, 0, 245, 0, 0, 0, 0, 0, 0, '2/7/2022 0:00', 1, 0, 0, 0, 0, 0),
(189, 38, '2/7/2022', '2022-02-07', 470, 0, 470, 0, 0, 0, 0, 0, 0, '2/7/2022 0:00', 1, 0, 0, 0, 0, 0),
(190, 43, '2/7/2022', '2022-02-07', 531, 0, 531, 0, 0, 0, 0, 0, 0, '2/7/2022 0:00', 1, 0, 0, 0, 0, 0),
(191, 44, '2/7/2022', '2022-02-07', 0, 0, 0, 0, 0, 0, 0, 0, 0, '2/7/2022 0:00', 1, 0, 0, 0, 0, 0),
(192, 45, '2/7/2022', '2022-02-07', 83, 0, 83, 0, 0, 0, 0, 0, 0, '2/7/2022 0:00', 1, 0, 0, 0, 0, 0),
(193, 47, '2/7/2022', '2022-02-07', 502, 0, 466, 29, 7, 0, 0, 0, 0, '2/7/2022 0:00', 1, 0, 0, 0, 0, 0),
(194, 48, '2/7/2022', '2022-02-07', 186, 0, 186, 0, 0, 0, 0, 0, 0, '2/7/2022 0:00', 1, 0, 0, 0, 0, 0),
(195, 49, '2/7/2022', '2022-02-07', 212, 0, 161, 47, 4, 0, 0, 0, 0, '2/7/2022 0:00', 1, 0, 0, 0, 0, 0),
(196, 50, '2/7/2022', '2022-02-07', 477, 0, 463, 13, 1, 0, 0, 0, 0, '2/7/2022 0:00', 1, 0, 0, 0, 0, 0),
(197, 20, '2/7/2022', '2022-02-07', 107, 0, 107, 0, 0, 0, 0, 0, 0, '2/7/2022 0:00', 1, 0, 0, 0, 0, 0),
(198, 51, '2/7/2022', '2022-02-07', 159, 0, 157, 0, 2, 0, 0, 0, 0, '2/7/2022 0:00', 1, 0, 0, 0, 0, 0),
(199, 51, '2/7/2022', '2022-02-07', 212, 0, 210, 0, 2, 0, 0, 0, 0, '2/7/2022 0:00', 1, 0, 0, 0, 0, 0),
(200, 52, '2/7/2022', '2022-02-07', 135, 0, 135, 0, 0, 0, 0, 0, 0, '2/7/2022 0:00', 1, 0, 0, 0, 0, 0),
(201, 28, '2/7/2022', '2022-02-07', 0, 0, 0, 0, 0, 0, 0, 0, 0, '2/7/2022 0:00', 2, 0, 0, 0, 0, 0),
(202, 33, '2/7/2022', '2022-02-07', 0, 0, 0, 0, 0, 0, 0, 0, 0, '2/7/2022 0:00', 2, 0, 0, 0, 0, 0),
(203, 10, '2/7/2022', '2022-02-07', 166, 0, 166, 0, 0, 0, 0, 0, 0, '2/7/2022 0:00', 2, 0, 0, 0, 0, 0),
(204, 10, '2/7/2022', '2022-02-07', 0, 0, 0, 0, 0, 0, 0, 0, 0, '2/7/2022 0:00', 2, 0, 0, 0, 0, 0),
(205, 32, '2/7/2022', '2022-02-07', 76, 0, 76, 0, 0, 0, 0, 0, 0, '2/7/2022 0:00', 2, 0, 0, 0, 0, 0),
(206, 31, '2/7/2022', '2022-02-07', 223, 0, 223, 0, 0, 0, 0, 0, 0, '2/7/2022 0:00', 2, 0, 0, 0, 0, 0),
(207, 12, '2/7/2022', '2022-02-07', 0, 0, 0, 0, 0, 0, 0, 0, 0, '2/7/2022 0:00', 2, 0, 0, 0, 0, 0),
(208, 35, '2/7/2022', '2022-02-07', 520, 0, 520, 0, 0, 0, 0, 0, 0, '2/7/2022 0:00', 2, 0, 0, 0, 0, 0),
(209, 39, '2/7/2022', '2022-02-07', 247, 0, 247, 0, 0, 0, 0, 0, 0, '2/7/2022 0:00', 2, 0, 0, 0, 0, 0),
(210, 40, '2/7/2022', '2022-02-07', 367, 0, 367, 0, 0, 0, 0, 0, 0, '2/7/2022 0:00', 2, 0, 0, 0, 0, 0),
(211, 41, '2/7/2022', '2022-02-07', 794, 0, 794, 0, 0, 0, 0, 0, 0, '2/7/2022 0:00', 2, 0, 0, 0, 0, 0),
(212, 37, '2/7/2022', '2022-02-07', 672, 0, 672, 0, 0, 0, 0, 0, 0, '2/7/2022 0:00', 2, 0, 0, 0, 0, 0),
(213, 17, '2/7/2022', '2022-02-07', 840, 0, 839, 0, 1, 0, 0, 0, 0, '2/7/2022 0:00', 2, 0, 0, 0, 0, 0),
(214, 38, '2/7/2022', '2022-02-07', 429, 0, 429, 0, 0, 0, 0, 0, 0, '2/7/2022 0:00', 2, 0, 0, 0, 0, 0),
(215, 38, '2/7/2022', '2022-02-07', 0, 0, 0, 0, 0, 0, 0, 0, 0, '2/7/2022 0:00', 2, 0, 0, 0, 0, 0),
(216, 43, '2/7/2022', '2022-02-07', 730, 0, 730, 0, 0, 0, 0, 0, 0, '2/7/2022 0:00', 2, 0, 0, 0, 0, 0),
(217, 44, '2/7/2022', '2022-02-07', 196, 0, 196, 0, 0, 0, 0, 0, 0, '2/7/2022 0:00', 2, 0, 0, 0, 0, 0),
(218, 45, '2/7/2022', '2022-02-07', 211, 0, 211, 0, 0, 0, 0, 0, 0, '2/7/2022 0:00', 2, 0, 0, 0, 0, 0),
(219, 47, '2/7/2022', '2022-02-07', 353, 0, 353, 0, 0, 0, 0, 0, 0, '2/7/2022 0:00', 2, 0, 0, 0, 0, 0),
(220, 48, '2/7/2022', '2022-02-07', 48, 0, 48, 0, 0, 0, 0, 0, 0, '2/7/2022 0:00', 2, 0, 0, 0, 0, 0),
(221, 49, '2/7/2022', '2022-02-07', 0, 0, 0, 0, 0, 0, 0, 0, 0, '2/7/2022 0:00', 2, 0, 0, 0, 0, 0),
(222, 50, '2/7/2022', '2022-02-07', 244, 0, 244, 0, 0, 0, 0, 0, 0, '2/7/2022 0:00', 2, 0, 0, 0, 0, 0),
(223, 20, '2/7/2022', '2022-02-07', 0, 0, 0, 0, 0, 0, 0, 0, 0, '2/7/2022 0:00', 2, 0, 0, 0, 0, 0),
(224, 51, '2/7/2022', '2022-02-07', 117, 0, 117, 0, 0, 0, 0, 0, 0, '2/7/2022 0:00', 2, 0, 0, 0, 0, 0),
(225, 51, '2/7/2022', '2022-02-07', 0, 0, 0, 0, 0, 0, 0, 0, 0, '2/7/2022 0:00', 2, 0, 0, 0, 0, 0),
(226, 52, '2/7/2022', '2022-02-07', 48, 0, 48, 0, 0, 0, 0, 0, 0, '2/7/2022 0:00', 2, 0, 0, 0, 0, 0),
(227, 28, '2/7/2022', '2022-02-07', 2175, 0, 2174, 1, 0, 0, 0, 0, 0, '2/7/2022 0:00', 3, 0, 0, 0, 0, 0),
(228, 33, '2/7/2022', '2022-02-07', 0, 0, 0, 0, 0, 0, 0, 0, 0, '2/7/2022 0:00', 3, 0, 0, 0, 0, 0),
(229, 10, '2/7/2022', '2022-02-07', 654, 0, 654, 0, 0, 0, 0, 0, 0, '2/7/2022 0:00', 3, 0, 0, 0, 0, 0),
(230, 10, '2/7/2022', '2022-02-07', 0, 0, 0, 0, 0, 0, 0, 0, 0, '2/7/2022 0:00', 3, 0, 0, 0, 0, 0),
(231, 32, '2/7/2022', '2022-02-07', 206, 0, 206, 0, 0, 0, 0, 0, 0, '2/7/2022 0:00', 3, 0, 0, 0, 0, 0),
(232, 31, '2/7/2022', '2022-02-07', 1, 0, 0, 0, 1, 0, 0, 0, 0, '2/7/2022 0:00', 3, 0, 0, 0, 0, 0),
(233, 12, '2/7/2022', '2022-02-07', 0, 0, 0, 0, 0, 0, 0, 0, 0, '2/7/2022 0:00', 3, 0, 0, 0, 0, 0),
(234, 35, '2/7/2022', '2022-02-07', 861, 0, 860, 0, 1, 0, 0, 0, 0, '2/7/2022 0:00', 3, 0, 0, 0, 0, 0),
(235, 39, '2/7/2022', '2022-02-07', 195, 0, 194, 0, 1, 0, 0, 0, 0, '2/7/2022 0:00', 3, 0, 0, 0, 0, 0),
(236, 40, '2/7/2022', '2022-02-07', 39, 0, 39, 0, 0, 0, 0, 0, 0, '2/7/2022 0:00', 3, 0, 0, 0, 0, 0),
(237, 41, '2/7/2022', '2022-02-07', 378, 0, 378, 0, 0, 0, 0, 0, 0, '2/7/2022 0:00', 3, 0, 0, 0, 0, 0),
(238, 37, '2/7/2022', '2022-02-07', 760, 0, 760, 0, 0, 0, 0, 0, 0, '2/7/2022 0:00', 3, 0, 0, 0, 0, 0),
(239, 17, '2/7/2022', '2022-02-07', 444, 0, 443, 0, 1, 0, 0, 0, 0, '2/7/2022 0:00', 3, 0, 0, 0, 0, 0),
(240, 38, '2/7/2022', '2022-02-07', 829, 0, 829, 0, 0, 0, 0, 0, 0, '2/7/2022 0:00', 3, 0, 0, 0, 0, 0),
(241, 38, '2/7/2022', '2022-02-07', 0, 0, 0, 0, 0, 0, 0, 0, 0, '2/7/2022 0:00', 3, 0, 0, 0, 0, 0),
(242, 43, '2/7/2022', '2022-02-07', 1, 0, 0, 1, 0, 0, 0, 0, 0, '2/7/2022 0:00', 3, 0, 0, 0, 0, 0),
(243, 44, '2/7/2022', '2022-02-07', 200, 0, 200, 0, 0, 0, 0, 0, 0, '2/7/2022 0:00', 3, 0, 0, 0, 0, 0),
(244, 45, '2/7/2022', '2022-02-07', 181, 0, 174, 0, 7, 0, 0, 0, 0, '2/7/2022 0:00', 3, 0, 0, 0, 0, 0),
(245, 47, '2/7/2022', '2022-02-07', 214, 0, 197, 10, 7, 0, 0, 0, 0, '2/7/2022 0:00', 3, 0, 0, 0, 0, 0),
(246, 48, '2/7/2022', '2022-02-07', 93, 0, 93, 0, 0, 0, 0, 0, 0, '2/7/2022 0:00', 3, 0, 0, 0, 0, 0),
(247, 49, '2/7/2022', '2022-02-07', 3, 0, 0, 3, 0, 0, 0, 0, 0, '2/7/2022 0:00', 3, 0, 0, 0, 0, 0),
(248, 50, '2/7/2022', '2022-02-07', 7, 0, 7, 0, 0, 0, 0, 0, 0, '2/7/2022 0:00', 3, 0, 0, 0, 0, 0),
(249, 20, '2/7/2022', '2022-02-07', 5, 0, 5, 0, 0, 0, 0, 0, 0, '2/7/2022 0:00', 3, 0, 0, 0, 0, 0),
(250, 51, '2/7/2022', '2022-02-07', 0, 0, 0, 0, 0, 0, 0, 0, 0, '2/7/2022 0:00', 3, 0, 0, 0, 0, 0),
(251, 51, '2/7/2022', '2022-02-07', 0, 0, 0, 0, 0, 0, 0, 0, 0, '2/7/2022 0:00', 3, 0, 0, 0, 0, 0),
(252, 52, '2/7/2022', '2022-02-07', 1, 0, 0, 0, 1, 0, 0, 0, 0, '2/7/2022 0:00', 3, 0, 0, 0, 0, 0),
(253, 28, '2/8/2022', '2022-02-08', 672, 0, 472, 196, 4, 0, 0, 0, 0, '2/8/2022 0:00', 1, 0, 0, 0, 0, 0),
(254, 33, '2/8/2022', '2022-02-08', 240, 0, 240, 0, 0, 0, 0, 0, 0, '2/8/2022 0:00', 1, 0, 0, 0, 0, 0),
(255, 10, '2/8/2022', '2022-02-08', 91, 0, 91, 0, 0, 0, 0, 0, 0, '2/8/2022 0:00', 1, 0, 0, 0, 0, 0),
(256, 10, '2/8/2022', '2022-02-08', 0, 0, 0, 0, 0, 0, 0, 0, 0, '2/8/2022 0:00', 1, 0, 0, 0, 0, 0),
(257, 32, '2/8/2022', '2022-02-08', 548, 0, 548, 0, 0, 0, 0, 0, 0, '2/8/2022 0:00', 1, 0, 0, 0, 0, 0),
(258, 31, '2/8/2022', '2022-02-08', 430, 0, 430, 0, 0, 0, 0, 0, 0, '2/8/2022 0:00', 1, 0, 0, 0, 0, 0),
(259, 12, '2/8/2022', '2022-02-08', 246, 0, 246, 0, 0, 0, 0, 0, 0, '2/8/2022 0:00', 1, 0, 0, 0, 0, 0),
(260, 35, '2/8/2022', '2022-02-08', 506, 0, 497, 1, 8, 0, 0, 0, 0, '2/8/2022 0:00', 1, 0, 0, 0, 0, 0),
(261, 39, '2/8/2022', '2022-02-08', 252, 0, 250, 2, 0, 0, 0, 0, 0, '2/8/2022 0:00', 1, 0, 0, 0, 0, 0),
(262, 40, '2/8/2022', '2022-02-08', 332, 0, 302, 27, 3, 0, 0, 0, 0, '2/8/2022 0:00', 1, 0, 0, 0, 0, 0),
(263, 41, '2/8/2022', '2022-02-08', 221, 0, 221, 0, 0, 0, 0, 0, 0, '2/8/2022 0:00', 1, 0, 0, 0, 0, 0),
(264, 37, '2/8/2022', '2022-02-08', 411, 0, 410, 0, 1, 0, 0, 0, 0, '2/8/2022 0:00', 1, 0, 0, 0, 0, 0),
(265, 17, '2/8/2022', '2022-02-08', 514, 0, 512, 0, 2, 0, 0, 0, 0, '2/8/2022 0:00', 1, 0, 0, 0, 0, 0),
(266, 38, '2/8/2022', '2022-02-08', 245, 0, 245, 0, 0, 0, 0, 0, 0, '2/8/2022 0:00', 1, 0, 0, 0, 0, 0),
(267, 38, '2/8/2022', '2022-02-08', 470, 0, 470, 0, 0, 0, 0, 0, 0, '2/8/2022 0:00', 1, 0, 0, 0, 0, 0),
(268, 43, '2/8/2022', '2022-02-08', 531, 0, 531, 0, 0, 0, 0, 0, 0, '2/8/2022 0:00', 1, 0, 0, 0, 0, 0),
(269, 44, '2/8/2022', '2022-02-08', 0, 0, 0, 0, 0, 0, 0, 0, 0, '2/8/2022 0:00', 1, 0, 0, 0, 0, 0),
(270, 45, '2/8/2022', '2022-02-08', 83, 0, 83, 0, 0, 0, 0, 0, 0, '2/8/2022 0:00', 1, 0, 0, 0, 0, 0),
(271, 47, '2/8/2022', '2022-02-08', 502, 0, 432, 60, 10, 0, 0, 0, 0, '2/8/2022 0:00', 1, 0, 0, 0, 0, 0),
(272, 48, '2/8/2022', '2022-02-08', 186, 0, 186, 0, 0, 0, 0, 0, 0, '2/8/2022 0:00', 1, 0, 0, 0, 0, 0),
(273, 49, '2/8/2022', '2022-02-08', 212, 0, 161, 47, 4, 0, 0, 0, 0, '2/8/2022 0:00', 1, 0, 0, 0, 0, 0),
(274, 50, '2/8/2022', '2022-02-08', 477, 0, 474, 2, 1, 0, 0, 0, 0, '2/8/2022 0:00', 1, 0, 0, 0, 0, 0),
(275, 20, '2/8/2022', '2022-02-08', 107, 0, 107, 0, 0, 0, 0, 0, 0, '2/8/2022 0:00', 1, 0, 0, 0, 0, 0),
(276, 51, '2/8/2022', '2022-02-08', 159, 0, 158, 0, 1, 0, 0, 0, 0, '2/8/2022 0:00', 1, 0, 0, 0, 0, 0),
(277, 51, '2/8/2022', '2022-02-08', 212, 0, 212, 0, 0, 0, 0, 0, 0, '2/8/2022 0:00', 1, 0, 0, 0, 0, 0),
(278, 52, '2/8/2022', '2022-02-08', 135, 0, 135, 0, 0, 0, 0, 0, 0, '2/8/2022 0:00', 1, 0, 0, 0, 0, 0),
(279, 28, '2/8/2022', '2022-02-08', 0, 0, 0, 0, 0, 0, 0, 0, 0, '2/8/2022 0:00', 2, 0, 0, 0, 0, 0),
(280, 33, '2/8/2022', '2022-02-08', 0, 0, 0, 0, 0, 0, 0, 0, 0, '2/8/2022 0:00', 2, 0, 0, 0, 0, 0),
(281, 10, '2/8/2022', '2022-02-08', 166, 0, 166, 0, 0, 0, 0, 0, 0, '2/8/2022 0:00', 2, 0, 0, 0, 0, 0),
(282, 10, '2/8/2022', '2022-02-08', 0, 0, 0, 0, 0, 0, 0, 0, 0, '2/8/2022 0:00', 2, 0, 0, 0, 0, 0),
(283, 32, '2/8/2022', '2022-02-08', 63, 0, 63, 0, 0, 0, 0, 0, 0, '2/8/2022 0:00', 2, 0, 0, 0, 0, 0),
(284, 31, '2/8/2022', '2022-02-08', 222, 0, 222, 0, 0, 0, 0, 0, 0, '2/8/2022 0:00', 2, 0, 0, 0, 0, 0),
(285, 12, '2/8/2022', '2022-02-08', 0, 0, 0, 0, 0, 0, 0, 0, 0, '2/8/2022 0:00', 2, 0, 0, 0, 0, 0),
(286, 35, '2/8/2022', '2022-02-08', 520, 0, 520, 0, 0, 0, 0, 0, 0, '2/8/2022 0:00', 2, 0, 0, 0, 0, 0),
(287, 39, '2/8/2022', '2022-02-08', 247, 0, 247, 0, 0, 0, 0, 0, 0, '2/8/2022 0:00', 2, 0, 0, 0, 0, 0),
(288, 40, '2/8/2022', '2022-02-08', 367, 0, 367, 0, 0, 0, 0, 0, 0, '2/8/2022 0:00', 2, 0, 0, 0, 0, 0),
(289, 41, '2/8/2022', '2022-02-08', 794, 0, 794, 0, 0, 0, 0, 0, 0, '2/8/2022 0:00', 2, 0, 0, 0, 0, 0),
(290, 37, '2/8/2022', '2022-02-08', 672, 0, 672, 0, 0, 0, 0, 0, 0, '2/8/2022 0:00', 2, 0, 0, 0, 0, 0),
(291, 17, '2/8/2022', '2022-02-08', 839, 0, 838, 0, 1, 0, 0, 0, 0, '2/8/2022 0:00', 2, 0, 0, 0, 0, 0),
(292, 38, '2/8/2022', '2022-02-08', 429, 0, 429, 0, 0, 0, 0, 0, 0, '2/8/2022 0:00', 2, 0, 0, 0, 0, 0),
(293, 38, '2/8/2022', '2022-02-08', 0, 0, 0, 0, 0, 0, 0, 0, 0, '2/8/2022 0:00', 2, 0, 0, 0, 0, 0),
(294, 43, '2/8/2022', '2022-02-08', 730, 0, 730, 0, 0, 0, 0, 0, 0, '2/8/2022 0:00', 2, 0, 0, 0, 0, 0),
(295, 44, '2/8/2022', '2022-02-08', 196, 0, 196, 0, 0, 0, 0, 0, 0, '2/8/2022 0:00', 2, 0, 0, 0, 0, 0),
(296, 45, '2/8/2022', '2022-02-08', 211, 0, 211, 0, 0, 0, 0, 0, 0, '2/8/2022 0:00', 2, 0, 0, 0, 0, 0),
(297, 47, '2/8/2022', '2022-02-08', 353, 0, 353, 0, 0, 0, 0, 0, 0, '2/8/2022 0:00', 2, 0, 0, 0, 0, 0),
(298, 48, '2/8/2022', '2022-02-08', 48, 0, 48, 0, 0, 0, 0, 0, 0, '2/8/2022 0:00', 2, 0, 0, 0, 0, 0),
(299, 49, '2/8/2022', '2022-02-08', 0, 0, 0, 0, 0, 0, 0, 0, 0, '2/8/2022 0:00', 2, 0, 0, 0, 0, 0),
(300, 50, '2/8/2022', '2022-02-08', 244, 0, 244, 0, 0, 0, 0, 0, 0, '2/8/2022 0:00', 2, 0, 0, 0, 0, 0),
(301, 20, '2/8/2022', '2022-02-08', 0, 0, 0, 0, 0, 0, 0, 0, 0, '2/8/2022 0:00', 2, 0, 0, 0, 0, 0),
(302, 51, '2/8/2022', '2022-02-08', 117, 0, 117, 0, 0, 0, 0, 0, 0, '2/8/2022 0:00', 2, 0, 0, 0, 0, 0),
(303, 51, '2/8/2022', '2022-02-08', 0, 0, 0, 0, 0, 0, 0, 0, 0, '2/8/2022 0:00', 2, 0, 0, 0, 0, 0),
(304, 52, '2/8/2022', '2022-02-08', 48, 0, 48, 0, 0, 0, 0, 0, 0, '2/8/2022 0:00', 2, 0, 0, 0, 0, 0),
(305, 28, '2/8/2022', '2022-02-08', 2175, 0, 2174, 1, 0, 0, 0, 0, 0, '2/8/2022 0:00', 3, 0, 0, 0, 0, 0),
(306, 33, '2/8/2022', '2022-02-08', 0, 0, 0, 0, 0, 0, 0, 0, 0, '2/8/2022 0:00', 3, 0, 0, 0, 0, 0),
(307, 10, '2/8/2022', '2022-02-08', 654, 0, 654, 0, 0, 0, 0, 0, 0, '2/8/2022 0:00', 3, 0, 0, 0, 0, 0),
(308, 10, '2/8/2022', '2022-02-08', 0, 0, 0, 0, 0, 0, 0, 0, 0, '2/8/2022 0:00', 3, 0, 0, 0, 0, 0),
(309, 32, '2/8/2022', '2022-02-08', 0, 0, 0, 0, 0, 0, 0, 0, 0, '2/8/2022 0:00', 3, 0, 0, 0, 0, 0),
(310, 31, '2/8/2022', '2022-02-08', 2, 0, 0, 1, 1, 0, 0, 0, 0, '2/8/2022 0:00', 3, 0, 0, 0, 0, 0),
(311, 12, '2/8/2022', '2022-02-08', 0, 0, 0, 0, 0, 0, 0, 0, 0, '2/8/2022 0:00', 3, 0, 0, 0, 0, 0),
(312, 35, '2/8/2022', '2022-02-08', 861, 0, 860, 0, 1, 0, 0, 0, 0, '2/8/2022 0:00', 3, 0, 0, 0, 0, 0),
(313, 39, '2/8/2022', '2022-02-08', 195, 0, 194, 0, 1, 0, 0, 0, 0, '2/8/2022 0:00', 3, 0, 0, 0, 0, 0),
(314, 40, '2/8/2022', '2022-02-08', 39, 0, 39, 0, 0, 0, 0, 0, 0, '2/8/2022 0:00', 3, 0, 0, 0, 0, 0),
(315, 41, '2/8/2022', '2022-02-08', 378, 0, 378, 0, 0, 0, 0, 0, 0, '2/8/2022 0:00', 3, 0, 0, 0, 0, 0),
(316, 37, '2/8/2022', '2022-02-08', 760, 0, 760, 0, 0, 0, 0, 0, 0, '2/8/2022 0:00', 3, 0, 0, 0, 0, 0),
(317, 17, '2/8/2022', '2022-02-08', 444, 0, 443, 0, 1, 0, 0, 0, 0, '2/8/2022 0:00', 3, 0, 0, 0, 0, 0),
(318, 38, '2/8/2022', '2022-02-08', 829, 0, 829, 0, 0, 0, 0, 0, 0, '2/8/2022 0:00', 3, 0, 0, 0, 0, 0),
(319, 38, '2/8/2022', '2022-02-08', 0, 0, 0, 0, 0, 0, 0, 0, 0, '2/8/2022 0:00', 3, 0, 0, 0, 0, 0),
(320, 43, '2/8/2022', '2022-02-08', 1, 0, 0, 1, 0, 0, 0, 0, 0, '2/8/2022 0:00', 3, 0, 0, 0, 0, 0),
(321, 44, '2/8/2022', '2022-02-08', 200, 0, 200, 0, 0, 0, 0, 0, 0, '2/8/2022 0:00', 3, 0, 0, 0, 0, 0),
(322, 45, '2/8/2022', '2022-02-08', 181, 0, 174, 0, 7, 0, 0, 0, 0, '2/8/2022 0:00', 3, 0, 0, 0, 0, 0),
(323, 47, '2/8/2022', '2022-02-08', 214, 0, 197, 10, 7, 0, 0, 0, 0, '2/8/2022 0:00', 3, 0, 0, 0, 0, 0),
(324, 48, '2/8/2022', '2022-02-08', 93, 0, 93, 0, 0, 0, 0, 0, 0, '2/8/2022 0:00', 3, 0, 0, 0, 0, 0),
(325, 49, '2/8/2022', '2022-02-08', 3, 0, 0, 3, 0, 0, 0, 0, 0, '2/8/2022 0:00', 3, 0, 0, 0, 0, 0),
(326, 50, '2/8/2022', '2022-02-08', 7, 0, 7, 0, 0, 0, 0, 0, 0, '2/8/2022 0:00', 3, 0, 0, 0, 0, 0),
(327, 20, '2/8/2022', '2022-02-08', 5, 0, 5, 0, 0, 0, 0, 0, 0, '2/8/2022 0:00', 3, 0, 0, 0, 0, 0),
(328, 51, '2/8/2022', '2022-02-08', 0, 0, 0, 0, 0, 0, 0, 0, 0, '2/8/2022 0:00', 3, 0, 0, 0, 0, 0),
(329, 51, '2/8/2022', '2022-02-08', 0, 0, 0, 0, 0, 0, 0, 0, 0, '2/8/2022 0:00', 3, 0, 0, 0, 0, 0),
(330, 52, '2/8/2022', '2022-02-08', 1, 0, 0, 0, 1, 0, 0, 0, 0, '2/8/2022 0:00', 3, 0, 0, 0, 0, 0),
(331, 28, '2/9/2022', '2022-02-09', 672, 0, 476, 192, 4, 0, 0, 0, 0, '2/9/2022 0:00', 1, 0, 0, 0, 0, 0),
(332, 33, '2/9/2022', '2022-02-09', 240, 0, 240, 0, 0, 0, 0, 0, 0, '2/9/2022 0:00', 1, 0, 0, 0, 0, 0),
(333, 10, '2/9/2022', '2022-02-09', 0, 0, 0, 0, 0, 0, 0, 0, 0, '2/9/2022 0:00', 1, 0, 0, 0, 0, 0),
(334, 10, '2/9/2022', '2022-02-09', 0, 0, 0, 0, 0, 0, 0, 0, 0, '2/9/2022 0:00', 1, 0, 0, 0, 0, 0),
(335, 32, '2/9/2022', '2022-02-09', 548, 0, 548, 0, 0, 0, 0, 0, 0, '2/9/2022 0:00', 1, 0, 0, 0, 0, 0),
(336, 31, '2/9/2022', '2022-02-09', 430, 0, 430, 0, 0, 0, 0, 0, 0, '2/9/2022 0:00', 1, 0, 0, 0, 0, 0),
(337, 12, '2/9/2022', '2022-02-09', 246, 0, 246, 0, 0, 0, 0, 0, 0, '2/9/2022 0:00', 1, 0, 0, 0, 0, 0),
(338, 35, '2/9/2022', '2022-02-09', 506, 0, 484, 9, 13, 0, 0, 0, 0, '2/9/2022 0:00', 1, 0, 0, 0, 0, 0),
(339, 39, '2/9/2022', '2022-02-09', 252, 0, 252, 0, 0, 0, 0, 0, 0, '2/9/2022 0:00', 1, 0, 0, 0, 0, 0),
(340, 40, '2/9/2022', '2022-02-09', 332, 0, 302, 27, 3, 0, 0, 0, 0, '2/9/2022 0:00', 1, 0, 0, 0, 0, 0),
(341, 41, '2/9/2022', '2022-02-09', 221, 0, 221, 0, 0, 0, 0, 0, 0, '2/9/2022 0:00', 1, 0, 0, 0, 0, 0),
(342, 37, '2/9/2022', '2022-02-09', 411, 0, 408, 0, 3, 0, 0, 0, 0, '2/9/2022 0:00', 1, 0, 0, 0, 0, 0),
(343, 17, '2/9/2022', '2022-02-09', 514, 0, 512, 0, 2, 0, 0, 0, 0, '2/9/2022 0:00', 1, 0, 0, 0, 0, 0),
(344, 38, '2/9/2022', '2022-02-09', 245, 0, 245, 0, 0, 0, 0, 0, 0, '2/9/2022 0:00', 1, 0, 0, 0, 0, 0),
(345, 38, '2/9/2022', '2022-02-09', 470, 0, 470, 0, 0, 0, 0, 0, 0, '2/9/2022 0:00', 1, 0, 0, 0, 0, 0),
(346, 43, '2/9/2022', '2022-02-09', 531, 0, 531, 0, 0, 0, 0, 0, 0, '2/9/2022 0:00', 1, 0, 0, 0, 0, 0),
(347, 44, '2/9/2022', '2022-02-09', 0, 0, 0, 0, 0, 0, 0, 0, 0, '2/9/2022 0:00', 1, 0, 0, 0, 0, 0),
(348, 45, '2/9/2022', '2022-02-09', 83, 0, 83, 0, 0, 0, 0, 0, 0, '2/9/2022 0:00', 1, 0, 0, 0, 0, 0),
(349, 47, '2/9/2022', '2022-02-09', 502, 0, 438, 54, 10, 0, 0, 0, 0, '2/9/2022 0:00', 1, 0, 0, 0, 0, 0),
(350, 48, '2/9/2022', '2022-02-09', 186, 0, 186, 0, 0, 0, 0, 0, 0, '2/9/2022 0:00', 1, 0, 0, 0, 0, 0),
(351, 49, '2/9/2022', '2022-02-09', 212, 0, 161, 47, 4, 0, 0, 0, 0, '2/9/2022 0:00', 1, 0, 0, 0, 0, 0),
(352, 50, '2/9/2022', '2022-02-09', 476, 0, 464, 12, 0, 0, 0, 0, 0, '2/9/2022 0:00', 1, 0, 0, 0, 0, 0),
(353, 20, '2/9/2022', '2022-02-09', 107, 0, 107, 0, 0, 0, 0, 0, 0, '2/9/2022 0:00', 1, 0, 0, 0, 0, 0),
(354, 51, '2/9/2022', '2022-02-09', 159, 0, 157, 0, 2, 0, 0, 0, 0, '2/9/2022 0:00', 1, 0, 0, 0, 0, 0),
(355, 51, '2/9/2022', '2022-02-09', 212, 0, 212, 0, 0, 0, 0, 0, 0, '2/9/2022 0:00', 1, 0, 0, 0, 0, 0),
(356, 52, '2/9/2022', '2022-02-09', 135, 0, 135, 0, 0, 0, 0, 0, 0, '2/9/2022 0:00', 1, 0, 0, 0, 0, 0),
(357, 28, '2/9/2022', '2022-02-09', 0, 0, 0, 0, 0, 0, 0, 0, 0, '2/9/2022 0:00', 2, 0, 0, 0, 0, 0),
(358, 33, '2/9/2022', '2022-02-09', 0, 0, 0, 0, 0, 0, 0, 0, 0, '2/9/2022 0:00', 2, 0, 0, 0, 0, 0),
(359, 10, '2/9/2022', '2022-02-09', 166, 0, 166, 0, 0, 0, 0, 0, 0, '2/9/2022 0:00', 2, 0, 0, 0, 0, 0),
(360, 10, '2/9/2022', '2022-02-09', 0, 0, 0, 0, 0, 0, 0, 0, 0, '2/9/2022 0:00', 2, 0, 0, 0, 0, 0),
(361, 32, '2/9/2022', '2022-02-09', 63, 0, 63, 0, 0, 0, 0, 0, 0, '2/9/2022 0:00', 2, 0, 0, 0, 0, 0),
(362, 31, '2/9/2022', '2022-02-09', 223, 0, 220, 2, 1, 0, 0, 0, 0, '2/9/2022 0:00', 2, 0, 0, 0, 0, 0),
(363, 12, '2/9/2022', '2022-02-09', 0, 0, 0, 0, 0, 0, 0, 0, 0, '2/9/2022 0:00', 2, 0, 0, 0, 0, 0),
(364, 35, '2/9/2022', '2022-02-09', 520, 0, 520, 0, 0, 0, 0, 0, 0, '2/9/2022 0:00', 2, 0, 0, 0, 0, 0),
(365, 39, '2/9/2022', '2022-02-09', 247, 0, 247, 0, 0, 0, 0, 0, 0, '2/9/2022 0:00', 2, 0, 0, 0, 0, 0),
(366, 40, '2/9/2022', '2022-02-09', 367, 0, 367, 0, 0, 0, 0, 0, 0, '2/9/2022 0:00', 2, 0, 0, 0, 0, 0),
(367, 41, '2/9/2022', '2022-02-09', 794, 0, 794, 0, 0, 0, 0, 0, 0, '2/9/2022 0:00', 2, 0, 0, 0, 0, 0),
(368, 37, '2/9/2022', '2022-02-09', 672, 0, 672, 0, 0, 0, 0, 0, 0, '2/9/2022 0:00', 2, 0, 0, 0, 0, 0),
(369, 17, '2/9/2022', '2022-02-09', 839, 0, 838, 0, 1, 0, 0, 0, 0, '2/9/2022 0:00', 2, 0, 0, 0, 0, 0),
(370, 38, '2/9/2022', '2022-02-09', 429, 0, 429, 0, 0, 0, 0, 0, 0, '2/9/2022 0:00', 2, 0, 0, 0, 0, 0),
(371, 38, '2/9/2022', '2022-02-09', 0, 0, 0, 0, 0, 0, 0, 0, 0, '2/9/2022 0:00', 2, 0, 0, 0, 0, 0),
(372, 43, '2/9/2022', '2022-02-09', 730, 0, 730, 0, 0, 0, 0, 0, 0, '2/9/2022 0:00', 2, 0, 0, 0, 0, 0),
(373, 44, '2/9/2022', '2022-02-09', 196, 0, 196, 0, 0, 0, 0, 0, 0, '2/9/2022 0:00', 2, 0, 0, 0, 0, 0),
(374, 45, '2/9/2022', '2022-02-09', 211, 0, 211, 0, 0, 0, 0, 0, 0, '2/9/2022 0:00', 2, 0, 0, 0, 0, 0),
(375, 47, '2/9/2022', '2022-02-09', 353, 0, 353, 0, 0, 0, 0, 0, 0, '2/9/2022 0:00', 2, 0, 0, 0, 0, 0),
(376, 48, '2/9/2022', '2022-02-09', 48, 0, 48, 0, 0, 0, 0, 0, 0, '2/9/2022 0:00', 2, 0, 0, 0, 0, 0),
(377, 49, '2/9/2022', '2022-02-09', 0, 0, 0, 0, 0, 0, 0, 0, 0, '2/9/2022 0:00', 2, 0, 0, 0, 0, 0),
(378, 50, '2/9/2022', '2022-02-09', 244, 0, 244, 0, 0, 0, 0, 0, 0, '2/9/2022 0:00', 2, 0, 0, 0, 0, 0),
(379, 20, '2/9/2022', '2022-02-09', 0, 0, 0, 0, 0, 0, 0, 0, 0, '2/9/2022 0:00', 2, 0, 0, 0, 0, 0),
(380, 51, '2/9/2022', '2022-02-09', 117, 0, 117, 0, 0, 0, 0, 0, 0, '2/9/2022 0:00', 2, 0, 0, 0, 0, 0),
(381, 51, '2/9/2022', '2022-02-09', 0, 0, 0, 0, 0, 0, 0, 0, 0, '2/9/2022 0:00', 2, 0, 0, 0, 0, 0),
(382, 52, '2/9/2022', '2022-02-09', 48, 0, 48, 0, 0, 0, 0, 0, 0, '2/9/2022 0:00', 2, 0, 0, 0, 0, 0),
(383, 28, '2/9/2022', '2022-02-09', 2175, 0, 2174, 1, 0, 0, 0, 0, 0, '2/9/2022 0:00', 3, 0, 0, 0, 0, 0),
(384, 33, '2/9/2022', '2022-02-09', 0, 0, 0, 0, 0, 0, 0, 0, 0, '2/9/2022 0:00', 3, 0, 0, 0, 0, 0),
(385, 10, '2/9/2022', '2022-02-09', 745, 0, 745, 0, 0, 0, 0, 0, 0, '2/9/2022 0:00', 3, 0, 0, 0, 0, 0),
(386, 10, '2/9/2022', '2022-02-09', 0, 0, 0, 0, 0, 0, 0, 0, 0, '2/9/2022 0:00', 3, 0, 0, 0, 0, 0),
(387, 32, '2/9/2022', '2022-02-09', 0, 0, 0, 0, 0, 0, 0, 0, 0, '2/9/2022 0:00', 3, 0, 0, 0, 0, 0),
(388, 31, '2/9/2022', '2022-02-09', 1, 0, 0, 0, 1, 0, 0, 0, 0, '2/9/2022 0:00', 3, 0, 0, 0, 0, 0),
(389, 12, '2/9/2022', '2022-02-09', 0, 0, 0, 0, 0, 0, 0, 0, 0, '2/9/2022 0:00', 3, 0, 0, 0, 0, 0),
(390, 35, '2/9/2022', '2022-02-09', 861, 0, 860, 0, 1, 0, 0, 0, 0, '2/9/2022 0:00', 3, 0, 0, 0, 0, 0),
(391, 39, '2/9/2022', '2022-02-09', 195, 0, 194, 0, 1, 0, 0, 0, 0, '2/9/2022 0:00', 3, 0, 0, 0, 0, 0),
(392, 40, '2/9/2022', '2022-02-09', 39, 0, 39, 0, 0, 0, 0, 0, 0, '2/9/2022 0:00', 3, 0, 0, 0, 0, 0),
(393, 41, '2/9/2022', '2022-02-09', 378, 0, 378, 0, 0, 0, 0, 0, 0, '2/9/2022 0:00', 3, 0, 0, 0, 0, 0),
(394, 37, '2/9/2022', '2022-02-09', 760, 0, 760, 0, 0, 0, 0, 0, 0, '2/9/2022 0:00', 3, 0, 0, 0, 0, 0),
(395, 17, '2/9/2022', '2022-02-09', 444, 0, 443, 0, 1, 0, 0, 0, 0, '2/9/2022 0:00', 3, 0, 0, 0, 0, 0),
(396, 38, '2/9/2022', '2022-02-09', 829, 0, 829, 0, 0, 0, 0, 0, 0, '2/9/2022 0:00', 3, 0, 0, 0, 0, 0),
(397, 38, '2/9/2022', '2022-02-09', 0, 0, 0, 0, 0, 0, 0, 0, 0, '2/9/2022 0:00', 3, 0, 0, 0, 0, 0),
(398, 43, '2/9/2022', '2022-02-09', 1, 0, 0, 1, 0, 0, 0, 0, 0, '2/9/2022 0:00', 3, 0, 0, 0, 0, 0),
(399, 44, '2/9/2022', '2022-02-09', 200, 0, 200, 0, 0, 0, 0, 0, 0, '2/9/2022 0:00', 3, 0, 0, 0, 0, 0),
(400, 45, '2/9/2022', '2022-02-09', 181, 0, 174, 0, 7, 0, 0, 0, 0, '2/9/2022 0:00', 3, 0, 0, 0, 0, 0),
(401, 47, '2/9/2022', '2022-02-09', 214, 0, 197, 10, 7, 0, 0, 0, 0, '2/9/2022 0:00', 3, 0, 0, 0, 0, 0),
(402, 48, '2/9/2022', '2022-02-09', 93, 0, 93, 0, 0, 0, 0, 0, 0, '2/9/2022 0:00', 3, 0, 0, 0, 0, 0),
(403, 49, '2/9/2022', '2022-02-09', 3, 0, 0, 3, 0, 0, 0, 0, 0, '2/9/2022 0:00', 3, 0, 0, 0, 0, 0),
(404, 50, '2/9/2022', '2022-02-09', 8, 0, 8, 0, 0, 0, 0, 0, 0, '2/9/2022 0:00', 3, 0, 0, 0, 0, 0),
(405, 20, '2/9/2022', '2022-02-09', 5, 0, 5, 0, 0, 0, 0, 0, 0, '2/9/2022 0:00', 3, 0, 0, 0, 0, 0),
(406, 51, '2/9/2022', '2022-02-09', 0, 0, 0, 0, 0, 0, 0, 0, 0, '2/9/2022 0:00', 3, 0, 0, 0, 0, 0),
(407, 51, '2/9/2022', '2022-02-09', 0, 0, 0, 0, 0, 0, 0, 0, 0, '2/9/2022 0:00', 3, 0, 0, 0, 0, 0),
(408, 52, '2/9/2022', '2022-02-09', 1, 0, 0, 0, 1, 0, 0, 0, 0, '2/9/2022 0:00', 3, 0, 0, 0, 0, 0),
(409, 28, '2/10/2022', '2022-02-10', 671, 0, 449, 197, 25, 0, 0, 0, 0, '2/10/2022 0:00', 1, 0, 0, 0, 0, 0),
(410, 33, '2/10/2022', '2022-02-10', 240, 0, 240, 0, 0, 0, 0, 0, 0, '2/10/2022 0:00', 1, 0, 0, 0, 0, 0),
(411, 10, '2/10/2022', '2022-02-10', 0, 0, 0, 0, 0, 0, 0, 0, 0, '2/10/2022 0:00', 1, 0, 0, 0, 0, 0),
(412, 10, '2/10/2022', '2022-02-10', 0, 0, 0, 0, 0, 0, 0, 0, 0, '2/10/2022 0:00', 1, 0, 0, 0, 0, 0),
(413, 32, '2/10/2022', '2022-02-10', 548, 0, 548, 0, 0, 0, 0, 0, 0, '2/10/2022 0:00', 1, 0, 0, 0, 0, 0),
(414, 31, '2/10/2022', '2022-02-10', 430, 0, 430, 0, 0, 0, 0, 0, 0, '2/10/2022 0:00', 1, 0, 0, 0, 0, 0),
(415, 12, '2/10/2022', '2022-02-10', 246, 0, 246, 0, 0, 0, 0, 0, 0, '2/10/2022 0:00', 1, 0, 0, 0, 0, 0),
(416, 35, '2/10/2022', '2022-02-10', 506, 0, 484, 9, 13, 0, 0, 0, 0, '2/10/2022 0:00', 1, 0, 0, 0, 0, 0),
(417, 39, '2/10/2022', '2022-02-10', 252, 0, 252, 0, 0, 0, 0, 0, 0, '2/10/2022 0:00', 1, 0, 0, 0, 0, 0),
(418, 40, '2/10/2022', '2022-02-10', 332, 0, 299, 28, 5, 0, 0, 0, 0, '2/10/2022 0:00', 1, 0, 0, 0, 0, 0),
(419, 41, '2/10/2022', '2022-02-10', 221, 0, 221, 0, 0, 0, 0, 0, 0, '2/10/2022 0:00', 1, 0, 0, 0, 0, 0),
(420, 37, '2/10/2022', '2022-02-10', 411, 0, 408, 0, 3, 0, 0, 0, 0, '2/10/2022 0:00', 1, 0, 0, 0, 0, 0),
(421, 17, '2/10/2022', '2022-02-10', 514, 0, 512, 0, 2, 0, 0, 0, 0, '2/10/2022 0:00', 1, 0, 0, 0, 0, 0),
(422, 38, '2/10/2022', '2022-02-10', 245, 0, 245, 0, 0, 0, 0, 0, 0, '2/10/2022 0:00', 1, 0, 0, 0, 0, 0),
(423, 38, '2/10/2022', '2022-02-10', 470, 0, 470, 0, 0, 0, 0, 0, 0, '2/10/2022 0:00', 1, 0, 0, 0, 0, 0),
(424, 43, '2/10/2022', '2022-02-10', 531, 0, 531, 0, 0, 0, 0, 0, 0, '2/10/2022 0:00', 1, 0, 0, 0, 0, 0),
(425, 44, '2/10/2022', '2022-02-10', 0, 0, 0, 0, 0, 0, 0, 0, 0, '2/10/2022 0:00', 1, 0, 0, 0, 0, 0),
(426, 45, '2/10/2022', '2022-02-10', 83, 0, 83, 0, 0, 0, 0, 0, 0, '2/10/2022 0:00', 1, 0, 0, 0, 0, 0),
(427, 47, '2/10/2022', '2022-02-10', 502, 0, 442, 56, 4, 0, 0, 0, 0, '2/10/2022 0:00', 1, 0, 0, 0, 0, 0),
(428, 48, '2/10/2022', '2022-02-10', 186, 0, 186, 0, 0, 0, 0, 0, 0, '2/10/2022 0:00', 1, 0, 0, 0, 0, 0),
(429, 49, '2/10/2022', '2022-02-10', 212, 0, 164, 47, 1, 0, 0, 0, 0, '2/10/2022 0:00', 1, 0, 0, 0, 0, 0),
(430, 50, '2/10/2022', '2022-02-10', 476, 0, 464, 12, 0, 0, 0, 0, 0, '2/10/2022 0:00', 1, 0, 0, 0, 0, 0),
(431, 20, '2/10/2022', '2022-02-10', 107, 0, 107, 0, 0, 0, 0, 0, 0, '2/10/2022 0:00', 1, 0, 0, 0, 0, 0),
(432, 51, '2/10/2022', '2022-02-10', 159, 0, 159, 0, 0, 0, 0, 0, 0, '2/10/2022 0:00', 1, 0, 0, 0, 0, 0),
(433, 51, '2/10/2022', '2022-02-10', 212, 0, 211, 0, 1, 0, 0, 0, 0, '2/10/2022 0:00', 1, 0, 0, 0, 0, 0),
(434, 52, '2/10/2022', '2022-02-10', 135, 0, 135, 0, 0, 0, 0, 0, 0, '2/10/2022 0:00', 1, 0, 0, 0, 0, 0),
(435, 28, '2/10/2022', '2022-02-10', 0, 0, 0, 0, 0, 0, 0, 0, 0, '2/10/2022 0:00', 2, 0, 0, 0, 0, 0),
(436, 33, '2/10/2022', '2022-02-10', 0, 0, 0, 0, 0, 0, 0, 0, 0, '2/10/2022 0:00', 2, 0, 0, 0, 0, 0),
(437, 10, '2/10/2022', '2022-02-10', 0, 0, 0, 0, 0, 0, 0, 0, 0, '2/10/2022 0:00', 2, 0, 0, 0, 0, 0),
(438, 10, '2/10/2022', '2022-02-10', 0, 0, 0, 0, 0, 0, 0, 0, 0, '2/10/2022 0:00', 2, 0, 0, 0, 0, 0),
(439, 32, '2/10/2022', '2022-02-10', 63, 0, 63, 0, 0, 0, 0, 0, 0, '2/10/2022 0:00', 2, 0, 0, 0, 0, 0),
(440, 31, '2/10/2022', '2022-02-10', 223, 0, 220, 2, 1, 0, 0, 0, 0, '2/10/2022 0:00', 2, 0, 0, 0, 0, 0),
(441, 12, '2/10/2022', '2022-02-10', 0, 0, 0, 0, 0, 0, 0, 0, 0, '2/10/2022 0:00', 2, 0, 0, 0, 0, 0),
(442, 35, '2/10/2022', '2022-02-10', 520, 0, 520, 0, 0, 0, 0, 0, 0, '2/10/2022 0:00', 2, 0, 0, 0, 0, 0),
(443, 39, '2/10/2022', '2022-02-10', 247, 0, 247, 0, 0, 0, 0, 0, 0, '2/10/2022 0:00', 2, 0, 0, 0, 0, 0),
(444, 40, '2/10/2022', '2022-02-10', 367, 0, 367, 0, 0, 0, 0, 0, 0, '2/10/2022 0:00', 2, 0, 0, 0, 0, 0),
(445, 41, '2/10/2022', '2022-02-10', 794, 0, 794, 0, 0, 0, 0, 0, 0, '2/10/2022 0:00', 2, 0, 0, 0, 0, 0),
(446, 37, '2/10/2022', '2022-02-10', 672, 0, 672, 0, 0, 0, 0, 0, 0, '2/10/2022 0:00', 2, 0, 0, 0, 0, 0),
(447, 17, '2/10/2022', '2022-02-10', 839, 0, 838, 0, 1, 0, 0, 0, 0, '2/10/2022 0:00', 2, 0, 0, 0, 0, 0),
(448, 38, '2/10/2022', '2022-02-10', 429, 0, 429, 0, 0, 0, 0, 0, 0, '2/10/2022 0:00', 2, 0, 0, 0, 0, 0),
(449, 38, '2/10/2022', '2022-02-10', 0, 0, 0, 0, 0, 0, 0, 0, 0, '2/10/2022 0:00', 2, 0, 0, 0, 0, 0),
(450, 43, '2/10/2022', '2022-02-10', 730, 0, 730, 0, 0, 0, 0, 0, 0, '2/10/2022 0:00', 2, 0, 0, 0, 0, 0),
(451, 44, '2/10/2022', '2022-02-10', 196, 0, 196, 0, 0, 0, 0, 0, 0, '2/10/2022 0:00', 2, 0, 0, 0, 0, 0),
(452, 45, '2/10/2022', '2022-02-10', 211, 0, 211, 0, 0, 0, 0, 0, 0, '2/10/2022 0:00', 2, 0, 0, 0, 0, 0),
(453, 47, '2/10/2022', '2022-02-10', 353, 0, 348, 5, 0, 0, 0, 0, 0, '2/10/2022 0:00', 2, 0, 0, 0, 0, 0),
(454, 48, '2/10/2022', '2022-02-10', 48, 0, 48, 0, 0, 0, 0, 0, 0, '2/10/2022 0:00', 2, 0, 0, 0, 0, 0),
(455, 49, '2/10/2022', '2022-02-10', 0, 0, 0, 0, 0, 0, 0, 0, 0, '2/10/2022 0:00', 2, 0, 0, 0, 0, 0),
(456, 50, '2/10/2022', '2022-02-10', 244, 0, 244, 0, 0, 0, 0, 0, 0, '2/10/2022 0:00', 2, 0, 0, 0, 0, 0),
(457, 20, '2/10/2022', '2022-02-10', 0, 0, 0, 0, 0, 0, 0, 0, 0, '2/10/2022 0:00', 2, 0, 0, 0, 0, 0),
(458, 51, '2/10/2022', '2022-02-10', 117, 0, 117, 0, 0, 0, 0, 0, 0, '2/10/2022 0:00', 2, 0, 0, 0, 0, 0),
(459, 51, '2/10/2022', '2022-02-10', 0, 0, 0, 0, 0, 0, 0, 0, 0, '2/10/2022 0:00', 2, 0, 0, 0, 0, 0),
(460, 52, '2/10/2022', '2022-02-10', 48, 0, 48, 0, 0, 0, 0, 0, 0, '2/10/2022 0:00', 2, 0, 0, 0, 0, 0),
(461, 28, '2/10/2022', '2022-02-10', 2175, 0, 2172, 3, 0, 0, 0, 0, 0, '2/10/2022 0:00', 3, 0, 0, 0, 0, 0),
(462, 33, '2/10/2022', '2022-02-10', 0, 0, 0, 0, 0, 0, 0, 0, 0, '2/10/2022 0:00', 3, 0, 0, 0, 0, 0),
(463, 10, '2/10/2022', '2022-02-10', 911, 0, 911, 0, 0, 0, 0, 0, 0, '2/10/2022 0:00', 3, 0, 0, 0, 0, 0),
(464, 10, '2/10/2022', '2022-02-10', 0, 0, 0, 0, 0, 0, 0, 0, 0, '2/10/2022 0:00', 3, 0, 0, 0, 0, 0),
(465, 32, '2/10/2022', '2022-02-10', 0, 0, 0, 0, 0, 0, 0, 0, 0, '2/10/2022 0:00', 3, 0, 0, 0, 0, 0),
(466, 31, '2/10/2022', '2022-02-10', 1, 0, 0, 0, 1, 0, 0, 0, 0, '2/10/2022 0:00', 3, 0, 0, 0, 0, 0),
(467, 12, '2/10/2022', '2022-02-10', 0, 0, 0, 0, 0, 0, 0, 0, 0, '2/10/2022 0:00', 3, 0, 0, 0, 0, 0),
(468, 35, '2/10/2022', '2022-02-10', 861, 0, 860, 0, 1, 0, 0, 0, 0, '2/10/2022 0:00', 3, 0, 0, 0, 0, 0),
(469, 39, '2/10/2022', '2022-02-10', 195, 0, 194, 0, 1, 0, 0, 0, 0, '2/10/2022 0:00', 3, 0, 0, 0, 0, 0),
(470, 40, '2/10/2022', '2022-02-10', 39, 0, 39, 0, 0, 0, 0, 0, 0, '2/10/2022 0:00', 3, 0, 0, 0, 0, 0),
(471, 41, '2/10/2022', '2022-02-10', 378, 0, 378, 0, 0, 0, 0, 0, 0, '2/10/2022 0:00', 3, 0, 0, 0, 0, 0),
(472, 37, '2/10/2022', '2022-02-10', 760, 0, 760, 0, 0, 0, 0, 0, 0, '2/10/2022 0:00', 3, 0, 0, 0, 0, 0),
(473, 17, '2/10/2022', '2022-02-10', 444, 0, 443, 0, 1, 0, 0, 0, 0, '2/10/2022 0:00', 3, 0, 0, 0, 0, 0),
(474, 38, '2/10/2022', '2022-02-10', 829, 0, 829, 0, 0, 0, 0, 0, 0, '2/10/2022 0:00', 3, 0, 0, 0, 0, 0),
(475, 38, '2/10/2022', '2022-02-10', 0, 0, 0, 0, 0, 0, 0, 0, 0, '2/10/2022 0:00', 3, 0, 0, 0, 0, 0),
(476, 43, '2/10/2022', '2022-02-10', 1, 0, 0, 1, 0, 0, 0, 0, 0, '2/10/2022 0:00', 3, 0, 0, 0, 0, 0),
(477, 44, '2/10/2022', '2022-02-10', 200, 0, 200, 0, 0, 0, 0, 0, 0, '2/10/2022 0:00', 3, 0, 0, 0, 0, 0),
(478, 45, '2/10/2022', '2022-02-10', 181, 0, 174, 0, 7, 0, 0, 0, 0, '2/10/2022 0:00', 3, 0, 0, 0, 0, 0),
(479, 47, '2/10/2022', '2022-02-10', 214, 0, 198, 9, 7, 0, 0, 0, 0, '2/10/2022 0:00', 3, 0, 0, 0, 0, 0),
(480, 48, '2/10/2022', '2022-02-10', 93, 0, 93, 0, 0, 0, 0, 0, 0, '2/10/2022 0:00', 3, 0, 0, 0, 0, 0),
(481, 49, '2/10/2022', '2022-02-10', 3, 0, 0, 3, 0, 0, 0, 0, 0, '2/10/2022 0:00', 3, 0, 0, 0, 0, 0),
(482, 50, '2/10/2022', '2022-02-10', 8, 0, 8, 0, 0, 0, 0, 0, 0, '2/10/2022 0:00', 3, 0, 0, 0, 0, 0),
(483, 20, '2/10/2022', '2022-02-10', 5, 0, 5, 0, 0, 0, 0, 0, 0, '2/10/2022 0:00', 3, 0, 0, 0, 0, 0),
(484, 51, '2/10/2022', '2022-02-10', 0, 0, 0, 0, 0, 0, 0, 0, 0, '2/10/2022 0:00', 3, 0, 0, 0, 0, 0),
(485, 51, '2/10/2022', '2022-02-10', 0, 0, 0, 0, 0, 0, 0, 0, 0, '2/10/2022 0:00', 3, 0, 0, 0, 0, 0),
(486, 52, '2/10/2022', '2022-02-10', 1, 0, 0, 0, 1, 0, 0, 0, 0, '2/10/2022 0:00', 3, 0, 0, 0, 0, 0),
(487, 28, '2/11/2022', '2022-02-11', 671, 0, 449, 191, 31, 0, 0, 0, 0, '2/11/2022 0:00', 1, 0, 0, 0, 0, 0),
(488, 33, '2/11/2022', '2022-02-11', 240, 0, 240, 0, 0, 0, 0, 0, 0, '2/11/2022 0:00', 1, 0, 0, 0, 0, 0),
(489, 10, '2/11/2022', '2022-02-11', 0, 0, 0, 0, 0, 0, 0, 0, 0, '2/11/2022 0:00', 1, 0, 0, 0, 0, 0),
(490, 10, '2/11/2022', '2022-02-11', 0, 0, 0, 0, 0, 0, 0, 0, 0, '2/11/2022 0:00', 1, 0, 0, 0, 0, 0),
(491, 32, '2/11/2022', '2022-02-11', 548, 0, 548, 0, 0, 0, 0, 0, 0, '2/11/2022 0:00', 1, 0, 0, 0, 0, 0),
(492, 31, '2/11/2022', '2022-02-11', 430, 0, 430, 0, 0, 0, 0, 0, 0, '2/11/2022 0:00', 1, 0, 0, 0, 0, 0),
(493, 12, '2/11/2022', '2022-02-11', 246, 0, 246, 0, 0, 0, 0, 0, 0, '2/11/2022 0:00', 1, 0, 0, 0, 0, 0),
(494, 35, '2/11/2022', '2022-02-11', 506, 0, 484, 9, 13, 0, 0, 0, 0, '2/11/2022 0:00', 1, 0, 0, 0, 0, 0),
(495, 39, '2/11/2022', '2022-02-11', 252, 0, 252, 0, 0, 0, 0, 0, 0, '2/11/2022 0:00', 1, 0, 0, 0, 0, 0),
(496, 40, '2/11/2022', '2022-02-11', 332, 0, 299, 28, 5, 0, 0, 0, 0, '2/11/2022 0:00', 1, 0, 0, 0, 0, 0),
(497, 41, '2/11/2022', '2022-02-11', 221, 0, 221, 0, 0, 0, 0, 0, 0, '2/11/2022 0:00', 1, 0, 0, 0, 0, 0),
(498, 37, '2/11/2022', '2022-02-11', 411, 0, 408, 0, 3, 0, 0, 0, 0, '2/11/2022 0:00', 1, 0, 0, 0, 0, 0),
(499, 17, '2/11/2022', '2022-02-11', 514, 0, 513, 0, 1, 0, 0, 0, 0, '2/11/2022 0:00', 1, 0, 0, 0, 0, 0),
(500, 38, '2/11/2022', '2022-02-11', 245, 0, 245, 0, 0, 0, 0, 0, 0, '2/11/2022 0:00', 1, 0, 0, 0, 0, 0),
(501, 38, '2/11/2022', '2022-02-11', 470, 0, 470, 0, 0, 0, 0, 0, 0, '2/11/2022 0:00', 1, 0, 0, 0, 0, 0),
(502, 43, '2/11/2022', '2022-02-11', 531, 0, 531, 0, 0, 0, 0, 0, 0, '2/11/2022 0:00', 1, 0, 0, 0, 0, 0),
(503, 44, '2/11/2022', '2022-02-11', 0, 0, 0, 0, 0, 0, 0, 0, 0, '2/11/2022 0:00', 1, 0, 0, 0, 0, 0),
(504, 45, '2/11/2022', '2022-02-11', 83, 0, 83, 0, 0, 0, 0, 0, 0, '2/11/2022 0:00', 1, 0, 0, 0, 0, 0),
(505, 47, '2/11/2022', '2022-02-11', 502, 0, 437, 63, 2, 0, 0, 0, 0, '2/11/2022 0:00', 1, 0, 0, 0, 0, 0),
(506, 48, '2/11/2022', '2022-02-11', 186, 0, 186, 0, 0, 0, 0, 0, 0, '2/11/2022 0:00', 1, 0, 0, 0, 0, 0),
(507, 49, '2/11/2022', '2022-02-11', 212, 0, 161, 50, 1, 0, 0, 0, 0, '2/11/2022 0:00', 1, 0, 0, 0, 0, 0),
(508, 50, '2/11/2022', '2022-02-11', 476, 0, 464, 12, 0, 0, 0, 0, 0, '2/11/2022 0:00', 1, 0, 0, 0, 0, 0),
(509, 20, '2/11/2022', '2022-02-11', 107, 0, 107, 0, 0, 0, 0, 0, 0, '2/11/2022 0:00', 1, 0, 0, 0, 0, 0),
(510, 51, '2/11/2022', '2022-02-11', 159, 0, 156, 0, 3, 0, 0, 0, 0, '2/11/2022 0:00', 1, 0, 0, 0, 0, 0),
(511, 51, '2/11/2022', '2022-02-11', 142, 0, 142, 0, 0, 0, 0, 0, 0, '2/11/2022 0:00', 1, 0, 0, 0, 0, 0),
(512, 52, '2/11/2022', '2022-02-11', 135, 0, 135, 0, 0, 0, 0, 0, 0, '2/11/2022 0:00', 1, 0, 0, 0, 0, 0),
(513, 28, '2/11/2022', '2022-02-11', 0, 0, 0, 0, 0, 0, 0, 0, 0, '2/11/2022 0:00', 2, 0, 0, 0, 0, 0),
(514, 33, '2/11/2022', '2022-02-11', 0, 0, 0, 0, 0, 0, 0, 0, 0, '2/11/2022 0:00', 2, 0, 0, 0, 0, 0);
INSERT INTO `trx_absensi` (`id`, `id_kampus`, `tgl_absensi_text`, `tgl_absensi`, `jumlah_taruna`, `jumlah_taruna_wanita`, `pria_sehat`, `pria_covid`, `pria_ijin`, `wanita_sehat`, `wanita_covid`, `wanita_ijin`, `uid`, `created_date`, `id_lokasi`, `vaksin1`, `vaksin2`, `vaksin_lain`, `manual_taruna`, `manual_taruni`) VALUES
(515, 10, '2/11/2022', '2022-02-11', 0, 0, 0, 0, 0, 0, 0, 0, 0, '2/11/2022 0:00', 2, 0, 0, 0, 0, 0),
(516, 10, '2/11/2022', '2022-02-11', 0, 0, 0, 0, 0, 0, 0, 0, 0, '2/11/2022 0:00', 2, 0, 0, 0, 0, 0),
(517, 32, '2/11/2022', '2022-02-11', 63, 0, 63, 0, 0, 0, 0, 0, 0, '2/11/2022 0:00', 2, 0, 0, 0, 0, 0),
(518, 31, '2/11/2022', '2022-02-11', 223, 0, 220, 2, 1, 0, 0, 0, 0, '2/11/2022 0:00', 2, 0, 0, 0, 0, 0),
(519, 12, '2/11/2022', '2022-02-11', 0, 0, 0, 0, 0, 0, 0, 0, 0, '2/11/2022 0:00', 2, 0, 0, 0, 0, 0),
(520, 35, '2/11/2022', '2022-02-11', 520, 0, 520, 0, 0, 0, 0, 0, 0, '2/11/2022 0:00', 2, 0, 0, 0, 0, 0),
(521, 39, '2/11/2022', '2022-02-11', 247, 0, 247, 0, 0, 0, 0, 0, 0, '2/11/2022 0:00', 2, 0, 0, 0, 0, 0),
(522, 40, '2/11/2022', '2022-02-11', 367, 0, 367, 0, 0, 0, 0, 0, 0, '2/11/2022 0:00', 2, 0, 0, 0, 0, 0),
(523, 41, '2/11/2022', '2022-02-11', 794, 0, 794, 0, 0, 0, 0, 0, 0, '2/11/2022 0:00', 2, 0, 0, 0, 0, 0),
(524, 37, '2/11/2022', '2022-02-11', 672, 0, 672, 0, 0, 0, 0, 0, 0, '2/11/2022 0:00', 2, 0, 0, 0, 0, 0),
(525, 17, '2/11/2022', '2022-02-11', 839, 0, 838, 0, 1, 0, 0, 0, 0, '2/11/2022 0:00', 2, 0, 0, 0, 0, 0),
(526, 38, '2/11/2022', '2022-02-11', 429, 0, 429, 0, 0, 0, 0, 0, 0, '2/11/2022 0:00', 2, 0, 0, 0, 0, 0),
(527, 38, '2/11/2022', '2022-02-11', 0, 0, 0, 0, 0, 0, 0, 0, 0, '2/11/2022 0:00', 2, 0, 0, 0, 0, 0),
(528, 43, '2/11/2022', '2022-02-11', 730, 0, 730, 0, 0, 0, 0, 0, 0, '2/11/2022 0:00', 2, 0, 0, 0, 0, 0),
(529, 44, '2/11/2022', '2022-02-11', 196, 0, 196, 0, 0, 0, 0, 0, 0, '2/11/2022 0:00', 2, 0, 0, 0, 0, 0),
(530, 45, '2/11/2022', '2022-02-11', 211, 0, 211, 0, 0, 0, 0, 0, 0, '2/11/2022 0:00', 2, 0, 0, 0, 0, 0),
(531, 47, '2/11/2022', '2022-02-11', 353, 0, 348, 5, 0, 0, 0, 0, 0, '2/11/2022 0:00', 2, 0, 0, 0, 0, 0),
(532, 48, '2/11/2022', '2022-02-11', 48, 0, 48, 0, 0, 0, 0, 0, 0, '2/11/2022 0:00', 2, 0, 0, 0, 0, 0),
(533, 49, '2/11/2022', '2022-02-11', 0, 0, 0, 0, 0, 0, 0, 0, 0, '2/11/2022 0:00', 2, 0, 0, 0, 0, 0),
(534, 50, '2/11/2022', '2022-02-11', 244, 0, 244, 0, 0, 0, 0, 0, 0, '2/11/2022 0:00', 2, 0, 0, 0, 0, 0),
(535, 20, '2/11/2022', '2022-02-11', 0, 0, 0, 0, 0, 0, 0, 0, 0, '2/11/2022 0:00', 2, 0, 0, 0, 0, 0),
(536, 51, '2/11/2022', '2022-02-11', 117, 0, 117, 0, 0, 0, 0, 0, 0, '2/11/2022 0:00', 2, 0, 0, 0, 0, 0),
(537, 51, '2/11/2022', '2022-02-11', 0, 0, 0, 0, 0, 0, 0, 0, 0, '2/11/2022 0:00', 2, 0, 0, 0, 0, 0),
(538, 52, '2/11/2022', '2022-02-11', 48, 0, 48, 0, 0, 0, 0, 0, 0, '2/11/2022 0:00', 2, 0, 0, 0, 0, 0),
(539, 28, '2/11/2022', '2022-02-11', 2175, 0, 2172, 3, 0, 0, 0, 0, 0, '2/11/2022 0:00', 3, 0, 0, 0, 0, 0),
(540, 33, '2/11/2022', '2022-02-11', 0, 0, 0, 0, 0, 0, 0, 0, 0, '2/11/2022 0:00', 3, 0, 0, 0, 0, 0),
(541, 10, '2/11/2022', '2022-02-11', 911, 0, 911, 0, 0, 0, 0, 0, 0, '2/11/2022 0:00', 3, 0, 0, 0, 0, 0),
(542, 10, '2/11/2022', '2022-02-11', 0, 0, 0, 0, 0, 0, 0, 0, 0, '2/11/2022 0:00', 3, 0, 0, 0, 0, 0),
(543, 32, '2/11/2022', '2022-02-11', 0, 0, 0, 0, 0, 0, 0, 0, 0, '2/11/2022 0:00', 3, 0, 0, 0, 0, 0),
(544, 31, '2/11/2022', '2022-02-11', 1, 0, 0, 0, 1, 0, 0, 0, 0, '2/11/2022 0:00', 3, 0, 0, 0, 0, 0),
(545, 12, '2/11/2022', '2022-02-11', 0, 0, 0, 0, 0, 0, 0, 0, 0, '2/11/2022 0:00', 3, 0, 0, 0, 0, 0),
(546, 35, '2/11/2022', '2022-02-11', 861, 0, 860, 0, 1, 0, 0, 0, 0, '2/11/2022 0:00', 3, 0, 0, 0, 0, 0),
(547, 39, '2/11/2022', '2022-02-11', 195, 0, 194, 0, 1, 0, 0, 0, 0, '2/11/2022 0:00', 3, 0, 0, 0, 0, 0),
(548, 40, '2/11/2022', '2022-02-11', 39, 0, 39, 0, 0, 0, 0, 0, 0, '2/11/2022 0:00', 3, 0, 0, 0, 0, 0),
(549, 41, '2/11/2022', '2022-02-11', 378, 0, 378, 0, 0, 0, 0, 0, 0, '2/11/2022 0:00', 3, 0, 0, 0, 0, 0),
(550, 37, '2/11/2022', '2022-02-11', 760, 0, 760, 0, 0, 0, 0, 0, 0, '2/11/2022 0:00', 3, 0, 0, 0, 0, 0),
(551, 17, '2/11/2022', '2022-02-11', 444, 0, 443, 0, 1, 0, 0, 0, 0, '2/11/2022 0:00', 3, 0, 0, 0, 0, 0),
(552, 38, '2/11/2022', '2022-02-11', 829, 0, 829, 0, 0, 0, 0, 0, 0, '2/11/2022 0:00', 3, 0, 0, 0, 0, 0),
(553, 38, '2/11/2022', '2022-02-11', 0, 0, 0, 0, 0, 0, 0, 0, 0, '2/11/2022 0:00', 3, 0, 0, 0, 0, 0),
(554, 43, '2/11/2022', '2022-02-11', 1, 0, 0, 1, 0, 0, 0, 0, 0, '2/11/2022 0:00', 3, 0, 0, 0, 0, 0),
(555, 44, '2/11/2022', '2022-02-11', 200, 0, 200, 0, 0, 0, 0, 0, 0, '2/11/2022 0:00', 3, 0, 0, 0, 0, 0),
(556, 45, '2/11/2022', '2022-02-11', 181, 0, 174, 0, 7, 0, 0, 0, 0, '2/11/2022 0:00', 3, 0, 0, 0, 0, 0),
(557, 47, '2/11/2022', '2022-02-11', 214, 0, 198, 9, 7, 0, 0, 0, 0, '2/11/2022 0:00', 3, 0, 0, 0, 0, 0),
(558, 48, '2/11/2022', '2022-02-11', 93, 0, 93, 0, 0, 0, 0, 0, 0, '2/11/2022 0:00', 3, 0, 0, 0, 0, 0),
(559, 49, '2/11/2022', '2022-02-11', 3, 0, 0, 3, 0, 0, 0, 0, 0, '2/11/2022 0:00', 3, 0, 0, 0, 0, 0),
(560, 50, '2/11/2022', '2022-02-11', 8, 0, 8, 0, 0, 0, 0, 0, 0, '2/11/2022 0:00', 3, 0, 0, 0, 0, 0),
(561, 20, '2/11/2022', '2022-02-11', 5, 0, 5, 0, 0, 0, 0, 0, 0, '2/11/2022 0:00', 3, 0, 0, 0, 0, 0),
(562, 51, '2/11/2022', '2022-02-11', 70, 0, 70, 0, 0, 0, 0, 0, 0, '2/11/2022 0:00', 3, 0, 0, 0, 0, 0),
(563, 51, '2/11/2022', '2022-02-11', 0, 0, 0, 0, 0, 0, 0, 0, 0, '2/11/2022 0:00', 3, 0, 0, 0, 0, 0),
(564, 52, '2/11/2022', '2022-02-11', 1, 0, 0, 0, 1, 0, 0, 0, 0, '2/11/2022 0:00', 3, 0, 0, 0, 0, 0),
(565, 28, '2/12/2022', '2022-02-12', 671, 0, 444, 196, 31, 0, 0, 0, 0, '2/12/2022 0:00', 1, 0, 0, 0, 0, 0),
(566, 33, '2/12/2022', '2022-02-12', 240, 0, 240, 0, 0, 0, 0, 0, 0, '2/12/2022 0:00', 1, 0, 0, 0, 0, 0),
(567, 10, '2/12/2022', '2022-02-12', 0, 0, 0, 0, 0, 0, 0, 0, 0, '2/12/2022 0:00', 1, 0, 0, 0, 0, 0),
(568, 10, '2/12/2022', '2022-02-12', 0, 0, 0, 0, 0, 0, 0, 0, 0, '2/12/2022 0:00', 1, 0, 0, 0, 0, 0),
(569, 32, '2/12/2022', '2022-02-12', 548, 0, 548, 0, 0, 0, 0, 0, 0, '2/12/2022 0:00', 1, 0, 0, 0, 0, 0),
(570, 31, '2/12/2022', '2022-02-12', 430, 0, 430, 0, 0, 0, 0, 0, 0, '2/12/2022 0:00', 1, 0, 0, 0, 0, 0),
(571, 12, '2/12/2022', '2022-02-12', 246, 0, 246, 0, 0, 0, 0, 0, 0, '2/12/2022 0:00', 1, 0, 0, 0, 0, 0),
(572, 35, '2/12/2022', '2022-02-12', 506, 0, 482, 9, 15, 0, 0, 0, 0, '2/12/2022 0:00', 1, 0, 0, 0, 0, 0),
(573, 39, '2/12/2022', '2022-02-12', 252, 0, 252, 0, 0, 0, 0, 0, 0, '2/12/2022 0:00', 1, 0, 0, 0, 0, 0),
(574, 40, '2/12/2022', '2022-02-12', 332, 0, 299, 28, 5, 0, 0, 0, 0, '2/12/2022 0:00', 1, 0, 0, 0, 0, 0),
(575, 41, '2/12/2022', '2022-02-12', 221, 0, 221, 0, 0, 0, 0, 0, 0, '2/12/2022 0:00', 1, 0, 0, 0, 0, 0),
(576, 37, '2/12/2022', '2022-02-12', 411, 0, 408, 0, 3, 0, 0, 0, 0, '2/12/2022 0:00', 1, 0, 0, 0, 0, 0),
(577, 17, '2/12/2022', '2022-02-12', 514, 0, 513, 0, 1, 0, 0, 0, 0, '2/12/2022 0:00', 1, 0, 0, 0, 0, 0),
(578, 38, '2/12/2022', '2022-02-12', 245, 0, 245, 0, 0, 0, 0, 0, 0, '2/12/2022 0:00', 1, 0, 0, 0, 0, 0),
(579, 38, '2/12/2022', '2022-02-12', 470, 0, 470, 0, 0, 0, 0, 0, 0, '2/12/2022 0:00', 1, 0, 0, 0, 0, 0),
(580, 43, '2/12/2022', '2022-02-12', 531, 0, 531, 0, 0, 0, 0, 0, 0, '2/12/2022 0:00', 1, 0, 0, 0, 0, 0),
(581, 44, '2/12/2022', '2022-02-12', 0, 0, 0, 0, 0, 0, 0, 0, 0, '2/12/2022 0:00', 1, 0, 0, 0, 0, 0),
(582, 45, '2/12/2022', '2022-02-12', 83, 0, 83, 0, 0, 0, 0, 0, 0, '2/12/2022 0:00', 1, 0, 0, 0, 0, 0),
(583, 47, '2/12/2022', '2022-02-12', 502, 0, 440, 60, 2, 0, 0, 0, 0, '2/12/2022 0:00', 1, 0, 0, 0, 0, 0),
(584, 48, '2/12/2022', '2022-02-12', 114, 0, 114, 0, 0, 0, 0, 0, 0, '2/12/2022 0:00', 1, 0, 0, 0, 0, 0),
(585, 49, '2/12/2022', '2022-02-12', 212, 0, 147, 64, 1, 0, 0, 0, 0, '2/12/2022 0:00', 1, 0, 0, 0, 0, 0),
(586, 50, '2/12/2022', '2022-02-12', 476, 0, 464, 12, 0, 0, 0, 0, 0, '2/12/2022 0:00', 1, 0, 0, 0, 0, 0),
(587, 20, '2/12/2022', '2022-02-12', 108, 0, 108, 0, 0, 0, 0, 0, 0, '2/12/2022 0:00', 1, 0, 0, 0, 0, 0),
(588, 51, '2/12/2022', '2022-02-12', 159, 0, 159, 0, 0, 0, 0, 0, 0, '2/12/2022 0:00', 1, 0, 0, 0, 0, 0),
(589, 51, '2/12/2022', '2022-02-12', 0, 0, 0, 0, 0, 0, 0, 0, 0, '2/12/2022 0:00', 1, 0, 0, 0, 0, 0),
(590, 52, '2/12/2022', '2022-02-12', 135, 0, 135, 0, 0, 0, 0, 0, 0, '2/12/2022 0:00', 1, 0, 0, 0, 0, 0),
(591, 28, '2/12/2022', '2022-02-12', 0, 0, 0, 0, 0, 0, 0, 0, 0, '2/12/2022 0:00', 2, 0, 0, 0, 0, 0),
(592, 33, '2/12/2022', '2022-02-12', 0, 0, 0, 0, 0, 0, 0, 0, 0, '2/12/2022 0:00', 2, 0, 0, 0, 0, 0),
(593, 10, '2/12/2022', '2022-02-12', 0, 0, 0, 0, 0, 0, 0, 0, 0, '2/12/2022 0:00', 2, 0, 0, 0, 0, 0),
(594, 10, '2/12/2022', '2022-02-12', 0, 0, 0, 0, 0, 0, 0, 0, 0, '2/12/2022 0:00', 2, 0, 0, 0, 0, 0),
(595, 32, '2/12/2022', '2022-02-12', 63, 0, 63, 0, 0, 0, 0, 0, 0, '2/12/2022 0:00', 2, 0, 0, 0, 0, 0),
(596, 31, '2/12/2022', '2022-02-12', 223, 0, 220, 2, 1, 0, 0, 0, 0, '2/12/2022 0:00', 2, 0, 0, 0, 0, 0),
(597, 12, '2/12/2022', '2022-02-12', 0, 0, 0, 0, 0, 0, 0, 0, 0, '2/12/2022 0:00', 2, 0, 0, 0, 0, 0),
(598, 35, '2/12/2022', '2022-02-12', 520, 0, 520, 0, 0, 0, 0, 0, 0, '2/12/2022 0:00', 2, 0, 0, 0, 0, 0),
(599, 39, '2/12/2022', '2022-02-12', 247, 0, 247, 0, 0, 0, 0, 0, 0, '2/12/2022 0:00', 2, 0, 0, 0, 0, 0),
(600, 40, '2/12/2022', '2022-02-12', 367, 0, 367, 0, 0, 0, 0, 0, 0, '2/12/2022 0:00', 2, 0, 0, 0, 0, 0),
(601, 41, '2/12/2022', '2022-02-12', 794, 0, 794, 0, 0, 0, 0, 0, 0, '2/12/2022 0:00', 2, 0, 0, 0, 0, 0),
(602, 37, '2/12/2022', '2022-02-12', 672, 0, 672, 0, 0, 0, 0, 0, 0, '2/12/2022 0:00', 2, 0, 0, 0, 0, 0),
(603, 17, '2/12/2022', '2022-02-12', 839, 0, 838, 0, 1, 0, 0, 0, 0, '2/12/2022 0:00', 2, 0, 0, 0, 0, 0),
(604, 38, '2/12/2022', '2022-02-12', 429, 0, 429, 0, 0, 0, 0, 0, 0, '2/12/2022 0:00', 2, 0, 0, 0, 0, 0),
(605, 38, '2/12/2022', '2022-02-12', 0, 0, 0, 0, 0, 0, 0, 0, 0, '2/12/2022 0:00', 2, 0, 0, 0, 0, 0),
(606, 43, '2/12/2022', '2022-02-12', 730, 0, 730, 0, 0, 0, 0, 0, 0, '2/12/2022 0:00', 2, 0, 0, 0, 0, 0),
(607, 44, '2/12/2022', '2022-02-12', 196, 0, 196, 0, 0, 0, 0, 0, 0, '2/12/2022 0:00', 2, 0, 0, 0, 0, 0),
(608, 45, '2/12/2022', '2022-02-12', 211, 0, 211, 0, 0, 0, 0, 0, 0, '2/12/2022 0:00', 2, 0, 0, 0, 0, 0),
(609, 47, '2/12/2022', '2022-02-12', 353, 0, 348, 5, 0, 0, 0, 0, 0, '2/12/2022 0:00', 2, 0, 0, 0, 0, 0),
(610, 48, '2/12/2022', '2022-02-12', 48, 0, 48, 0, 0, 0, 0, 0, 0, '2/12/2022 0:00', 2, 0, 0, 0, 0, 0),
(611, 49, '2/12/2022', '2022-02-12', 0, 0, 0, 0, 0, 0, 0, 0, 0, '2/12/2022 0:00', 2, 0, 0, 0, 0, 0),
(612, 50, '2/12/2022', '2022-02-12', 244, 0, 244, 0, 0, 0, 0, 0, 0, '2/12/2022 0:00', 2, 0, 0, 0, 0, 0),
(613, 20, '2/12/2022', '2022-02-12', 0, 0, 0, 0, 0, 0, 0, 0, 0, '2/12/2022 0:00', 2, 0, 0, 0, 0, 0),
(614, 51, '2/12/2022', '2022-02-12', 117, 0, 117, 0, 0, 0, 0, 0, 0, '2/12/2022 0:00', 2, 0, 0, 0, 0, 0),
(615, 51, '2/12/2022', '2022-02-12', 0, 0, 0, 0, 0, 0, 0, 0, 0, '2/12/2022 0:00', 2, 0, 0, 0, 0, 0),
(616, 52, '2/12/2022', '2022-02-12', 48, 0, 48, 0, 0, 0, 0, 0, 0, '2/12/2022 0:00', 2, 0, 0, 0, 0, 0),
(617, 28, '2/12/2022', '2022-02-12', 2175, 0, 2171, 4, 0, 0, 0, 0, 0, '2/12/2022 0:00', 3, 0, 0, 0, 0, 0),
(618, 33, '2/12/2022', '2022-02-12', 0, 0, 0, 0, 0, 0, 0, 0, 0, '2/12/2022 0:00', 3, 0, 0, 0, 0, 0),
(619, 10, '2/12/2022', '2022-02-12', 911, 0, 911, 0, 0, 0, 0, 0, 0, '2/12/2022 0:00', 3, 0, 0, 0, 0, 0),
(620, 10, '2/12/2022', '2022-02-12', 0, 0, 0, 0, 0, 0, 0, 0, 0, '2/12/2022 0:00', 3, 0, 0, 0, 0, 0),
(621, 32, '2/12/2022', '2022-02-12', 0, 0, 0, 0, 0, 0, 0, 0, 0, '2/12/2022 0:00', 3, 0, 0, 0, 0, 0),
(622, 31, '2/12/2022', '2022-02-12', 1, 0, 0, 0, 1, 0, 0, 0, 0, '2/12/2022 0:00', 3, 0, 0, 0, 0, 0),
(623, 12, '2/12/2022', '2022-02-12', 0, 0, 0, 0, 0, 0, 0, 0, 0, '2/12/2022 0:00', 3, 0, 0, 0, 0, 0),
(624, 35, '2/12/2022', '2022-02-12', 861, 0, 859, 1, 1, 0, 0, 0, 0, '2/12/2022 0:00', 3, 0, 0, 0, 0, 0),
(625, 39, '2/12/2022', '2022-02-12', 195, 0, 194, 0, 1, 0, 0, 0, 0, '2/12/2022 0:00', 3, 0, 0, 0, 0, 0),
(626, 40, '2/12/2022', '2022-02-12', 39, 0, 39, 0, 0, 0, 0, 0, 0, '2/12/2022 0:00', 3, 0, 0, 0, 0, 0),
(627, 41, '2/12/2022', '2022-02-12', 378, 0, 378, 0, 0, 0, 0, 0, 0, '2/12/2022 0:00', 3, 0, 0, 0, 0, 0),
(628, 37, '2/12/2022', '2022-02-12', 760, 0, 760, 0, 0, 0, 0, 0, 0, '2/12/2022 0:00', 3, 0, 0, 0, 0, 0),
(629, 17, '2/12/2022', '2022-02-12', 444, 0, 443, 0, 1, 0, 0, 0, 0, '2/12/2022 0:00', 3, 0, 0, 0, 0, 0),
(630, 38, '2/12/2022', '2022-02-12', 829, 0, 829, 0, 0, 0, 0, 0, 0, '2/12/2022 0:00', 3, 0, 0, 0, 0, 0),
(631, 38, '2/12/2022', '2022-02-12', 0, 0, 0, 0, 0, 0, 0, 0, 0, '2/12/2022 0:00', 3, 0, 0, 0, 0, 0),
(632, 43, '2/12/2022', '2022-02-12', 1, 0, 0, 1, 0, 0, 0, 0, 0, '2/12/2022 0:00', 3, 0, 0, 0, 0, 0),
(633, 44, '2/12/2022', '2022-02-12', 200, 0, 200, 0, 0, 0, 0, 0, 0, '2/12/2022 0:00', 3, 0, 0, 0, 0, 0),
(634, 45, '2/12/2022', '2022-02-12', 181, 0, 174, 0, 7, 0, 0, 0, 0, '2/12/2022 0:00', 3, 0, 0, 0, 0, 0),
(635, 47, '2/12/2022', '2022-02-12', 214, 0, 198, 9, 7, 0, 0, 0, 0, '2/12/2022 0:00', 3, 0, 0, 0, 0, 0),
(636, 48, '2/12/2022', '2022-02-12', 165, 0, 165, 0, 0, 0, 0, 0, 0, '2/12/2022 0:00', 3, 0, 0, 0, 0, 0),
(637, 49, '2/12/2022', '2022-02-12', 3, 0, 0, 3, 0, 0, 0, 0, 0, '2/12/2022 0:00', 3, 0, 0, 0, 0, 0),
(638, 50, '2/12/2022', '2022-02-12', 8, 0, 8, 0, 0, 0, 0, 0, 0, '2/12/2022 0:00', 3, 0, 0, 0, 0, 0),
(639, 20, '2/12/2022', '2022-02-12', 4, 0, 4, 0, 0, 0, 0, 0, 0, '2/12/2022 0:00', 3, 0, 0, 0, 0, 0),
(640, 51, '2/12/2022', '2022-02-12', 212, 0, 212, 0, 0, 0, 0, 0, 0, '2/12/2022 0:00', 3, 0, 0, 0, 0, 0),
(641, 51, '2/12/2022', '2022-02-12', 0, 0, 0, 0, 0, 0, 0, 0, 0, '2/12/2022 0:00', 3, 0, 0, 0, 0, 0),
(642, 52, '2/12/2022', '2022-02-12', 1, 0, 0, 0, 1, 0, 0, 0, 0, '2/12/2022 0:00', 3, 0, 0, 0, 0, 0),
(643, 28, '2/13/2022', '2022-02-13', 671, 0, 444, 196, 31, 0, 0, 0, 0, '2/13/2022 0:00', 1, 0, 0, 0, 0, 0),
(644, 33, '2/13/2022', '2022-02-13', 240, 0, 240, 0, 0, 0, 0, 0, 0, '2/13/2022 0:00', 1, 0, 0, 0, 0, 0),
(645, 10, '2/13/2022', '2022-02-13', 0, 0, 0, 0, 0, 0, 0, 0, 0, '2/13/2022 0:00', 1, 0, 0, 0, 0, 0),
(646, 10, '2/13/2022', '2022-02-13', 0, 0, 0, 0, 0, 0, 0, 0, 0, '2/13/2022 0:00', 1, 0, 0, 0, 0, 0),
(647, 32, '2/13/2022', '2022-02-13', 548, 0, 548, 0, 0, 0, 0, 0, 0, '2/13/2022 0:00', 1, 0, 0, 0, 0, 0),
(648, 31, '2/13/2022', '2022-02-13', 430, 0, 430, 0, 0, 0, 0, 0, 0, '2/13/2022 0:00', 1, 0, 0, 0, 0, 0),
(649, 12, '2/13/2022', '2022-02-13', 246, 0, 246, 0, 0, 0, 0, 0, 0, '2/13/2022 0:00', 1, 0, 0, 0, 0, 0),
(650, 35, '2/13/2022', '2022-02-13', 506, 0, 412, 74, 20, 0, 0, 0, 0, '2/13/2022 0:00', 1, 0, 0, 0, 0, 0),
(651, 39, '2/13/2022', '2022-02-13', 252, 0, 252, 0, 0, 0, 0, 0, 0, '2/13/2022 0:00', 1, 0, 0, 0, 0, 0),
(652, 40, '2/13/2022', '2022-02-13', 332, 0, 288, 39, 5, 0, 0, 0, 0, '2/13/2022 0:00', 1, 0, 0, 0, 0, 0),
(653, 41, '2/13/2022', '2022-02-13', 221, 0, 221, 0, 0, 0, 0, 0, 0, '2/13/2022 0:00', 1, 0, 0, 0, 0, 0),
(654, 37, '2/13/2022', '2022-02-13', 411, 0, 411, 0, 0, 0, 0, 0, 0, '2/13/2022 0:00', 1, 0, 0, 0, 0, 0),
(655, 17, '2/13/2022', '2022-02-13', 514, 0, 513, 0, 1, 0, 0, 0, 0, '2/13/2022 0:00', 1, 0, 0, 0, 0, 0),
(656, 38, '2/13/2022', '2022-02-13', 245, 0, 245, 0, 0, 0, 0, 0, 0, '2/13/2022 0:00', 1, 0, 0, 0, 0, 0),
(657, 38, '2/13/2022', '2022-02-13', 470, 0, 470, 0, 0, 0, 0, 0, 0, '2/13/2022 0:00', 1, 0, 0, 0, 0, 0),
(658, 43, '2/13/2022', '2022-02-13', 531, 0, 531, 0, 0, 0, 0, 0, 0, '2/13/2022 0:00', 1, 0, 0, 0, 0, 0),
(659, 44, '2/13/2022', '2022-02-13', 0, 0, 0, 0, 0, 0, 0, 0, 0, '2/13/2022 0:00', 1, 0, 0, 0, 0, 0),
(660, 45, '2/13/2022', '2022-02-13', 83, 0, 83, 0, 0, 0, 0, 0, 0, '2/13/2022 0:00', 1, 0, 0, 0, 0, 0),
(661, 47, '2/13/2022', '2022-02-13', 502, 0, 427, 71, 4, 0, 0, 0, 0, '2/13/2022 0:00', 1, 0, 0, 0, 0, 0),
(662, 48, '2/13/2022', '2022-02-13', 114, 0, 114, 0, 0, 0, 0, 0, 0, '2/13/2022 0:00', 1, 0, 0, 0, 0, 0),
(663, 49, '2/13/2022', '2022-02-13', 212, 0, 135, 76, 1, 0, 0, 0, 0, '2/13/2022 0:00', 1, 0, 0, 0, 0, 0),
(664, 50, '2/13/2022', '2022-02-13', 476, 0, 464, 12, 0, 0, 0, 0, 0, '2/13/2022 0:00', 1, 0, 0, 0, 0, 0),
(665, 20, '2/13/2022', '2022-02-13', 106, 0, 106, 0, 0, 0, 0, 0, 0, '2/13/2022 0:00', 1, 0, 0, 0, 0, 0),
(666, 51, '2/13/2022', '2022-02-13', 159, 0, 158, 0, 1, 0, 0, 0, 0, '2/13/2022 0:00', 1, 0, 0, 0, 0, 0),
(667, 51, '2/13/2022', '2022-02-13', 0, 0, 0, 0, 0, 0, 0, 0, 0, '2/13/2022 0:00', 1, 0, 0, 0, 0, 0),
(668, 52, '2/13/2022', '2022-02-13', 136, 0, 133, 0, 3, 0, 0, 0, 0, '2/13/2022 0:00', 1, 0, 0, 0, 0, 0),
(669, 28, '2/13/2022', '2022-02-13', 0, 0, 0, 0, 0, 0, 0, 0, 0, '2/13/2022 0:00', 2, 0, 0, 0, 0, 0),
(670, 33, '2/13/2022', '2022-02-13', 0, 0, 0, 0, 0, 0, 0, 0, 0, '2/13/2022 0:00', 2, 0, 0, 0, 0, 0),
(671, 10, '2/13/2022', '2022-02-13', 0, 0, 0, 0, 0, 0, 0, 0, 0, '2/13/2022 0:00', 2, 0, 0, 0, 0, 0),
(672, 10, '2/13/2022', '2022-02-13', 0, 0, 0, 0, 0, 0, 0, 0, 0, '2/13/2022 0:00', 2, 0, 0, 0, 0, 0),
(673, 32, '2/13/2022', '2022-02-13', 63, 0, 63, 0, 0, 0, 0, 0, 0, '2/13/2022 0:00', 2, 0, 0, 0, 0, 0),
(674, 31, '2/13/2022', '2022-02-13', 223, 0, 220, 3, 0, 0, 0, 0, 0, '2/13/2022 0:00', 2, 0, 0, 0, 0, 0),
(675, 12, '2/13/2022', '2022-02-13', 0, 0, 0, 0, 0, 0, 0, 0, 0, '2/13/2022 0:00', 2, 0, 0, 0, 0, 0),
(676, 35, '2/13/2022', '2022-02-13', 520, 0, 520, 0, 0, 0, 0, 0, 0, '2/13/2022 0:00', 2, 0, 0, 0, 0, 0),
(677, 39, '2/13/2022', '2022-02-13', 247, 0, 247, 0, 0, 0, 0, 0, 0, '2/13/2022 0:00', 2, 0, 0, 0, 0, 0),
(678, 40, '2/13/2022', '2022-02-13', 367, 0, 367, 0, 0, 0, 0, 0, 0, '2/13/2022 0:00', 2, 0, 0, 0, 0, 0),
(679, 41, '2/13/2022', '2022-02-13', 794, 0, 794, 0, 0, 0, 0, 0, 0, '2/13/2022 0:00', 2, 0, 0, 0, 0, 0),
(680, 37, '2/13/2022', '2022-02-13', 672, 0, 672, 0, 0, 0, 0, 0, 0, '2/13/2022 0:00', 2, 0, 0, 0, 0, 0),
(681, 17, '2/13/2022', '2022-02-13', 839, 0, 838, 0, 1, 0, 0, 0, 0, '2/13/2022 0:00', 2, 0, 0, 0, 0, 0),
(682, 38, '2/13/2022', '2022-02-13', 429, 0, 429, 0, 0, 0, 0, 0, 0, '2/13/2022 0:00', 2, 0, 0, 0, 0, 0),
(683, 38, '2/13/2022', '2022-02-13', 0, 0, 0, 0, 0, 0, 0, 0, 0, '2/13/2022 0:00', 2, 0, 0, 0, 0, 0),
(684, 43, '2/13/2022', '2022-02-13', 730, 0, 730, 0, 0, 0, 0, 0, 0, '2/13/2022 0:00', 2, 0, 0, 0, 0, 0),
(685, 44, '2/13/2022', '2022-02-13', 196, 0, 196, 0, 0, 0, 0, 0, 0, '2/13/2022 0:00', 2, 0, 0, 0, 0, 0),
(686, 45, '2/13/2022', '2022-02-13', 211, 0, 211, 0, 0, 0, 0, 0, 0, '2/13/2022 0:00', 2, 0, 0, 0, 0, 0),
(687, 47, '2/13/2022', '2022-02-13', 353, 0, 346, 7, 0, 0, 0, 0, 0, '2/13/2022 0:00', 2, 0, 0, 0, 0, 0),
(688, 48, '2/13/2022', '2022-02-13', 48, 0, 46, 0, 2, 0, 0, 0, 0, '2/13/2022 0:00', 2, 0, 0, 0, 0, 0),
(689, 49, '2/13/2022', '2022-02-13', 0, 0, 0, 0, 0, 0, 0, 0, 0, '2/13/2022 0:00', 2, 0, 0, 0, 0, 0),
(690, 50, '2/13/2022', '2022-02-13', 244, 0, 244, 0, 0, 0, 0, 0, 0, '2/13/2022 0:00', 2, 0, 0, 0, 0, 0),
(691, 20, '2/13/2022', '2022-02-13', 0, 0, 0, 0, 0, 0, 0, 0, 0, '2/13/2022 0:00', 2, 0, 0, 0, 0, 0),
(692, 51, '2/13/2022', '2022-02-13', 117, 0, 117, 0, 0, 0, 0, 0, 0, '2/13/2022 0:00', 2, 0, 0, 0, 0, 0),
(693, 51, '2/13/2022', '2022-02-13', 0, 0, 0, 0, 0, 0, 0, 0, 0, '2/13/2022 0:00', 2, 0, 0, 0, 0, 0),
(694, 52, '2/13/2022', '2022-02-13', 48, 0, 47, 0, 1, 0, 0, 0, 0, '2/13/2022 0:00', 2, 0, 0, 0, 0, 0),
(695, 28, '2/13/2022', '2022-02-13', 2175, 0, 2171, 4, 0, 0, 0, 0, 0, '2/13/2022 0:00', 3, 0, 0, 0, 0, 0),
(696, 33, '2/13/2022', '2022-02-13', 0, 0, 0, 0, 0, 0, 0, 0, 0, '2/13/2022 0:00', 3, 0, 0, 0, 0, 0),
(697, 10, '2/13/2022', '2022-02-13', 911, 0, 911, 0, 0, 0, 0, 0, 0, '2/13/2022 0:00', 3, 0, 0, 0, 0, 0),
(698, 10, '2/13/2022', '2022-02-13', 0, 0, 0, 0, 0, 0, 0, 0, 0, '2/13/2022 0:00', 3, 0, 0, 0, 0, 0),
(699, 32, '2/13/2022', '2022-02-13', 0, 0, 0, 0, 0, 0, 0, 0, 0, '2/13/2022 0:00', 3, 0, 0, 0, 0, 0),
(700, 31, '2/13/2022', '2022-02-13', 1, 0, 0, 0, 1, 0, 0, 0, 0, '2/13/2022 0:00', 3, 0, 0, 0, 0, 0),
(701, 12, '2/13/2022', '2022-02-13', 0, 0, 0, 0, 0, 0, 0, 0, 0, '2/13/2022 0:00', 3, 0, 0, 0, 0, 0),
(702, 35, '2/13/2022', '2022-02-13', 861, 0, 859, 1, 1, 0, 0, 0, 0, '2/13/2022 0:00', 3, 0, 0, 0, 0, 0),
(703, 39, '2/13/2022', '2022-02-13', 195, 0, 194, 0, 1, 0, 0, 0, 0, '2/13/2022 0:00', 3, 0, 0, 0, 0, 0),
(704, 40, '2/13/2022', '2022-02-13', 39, 0, 39, 0, 0, 0, 0, 0, 0, '2/13/2022 0:00', 3, 0, 0, 0, 0, 0),
(705, 41, '2/13/2022', '2022-02-13', 378, 0, 378, 0, 0, 0, 0, 0, 0, '2/13/2022 0:00', 3, 0, 0, 0, 0, 0),
(706, 37, '2/13/2022', '2022-02-13', 760, 0, 760, 0, 0, 0, 0, 0, 0, '2/13/2022 0:00', 3, 0, 0, 0, 0, 0),
(707, 17, '2/13/2022', '2022-02-13', 444, 0, 443, 0, 1, 0, 0, 0, 0, '2/13/2022 0:00', 3, 0, 0, 0, 0, 0),
(708, 38, '2/13/2022', '2022-02-13', 829, 0, 829, 0, 0, 0, 0, 0, 0, '2/13/2022 0:00', 3, 0, 0, 0, 0, 0),
(709, 38, '2/13/2022', '2022-02-13', 0, 0, 0, 0, 0, 0, 0, 0, 0, '2/13/2022 0:00', 3, 0, 0, 0, 0, 0),
(710, 43, '2/13/2022', '2022-02-13', 1, 0, 0, 1, 0, 0, 0, 0, 0, '2/13/2022 0:00', 3, 0, 0, 0, 0, 0),
(711, 44, '2/13/2022', '2022-02-13', 200, 0, 200, 0, 0, 0, 0, 0, 0, '2/13/2022 0:00', 3, 0, 0, 0, 0, 0),
(712, 45, '2/13/2022', '2022-02-13', 181, 0, 174, 0, 7, 0, 0, 0, 0, '2/13/2022 0:00', 3, 0, 0, 0, 0, 0),
(713, 47, '2/13/2022', '2022-02-13', 214, 0, 198, 9, 7, 0, 0, 0, 0, '2/13/2022 0:00', 3, 0, 0, 0, 0, 0),
(714, 48, '2/13/2022', '2022-02-13', 165, 0, 165, 0, 0, 0, 0, 0, 0, '2/13/2022 0:00', 3, 0, 0, 0, 0, 0),
(715, 49, '2/13/2022', '2022-02-13', 3, 0, 0, 3, 0, 0, 0, 0, 0, '2/13/2022 0:00', 3, 0, 0, 0, 0, 0),
(716, 50, '2/13/2022', '2022-02-13', 8, 0, 8, 0, 0, 0, 0, 0, 0, '2/13/2022 0:00', 3, 0, 0, 0, 0, 0),
(717, 20, '2/13/2022', '2022-02-13', 6, 0, 6, 0, 0, 0, 0, 0, 0, '2/13/2022 0:00', 3, 0, 0, 0, 0, 0),
(718, 51, '2/13/2022', '2022-02-13', 212, 0, 212, 0, 0, 0, 0, 0, 0, '2/13/2022 0:00', 3, 0, 0, 0, 0, 0),
(719, 51, '2/13/2022', '2022-02-13', 0, 0, 0, 0, 0, 0, 0, 0, 0, '2/13/2022 0:00', 3, 0, 0, 0, 0, 0),
(720, 52, '2/13/2022', '2022-02-13', 0, 0, 0, 0, 0, 0, 0, 0, 0, '2/13/2022 0:00', 3, 0, 0, 0, 0, 0),
(721, 28, '2/14/2022', '2022-02-14', 598, 0, 391, 205, 2, 0, 0, 0, 0, '2/14/2022 0:00', 1, 0, 0, 0, 0, 0),
(722, 33, '2/14/2022', '2022-02-14', 240, 0, 240, 0, 0, 0, 0, 0, 0, '2/14/2022 0:00', 1, 0, 0, 0, 0, 0),
(723, 10, '2/14/2022', '2022-02-14', 0, 0, 0, 0, 0, 0, 0, 0, 0, '2/14/2022 0:00', 1, 0, 0, 0, 0, 0),
(724, 10, '2/14/2022', '2022-02-14', 0, 0, 0, 0, 0, 0, 0, 0, 0, '2/14/2022 0:00', 1, 0, 0, 0, 0, 0),
(725, 32, '2/14/2022', '2022-02-14', 548, 0, 548, 0, 0, 0, 0, 0, 0, '2/14/2022 0:00', 1, 0, 0, 0, 0, 0),
(726, 31, '2/14/2022', '2022-02-14', 430, 0, 430, 0, 0, 0, 0, 0, 0, '2/14/2022 0:00', 1, 0, 0, 0, 0, 0),
(727, 12, '2/14/2022', '2022-02-14', 246, 0, 246, 0, 0, 0, 0, 0, 0, '2/14/2022 0:00', 1, 0, 0, 0, 0, 0),
(728, 35, '2/14/2022', '2022-02-14', 502, 0, 422, 77, 3, 0, 0, 0, 0, '2/14/2022 0:00', 1, 0, 0, 0, 0, 0),
(729, 39, '2/14/2022', '2022-02-14', 252, 0, 252, 0, 0, 0, 0, 0, 0, '2/14/2022 0:00', 1, 0, 0, 0, 0, 0),
(730, 40, '2/14/2022', '2022-02-14', 332, 0, 298, 17, 17, 0, 0, 0, 0, '2/14/2022 0:00', 1, 0, 0, 0, 0, 0),
(731, 41, '2/14/2022', '2022-02-14', 221, 0, 221, 0, 0, 0, 0, 0, 0, '2/14/2022 0:00', 1, 0, 0, 0, 0, 0),
(732, 37, '2/14/2022', '2022-02-14', 411, 0, 411, 0, 0, 0, 0, 0, 0, '2/14/2022 0:00', 1, 0, 0, 0, 0, 0),
(733, 17, '2/14/2022', '2022-02-14', 514, 0, 513, 0, 1, 0, 0, 0, 0, '2/14/2022 0:00', 1, 0, 0, 0, 0, 0),
(734, 38, '2/14/2022', '2022-02-14', 0, 0, 0, 0, 0, 0, 0, 0, 0, '2/14/2022 0:00', 1, 0, 0, 0, 0, 0),
(735, 38, '2/14/2022', '2022-02-14', 452, 0, 451, 0, 1, 0, 0, 0, 0, '2/14/2022 0:00', 1, 0, 0, 0, 0, 0),
(736, 43, '2/14/2022', '2022-02-14', 531, 0, 531, 0, 0, 0, 0, 0, 0, '2/14/2022 0:00', 1, 0, 0, 0, 0, 0),
(737, 44, '2/14/2022', '2022-02-14', 15, 0, 15, 0, 0, 0, 0, 0, 0, '2/14/2022 0:00', 1, 0, 0, 0, 0, 0),
(738, 45, '2/14/2022', '2022-02-14', 83, 0, 83, 0, 0, 0, 0, 0, 0, '2/14/2022 0:00', 1, 0, 0, 0, 0, 0),
(739, 47, '2/14/2022', '2022-02-14', 502, 0, 427, 71, 4, 0, 0, 0, 0, '2/14/2022 0:00', 1, 0, 0, 0, 0, 0),
(740, 48, '2/14/2022', '2022-02-14', 114, 0, 114, 0, 0, 0, 0, 0, 0, '2/14/2022 0:00', 1, 0, 0, 0, 0, 0),
(741, 49, '2/14/2022', '2022-02-14', 212, 0, 132, 79, 1, 0, 0, 0, 0, '2/14/2022 0:00', 1, 0, 0, 0, 0, 0),
(742, 50, '2/14/2022', '2022-02-14', 476, 0, 464, 12, 0, 0, 0, 0, 0, '2/14/2022 0:00', 1, 0, 0, 0, 0, 0),
(743, 20, '2/14/2022', '2022-02-14', 106, 0, 106, 0, 0, 0, 0, 0, 0, '2/14/2022 0:00', 1, 0, 0, 0, 0, 0),
(744, 51, '2/14/2022', '2022-02-14', 159, 0, 158, 0, 1, 0, 0, 0, 0, '2/14/2022 0:00', 1, 0, 0, 0, 0, 0),
(745, 51, '2/14/2022', '2022-02-14', 0, 0, 0, 0, 0, 0, 0, 0, 0, '2/14/2022 0:00', 1, 0, 0, 0, 0, 0),
(746, 52, '2/14/2022', '2022-02-14', 136, 0, 133, 0, 3, 0, 0, 0, 0, '2/14/2022 0:00', 1, 0, 0, 0, 0, 0),
(747, 28, '2/14/2022', '2022-02-14', 0, 0, 0, 0, 0, 0, 0, 0, 0, '2/14/2022 0:00', 2, 0, 0, 0, 0, 0),
(748, 33, '2/14/2022', '2022-02-14', 0, 0, 0, 0, 0, 0, 0, 0, 0, '2/14/2022 0:00', 2, 0, 0, 0, 0, 0),
(749, 10, '2/14/2022', '2022-02-14', 0, 0, 0, 0, 0, 0, 0, 0, 0, '2/14/2022 0:00', 2, 0, 0, 0, 0, 0),
(750, 10, '2/14/2022', '2022-02-14', 0, 0, 0, 0, 0, 0, 0, 0, 0, '2/14/2022 0:00', 2, 0, 0, 0, 0, 0),
(751, 32, '2/14/2022', '2022-02-14', 63, 0, 63, 0, 0, 0, 0, 0, 0, '2/14/2022 0:00', 2, 0, 0, 0, 0, 0),
(752, 31, '2/14/2022', '2022-02-14', 223, 0, 220, 3, 0, 0, 0, 0, 0, '2/14/2022 0:00', 2, 0, 0, 0, 0, 0),
(753, 12, '2/14/2022', '2022-02-14', 0, 0, 0, 0, 0, 0, 0, 0, 0, '2/14/2022 0:00', 2, 0, 0, 0, 0, 0),
(754, 35, '2/14/2022', '2022-02-14', 520, 0, 520, 0, 0, 0, 0, 0, 0, '2/14/2022 0:00', 2, 0, 0, 0, 0, 0),
(755, 39, '2/14/2022', '2022-02-14', 247, 0, 247, 0, 0, 0, 0, 0, 0, '2/14/2022 0:00', 2, 0, 0, 0, 0, 0),
(756, 40, '2/14/2022', '2022-02-14', 367, 0, 367, 0, 0, 0, 0, 0, 0, '2/14/2022 0:00', 2, 0, 0, 0, 0, 0),
(757, 41, '2/14/2022', '2022-02-14', 646, 0, 646, 0, 0, 0, 0, 0, 0, '2/14/2022 0:00', 2, 0, 0, 0, 0, 0),
(758, 37, '2/14/2022', '2022-02-14', 672, 0, 672, 0, 0, 0, 0, 0, 0, '2/14/2022 0:00', 2, 0, 0, 0, 0, 0),
(759, 17, '2/14/2022', '2022-02-14', 839, 0, 838, 0, 1, 0, 0, 0, 0, '2/14/2022 0:00', 2, 0, 0, 0, 0, 0),
(760, 38, '2/14/2022', '2022-02-14', 429, 0, 429, 0, 0, 0, 0, 0, 0, '2/14/2022 0:00', 2, 0, 0, 0, 0, 0),
(761, 38, '2/14/2022', '2022-02-14', 0, 0, 0, 0, 0, 0, 0, 0, 0, '2/14/2022 0:00', 2, 0, 0, 0, 0, 0),
(762, 43, '2/14/2022', '2022-02-14', 730, 0, 730, 0, 0, 0, 0, 0, 0, '2/14/2022 0:00', 2, 0, 0, 0, 0, 0),
(763, 44, '2/14/2022', '2022-02-14', 196, 0, 196, 0, 0, 0, 0, 0, 0, '2/14/2022 0:00', 2, 0, 0, 0, 0, 0),
(764, 45, '2/14/2022', '2022-02-14', 211, 0, 211, 0, 0, 0, 0, 0, 0, '2/14/2022 0:00', 2, 0, 0, 0, 0, 0),
(765, 47, '2/14/2022', '2022-02-14', 353, 0, 342, 11, 0, 0, 0, 0, 0, '2/14/2022 0:00', 2, 0, 0, 0, 0, 0),
(766, 48, '2/14/2022', '2022-02-14', 48, 0, 46, 0, 2, 0, 0, 0, 0, '2/14/2022 0:00', 2, 0, 0, 0, 0, 0),
(767, 49, '2/14/2022', '2022-02-14', 0, 0, 0, 0, 0, 0, 0, 0, 0, '2/14/2022 0:00', 2, 0, 0, 0, 0, 0),
(768, 50, '2/14/2022', '2022-02-14', 244, 0, 244, 0, 0, 0, 0, 0, 0, '2/14/2022 0:00', 2, 0, 0, 0, 0, 0),
(769, 20, '2/14/2022', '2022-02-14', 0, 0, 0, 0, 0, 0, 0, 0, 0, '2/14/2022 0:00', 2, 0, 0, 0, 0, 0),
(770, 51, '2/14/2022', '2022-02-14', 117, 0, 117, 0, 0, 0, 0, 0, 0, '2/14/2022 0:00', 2, 0, 0, 0, 0, 0),
(771, 51, '2/14/2022', '2022-02-14', 0, 0, 0, 0, 0, 0, 0, 0, 0, '2/14/2022 0:00', 2, 0, 0, 0, 0, 0),
(772, 52, '2/14/2022', '2022-02-14', 48, 0, 47, 0, 1, 0, 0, 0, 0, '2/14/2022 0:00', 2, 0, 0, 0, 0, 0),
(773, 28, '2/14/2022', '2022-02-14', 2249, 0, 2245, 4, 0, 0, 0, 0, 0, '2/14/2022 0:00', 3, 0, 0, 0, 0, 0),
(774, 33, '2/14/2022', '2022-02-14', 0, 0, 0, 0, 0, 0, 0, 0, 0, '2/14/2022 0:00', 3, 0, 0, 0, 0, 0),
(775, 10, '2/14/2022', '2022-02-14', 911, 0, 911, 0, 0, 0, 0, 0, 0, '2/14/2022 0:00', 3, 0, 0, 0, 0, 0),
(776, 10, '2/14/2022', '2022-02-14', 0, 0, 0, 0, 0, 0, 0, 0, 0, '2/14/2022 0:00', 3, 0, 0, 0, 0, 0),
(777, 32, '2/14/2022', '2022-02-14', 0, 0, 0, 0, 0, 0, 0, 0, 0, '2/14/2022 0:00', 3, 0, 0, 0, 0, 0),
(778, 31, '2/14/2022', '2022-02-14', 1, 0, 0, 0, 1, 0, 0, 0, 0, '2/14/2022 0:00', 3, 0, 0, 0, 0, 0),
(779, 12, '2/14/2022', '2022-02-14', 0, 0, 0, 0, 0, 0, 0, 0, 0, '2/14/2022 0:00', 3, 0, 0, 0, 0, 0),
(780, 35, '2/14/2022', '2022-02-14', 861, 0, 859, 1, 1, 0, 0, 0, 0, '2/14/2022 0:00', 3, 0, 0, 0, 0, 0),
(781, 39, '2/14/2022', '2022-02-14', 195, 0, 194, 0, 1, 0, 0, 0, 0, '2/14/2022 0:00', 3, 0, 0, 0, 0, 0),
(782, 40, '2/14/2022', '2022-02-14', 39, 0, 39, 0, 0, 0, 0, 0, 0, '2/14/2022 0:00', 3, 0, 0, 0, 0, 0),
(783, 41, '2/14/2022', '2022-02-14', 306, 0, 306, 0, 0, 0, 0, 0, 0, '2/14/2022 0:00', 3, 0, 0, 0, 0, 0),
(784, 37, '2/14/2022', '2022-02-14', 760, 0, 760, 0, 0, 0, 0, 0, 0, '2/14/2022 0:00', 3, 0, 0, 0, 0, 0),
(785, 17, '2/14/2022', '2022-02-14', 444, 0, 443, 0, 1, 0, 0, 0, 0, '2/14/2022 0:00', 3, 0, 0, 0, 0, 0),
(786, 38, '2/14/2022', '2022-02-14', 1092, 0, 1092, 0, 0, 0, 0, 0, 0, '2/14/2022 0:00', 3, 0, 0, 0, 0, 0),
(787, 38, '2/14/2022', '2022-02-14', 0, 0, 0, 0, 0, 0, 0, 0, 0, '2/14/2022 0:00', 3, 0, 0, 0, 0, 0),
(788, 43, '2/14/2022', '2022-02-14', 1, 0, 0, 1, 0, 0, 0, 0, 0, '2/14/2022 0:00', 3, 0, 0, 0, 0, 0),
(789, 44, '2/14/2022', '2022-02-14', 185, 0, 185, 0, 0, 0, 0, 0, 0, '2/14/2022 0:00', 3, 0, 0, 0, 0, 0),
(790, 45, '2/14/2022', '2022-02-14', 181, 0, 174, 0, 7, 0, 0, 0, 0, '2/14/2022 0:00', 3, 0, 0, 0, 0, 0),
(791, 47, '2/14/2022', '2022-02-14', 214, 0, 200, 7, 7, 0, 0, 0, 0, '2/14/2022 0:00', 3, 0, 0, 0, 0, 0),
(792, 48, '2/14/2022', '2022-02-14', 165, 0, 165, 0, 0, 0, 0, 0, 0, '2/14/2022 0:00', 3, 0, 0, 0, 0, 0),
(793, 49, '2/14/2022', '2022-02-14', 3, 0, 0, 3, 0, 0, 0, 0, 0, '2/14/2022 0:00', 3, 0, 0, 0, 0, 0),
(794, 50, '2/14/2022', '2022-02-14', 8, 0, 8, 0, 0, 0, 0, 0, 0, '2/14/2022 0:00', 3, 0, 0, 0, 0, 0),
(795, 20, '2/14/2022', '2022-02-14', 6, 0, 6, 0, 0, 0, 0, 0, 0, '2/14/2022 0:00', 3, 0, 0, 0, 0, 0),
(796, 51, '2/14/2022', '2022-02-14', 212, 0, 212, 0, 0, 0, 0, 0, 0, '2/14/2022 0:00', 3, 0, 0, 0, 0, 0),
(797, 51, '2/14/2022', '2022-02-14', 0, 0, 0, 0, 0, 0, 0, 0, 0, '2/14/2022 0:00', 3, 0, 0, 0, 0, 0),
(798, 52, '2/14/2022', '2022-02-14', 0, 0, 0, 0, 0, 0, 0, 0, 0, '2/14/2022 0:00', 3, 0, 0, 0, 0, 0),
(799, 28, '2/15/2022', '2022-02-15', 598, 0, 463, 134, 1, 0, 0, 0, 0, '2/15/2022 0:00', 1, 0, 0, 0, 0, 0),
(800, 33, '2/15/2022', '2022-02-15', 240, 0, 239, 0, 1, 0, 0, 0, 0, '2/15/2022 0:00', 1, 0, 0, 0, 0, 0),
(801, 10, '2/15/2022', '2022-02-15', 0, 0, 0, 0, 0, 0, 0, 0, 0, '2/15/2022 0:00', 1, 0, 0, 0, 0, 0),
(802, 10, '2/15/2022', '2022-02-15', 0, 0, 0, 0, 0, 0, 0, 0, 0, '2/15/2022 0:00', 1, 0, 0, 0, 0, 0),
(803, 32, '2/15/2022', '2022-02-15', 548, 0, 548, 0, 0, 0, 0, 0, 0, '2/15/2022 0:00', 1, 0, 0, 0, 0, 0),
(804, 31, '2/15/2022', '2022-02-15', 430, 0, 430, 0, 0, 0, 0, 0, 0, '2/15/2022 0:00', 1, 0, 0, 0, 0, 0),
(805, 12, '2/15/2022', '2022-02-15', 246, 0, 246, 0, 0, 0, 0, 0, 0, '2/15/2022 0:00', 1, 0, 0, 0, 0, 0),
(806, 35, '2/15/2022', '2022-02-15', 502, 0, 422, 77, 3, 0, 0, 0, 0, '2/15/2022 0:00', 1, 0, 0, 0, 0, 0),
(807, 39, '2/15/2022', '2022-02-15', 252, 0, 252, 0, 0, 0, 0, 0, 0, '2/15/2022 0:00', 1, 0, 0, 0, 0, 0),
(808, 40, '2/15/2022', '2022-02-15', 332, 0, 298, 17, 17, 0, 0, 0, 0, '2/15/2022 0:00', 1, 0, 0, 0, 0, 0),
(809, 41, '2/15/2022', '2022-02-15', 221, 0, 221, 0, 0, 0, 0, 0, 0, '2/15/2022 0:00', 1, 0, 0, 0, 0, 0),
(810, 37, '2/15/2022', '2022-02-15', 411, 0, 411, 0, 0, 0, 0, 0, 0, '2/15/2022 0:00', 1, 0, 0, 0, 0, 0),
(811, 17, '2/15/2022', '2022-02-15', 514, 0, 513, 0, 1, 0, 0, 0, 0, '2/15/2022 0:00', 1, 0, 0, 0, 0, 0),
(812, 38, '2/15/2022', '2022-02-15', 0, 0, 0, 0, 0, 0, 0, 0, 0, '2/15/2022 0:00', 1, 0, 0, 0, 0, 0),
(813, 38, '2/15/2022', '2022-02-15', 452, 0, 451, 0, 1, 0, 0, 0, 0, '2/15/2022 0:00', 1, 0, 0, 0, 0, 0),
(814, 43, '2/15/2022', '2022-02-15', 531, 0, 531, 0, 0, 0, 0, 0, 0, '2/15/2022 0:00', 1, 0, 0, 0, 0, 0),
(815, 44, '2/15/2022', '2022-02-15', 15, 0, 15, 0, 0, 0, 0, 0, 0, '2/15/2022 0:00', 1, 0, 0, 0, 0, 0),
(816, 45, '2/15/2022', '2022-02-15', 83, 0, 83, 0, 0, 0, 0, 0, 0, '2/15/2022 0:00', 1, 0, 0, 0, 0, 0),
(817, 47, '2/15/2022', '2022-02-15', 502, 0, 438, 64, 0, 0, 0, 0, 0, '2/15/2022 0:00', 1, 0, 0, 0, 0, 0),
(818, 48, '2/15/2022', '2022-02-15', 114, 0, 114, 0, 0, 0, 0, 0, 0, '2/15/2022 0:00', 1, 0, 0, 0, 0, 0),
(819, 49, '2/15/2022', '2022-02-15', 212, 0, 131, 80, 1, 0, 0, 0, 0, '2/15/2022 0:00', 1, 0, 0, 0, 0, 0),
(820, 50, '2/15/2022', '2022-02-15', 476, 0, 464, 12, 0, 0, 0, 0, 0, '2/15/2022 0:00', 1, 0, 0, 0, 0, 0),
(821, 20, '2/15/2022', '2022-02-15', 56, 0, 53, 0, 3, 0, 0, 0, 0, '2/15/2022 0:00', 1, 0, 0, 0, 0, 0),
(822, 51, '2/15/2022', '2022-02-15', 159, 0, 154, 5, 0, 0, 0, 0, 0, '2/15/2022 0:00', 1, 0, 0, 0, 0, 0),
(823, 51, '2/15/2022', '2022-02-15', 0, 0, 0, 0, 0, 0, 0, 0, 0, '2/15/2022 0:00', 1, 0, 0, 0, 0, 0),
(824, 52, '2/15/2022', '2022-02-15', 136, 0, 133, 0, 3, 0, 0, 0, 0, '2/15/2022 0:00', 1, 0, 0, 0, 0, 0),
(825, 28, '2/15/2022', '2022-02-15', 0, 0, 0, 0, 0, 0, 0, 0, 0, '2/15/2022 0:00', 2, 0, 0, 0, 0, 0),
(826, 33, '2/15/2022', '2022-02-15', 0, 0, 0, 0, 0, 0, 0, 0, 0, '2/15/2022 0:00', 2, 0, 0, 0, 0, 0),
(827, 10, '2/15/2022', '2022-02-15', 0, 0, 0, 0, 0, 0, 0, 0, 0, '2/15/2022 0:00', 2, 0, 0, 0, 0, 0),
(828, 10, '2/15/2022', '2022-02-15', 0, 0, 0, 0, 0, 0, 0, 0, 0, '2/15/2022 0:00', 2, 0, 0, 0, 0, 0),
(829, 32, '2/15/2022', '2022-02-15', 63, 0, 63, 0, 0, 0, 0, 0, 0, '2/15/2022 0:00', 2, 0, 0, 0, 0, 0),
(830, 31, '2/15/2022', '2022-02-15', 223, 0, 220, 3, 0, 0, 0, 0, 0, '2/15/2022 0:00', 2, 0, 0, 0, 0, 0),
(831, 12, '2/15/2022', '2022-02-15', 0, 0, 0, 0, 0, 0, 0, 0, 0, '2/15/2022 0:00', 2, 0, 0, 0, 0, 0),
(832, 35, '2/15/2022', '2022-02-15', 520, 0, 520, 0, 0, 0, 0, 0, 0, '2/15/2022 0:00', 2, 0, 0, 0, 0, 0),
(833, 39, '2/15/2022', '2022-02-15', 247, 0, 247, 0, 0, 0, 0, 0, 0, '2/15/2022 0:00', 2, 0, 0, 0, 0, 0),
(834, 40, '2/15/2022', '2022-02-15', 367, 0, 367, 0, 0, 0, 0, 0, 0, '2/15/2022 0:00', 2, 0, 0, 0, 0, 0),
(835, 41, '2/15/2022', '2022-02-15', 646, 0, 646, 0, 0, 0, 0, 0, 0, '2/15/2022 0:00', 2, 0, 0, 0, 0, 0),
(836, 37, '2/15/2022', '2022-02-15', 672, 0, 672, 0, 0, 0, 0, 0, 0, '2/15/2022 0:00', 2, 0, 0, 0, 0, 0),
(837, 17, '2/15/2022', '2022-02-15', 839, 0, 838, 0, 1, 0, 0, 0, 0, '2/15/2022 0:00', 2, 0, 0, 0, 0, 0),
(838, 38, '2/15/2022', '2022-02-15', 429, 0, 429, 0, 0, 0, 0, 0, 0, '2/15/2022 0:00', 2, 0, 0, 0, 0, 0),
(839, 38, '2/15/2022', '2022-02-15', 0, 0, 0, 0, 0, 0, 0, 0, 0, '2/15/2022 0:00', 2, 0, 0, 0, 0, 0),
(840, 43, '2/15/2022', '2022-02-15', 730, 0, 730, 0, 0, 0, 0, 0, 0, '2/15/2022 0:00', 2, 0, 0, 0, 0, 0),
(841, 44, '2/15/2022', '2022-02-15', 196, 0, 196, 0, 0, 0, 0, 0, 0, '2/15/2022 0:00', 2, 0, 0, 0, 0, 0),
(842, 45, '2/15/2022', '2022-02-15', 211, 0, 211, 0, 0, 0, 0, 0, 0, '2/15/2022 0:00', 2, 0, 0, 0, 0, 0),
(843, 47, '2/15/2022', '2022-02-15', 353, 0, 343, 10, 0, 0, 0, 0, 0, '2/15/2022 0:00', 2, 0, 0, 0, 0, 0),
(844, 48, '2/15/2022', '2022-02-15', 48, 0, 46, 0, 2, 0, 0, 0, 0, '2/15/2022 0:00', 2, 0, 0, 0, 0, 0),
(845, 49, '2/15/2022', '2022-02-15', 0, 0, 0, 0, 0, 0, 0, 0, 0, '2/15/2022 0:00', 2, 0, 0, 0, 0, 0),
(846, 50, '2/15/2022', '2022-02-15', 244, 0, 244, 0, 0, 0, 0, 0, 0, '2/15/2022 0:00', 2, 0, 0, 0, 0, 0),
(847, 20, '2/15/2022', '2022-02-15', 0, 0, 0, 0, 0, 0, 0, 0, 0, '2/15/2022 0:00', 2, 0, 0, 0, 0, 0),
(848, 51, '2/15/2022', '2022-02-15', 117, 0, 117, 0, 0, 0, 0, 0, 0, '2/15/2022 0:00', 2, 0, 0, 0, 0, 0),
(849, 51, '2/15/2022', '2022-02-15', 0, 0, 0, 0, 0, 0, 0, 0, 0, '2/15/2022 0:00', 2, 0, 0, 0, 0, 0),
(850, 52, '2/15/2022', '2022-02-15', 48, 0, 47, 0, 1, 0, 0, 0, 0, '2/15/2022 0:00', 2, 0, 0, 0, 0, 0),
(851, 28, '2/15/2022', '2022-02-15', 2249, 0, 2245, 4, 0, 0, 0, 0, 0, '2/15/2022 0:00', 3, 0, 0, 0, 0, 0),
(852, 33, '2/15/2022', '2022-02-15', 0, 0, 0, 0, 0, 0, 0, 0, 0, '2/15/2022 0:00', 3, 0, 0, 0, 0, 0),
(853, 10, '2/15/2022', '2022-02-15', 911, 0, 911, 0, 0, 0, 0, 0, 0, '2/15/2022 0:00', 3, 0, 0, 0, 0, 0),
(854, 10, '2/15/2022', '2022-02-15', 0, 0, 0, 0, 0, 0, 0, 0, 0, '2/15/2022 0:00', 3, 0, 0, 0, 0, 0),
(855, 32, '2/15/2022', '2022-02-15', 0, 0, 0, 0, 0, 0, 0, 0, 0, '2/15/2022 0:00', 3, 0, 0, 0, 0, 0),
(856, 31, '2/15/2022', '2022-02-15', 1, 0, 0, 0, 1, 0, 0, 0, 0, '2/15/2022 0:00', 3, 0, 0, 0, 0, 0),
(857, 12, '2/15/2022', '2022-02-15', 0, 0, 0, 0, 0, 0, 0, 0, 0, '2/15/2022 0:00', 3, 0, 0, 0, 0, 0),
(858, 35, '2/15/2022', '2022-02-15', 861, 0, 859, 1, 1, 0, 0, 0, 0, '2/15/2022 0:00', 3, 0, 0, 0, 0, 0),
(859, 39, '2/15/2022', '2022-02-15', 195, 0, 194, 0, 1, 0, 0, 0, 0, '2/15/2022 0:00', 3, 0, 0, 0, 0, 0),
(860, 40, '2/15/2022', '2022-02-15', 39, 0, 39, 0, 0, 0, 0, 0, 0, '2/15/2022 0:00', 3, 0, 0, 0, 0, 0),
(861, 41, '2/15/2022', '2022-02-15', 306, 0, 306, 0, 0, 0, 0, 0, 0, '2/15/2022 0:00', 3, 0, 0, 0, 0, 0),
(862, 37, '2/15/2022', '2022-02-15', 760, 0, 760, 0, 0, 0, 0, 0, 0, '2/15/2022 0:00', 3, 0, 0, 0, 0, 0),
(863, 17, '2/15/2022', '2022-02-15', 444, 0, 443, 0, 1, 0, 0, 0, 0, '2/15/2022 0:00', 3, 0, 0, 0, 0, 0),
(864, 38, '2/15/2022', '2022-02-15', 1092, 0, 1092, 0, 0, 0, 0, 0, 0, '2/15/2022 0:00', 3, 0, 0, 0, 0, 0),
(865, 38, '2/15/2022', '2022-02-15', 0, 0, 0, 0, 0, 0, 0, 0, 0, '2/15/2022 0:00', 3, 0, 0, 0, 0, 0),
(866, 43, '2/15/2022', '2022-02-15', 1, 0, 0, 1, 0, 0, 0, 0, 0, '2/15/2022 0:00', 3, 0, 0, 0, 0, 0),
(867, 44, '2/15/2022', '2022-02-15', 185, 0, 185, 0, 0, 0, 0, 0, 0, '2/15/2022 0:00', 3, 0, 0, 0, 0, 0),
(868, 45, '2/15/2022', '2022-02-15', 181, 0, 174, 0, 7, 0, 0, 0, 0, '2/15/2022 0:00', 3, 0, 0, 0, 0, 0),
(869, 47, '2/15/2022', '2022-02-15', 214, 0, 200, 7, 7, 0, 0, 0, 0, '2/15/2022 0:00', 3, 0, 0, 0, 0, 0),
(870, 48, '2/15/2022', '2022-02-15', 165, 0, 165, 0, 0, 0, 0, 0, 0, '2/15/2022 0:00', 3, 0, 0, 0, 0, 0),
(871, 49, '2/15/2022', '2022-02-15', 3, 0, 0, 3, 0, 0, 0, 0, 0, '2/15/2022 0:00', 3, 0, 0, 0, 0, 0),
(872, 50, '2/15/2022', '2022-02-15', 8, 0, 8, 0, 0, 0, 0, 0, 0, '2/15/2022 0:00', 3, 0, 0, 0, 0, 0),
(873, 20, '2/15/2022', '2022-02-15', 56, 0, 50, 0, 6, 0, 0, 0, 0, '2/15/2022 0:00', 3, 0, 0, 0, 0, 0),
(874, 51, '2/15/2022', '2022-02-15', 212, 0, 212, 0, 0, 0, 0, 0, 0, '2/15/2022 0:00', 3, 0, 0, 0, 0, 0),
(875, 51, '2/15/2022', '2022-02-15', 0, 0, 0, 0, 0, 0, 0, 0, 0, '2/15/2022 0:00', 3, 0, 0, 0, 0, 0),
(876, 52, '2/15/2022', '2022-02-15', 0, 0, 0, 0, 0, 0, 0, 0, 0, '2/15/2022 0:00', 3, 0, 0, 0, 0, 0),
(877, 28, '2/16/2022', '2022-02-16', 598, 0, 558, 39, 1, 0, 0, 0, 0, '2/16/2022 0:00', 1, 0, 0, 0, 0, 0),
(878, 33, '2/16/2022', '2022-02-16', 240, 0, 234, 0, 6, 0, 0, 0, 0, '2/16/2022 0:00', 1, 0, 0, 0, 0, 0),
(879, 10, '2/16/2022', '2022-02-16', 0, 0, 0, 0, 0, 0, 0, 0, 0, '2/16/2022 0:00', 1, 0, 0, 0, 0, 0),
(880, 10, '2/16/2022', '2022-02-16', 0, 0, 0, 0, 0, 0, 0, 0, 0, '2/16/2022 0:00', 1, 0, 0, 0, 0, 0),
(881, 32, '2/16/2022', '2022-02-16', 548, 0, 548, 0, 0, 0, 0, 0, 0, '2/16/2022 0:00', 1, 0, 0, 0, 0, 0),
(882, 31, '2/16/2022', '2022-02-16', 430, 0, 429, 0, 1, 0, 0, 0, 0, '2/16/2022 0:00', 1, 0, 0, 0, 0, 0),
(883, 12, '2/16/2022', '2022-02-16', 246, 0, 246, 0, 0, 0, 0, 0, 0, '2/16/2022 0:00', 1, 0, 0, 0, 0, 0),
(884, 35, '2/16/2022', '2022-02-16', 507, 0, 408, 79, 20, 0, 0, 0, 0, '2/16/2022 0:00', 1, 0, 0, 0, 0, 0),
(885, 39, '2/16/2022', '2022-02-16', 252, 0, 252, 0, 0, 0, 0, 0, 0, '2/16/2022 0:00', 1, 0, 0, 0, 0, 0),
(886, 40, '2/16/2022', '2022-02-16', 332, 0, 298, 17, 17, 0, 0, 0, 0, '2/16/2022 0:00', 1, 0, 0, 0, 0, 0),
(887, 41, '2/16/2022', '2022-02-16', 221, 0, 221, 0, 0, 0, 0, 0, 0, '2/16/2022 0:00', 1, 0, 0, 0, 0, 0),
(888, 37, '2/16/2022', '2022-02-16', 411, 0, 411, 0, 0, 0, 0, 0, 0, '2/16/2022 0:00', 1, 0, 0, 0, 0, 0),
(889, 17, '2/16/2022', '2022-02-16', 514, 0, 513, 0, 1, 0, 0, 0, 0, '2/16/2022 0:00', 1, 0, 0, 0, 0, 0),
(890, 38, '2/16/2022', '2022-02-16', 0, 0, 0, 0, 0, 0, 0, 0, 0, '2/16/2022 0:00', 1, 0, 0, 0, 0, 0),
(891, 38, '2/16/2022', '2022-02-16', 452, 0, 451, 0, 1, 0, 0, 0, 0, '2/16/2022 0:00', 1, 0, 0, 0, 0, 0),
(892, 43, '2/16/2022', '2022-02-16', 531, 0, 531, 0, 0, 0, 0, 0, 0, '2/16/2022 0:00', 1, 0, 0, 0, 0, 0),
(893, 44, '2/16/2022', '2022-02-16', 17, 0, 17, 0, 0, 0, 0, 0, 0, '2/16/2022 0:00', 1, 0, 0, 0, 0, 0),
(894, 45, '2/16/2022', '2022-02-16', 83, 0, 83, 0, 0, 0, 0, 0, 0, '2/16/2022 0:00', 1, 0, 0, 0, 0, 0),
(895, 47, '2/16/2022', '2022-02-16', 502, 0, 437, 65, 0, 0, 0, 0, 0, '2/16/2022 0:00', 1, 0, 0, 0, 0, 0),
(896, 48, '2/16/2022', '2022-02-16', 114, 0, 114, 0, 0, 0, 0, 0, 0, '2/16/2022 0:00', 1, 0, 0, 0, 0, 0),
(897, 49, '2/16/2022', '2022-02-16', 212, 0, 151, 60, 1, 0, 0, 0, 0, '2/16/2022 0:00', 1, 0, 0, 0, 0, 0),
(898, 50, '2/16/2022', '2022-02-16', 476, 0, 464, 12, 0, 0, 0, 0, 0, '2/16/2022 0:00', 1, 0, 0, 0, 0, 0),
(899, 20, '2/16/2022', '2022-02-16', 36, 0, 36, 0, 0, 0, 0, 0, 0, '2/16/2022 0:00', 1, 0, 0, 0, 0, 0),
(900, 51, '2/16/2022', '2022-02-16', 159, 0, 155, 4, 0, 0, 0, 0, 0, '2/16/2022 0:00', 1, 0, 0, 0, 0, 0),
(901, 51, '2/16/2022', '2022-02-16', 0, 0, 0, 0, 0, 0, 0, 0, 0, '2/16/2022 0:00', 1, 0, 0, 0, 0, 0),
(902, 52, '2/16/2022', '2022-02-16', 136, 0, 133, 0, 3, 0, 0, 0, 0, '2/16/2022 0:00', 1, 0, 0, 0, 0, 0),
(903, 28, '2/16/2022', '2022-02-16', 0, 0, 0, 0, 0, 0, 0, 0, 0, '2/16/2022 0:00', 2, 0, 0, 0, 0, 0),
(904, 33, '2/16/2022', '2022-02-16', 0, 0, 0, 0, 0, 0, 0, 0, 0, '2/16/2022 0:00', 2, 0, 0, 0, 0, 0),
(905, 10, '2/16/2022', '2022-02-16', 0, 0, 0, 0, 0, 0, 0, 0, 0, '2/16/2022 0:00', 2, 0, 0, 0, 0, 0),
(906, 10, '2/16/2022', '2022-02-16', 0, 0, 0, 0, 0, 0, 0, 0, 0, '2/16/2022 0:00', 2, 0, 0, 0, 0, 0),
(907, 32, '2/16/2022', '2022-02-16', 63, 0, 63, 0, 0, 0, 0, 0, 0, '2/16/2022 0:00', 2, 0, 0, 0, 0, 0),
(908, 31, '2/16/2022', '2022-02-16', 223, 0, 220, 3, 0, 0, 0, 0, 0, '2/16/2022 0:00', 2, 0, 0, 0, 0, 0),
(909, 12, '2/16/2022', '2022-02-16', 0, 0, 0, 0, 0, 0, 0, 0, 0, '2/16/2022 0:00', 2, 0, 0, 0, 0, 0),
(910, 35, '2/16/2022', '2022-02-16', 520, 0, 520, 0, 0, 0, 0, 0, 0, '2/16/2022 0:00', 2, 0, 0, 0, 0, 0),
(911, 39, '2/16/2022', '2022-02-16', 247, 0, 247, 0, 0, 0, 0, 0, 0, '2/16/2022 0:00', 2, 0, 0, 0, 0, 0),
(912, 40, '2/16/2022', '2022-02-16', 367, 0, 367, 0, 0, 0, 0, 0, 0, '2/16/2022 0:00', 2, 0, 0, 0, 0, 0),
(913, 41, '2/16/2022', '2022-02-16', 646, 0, 646, 0, 0, 0, 0, 0, 0, '2/16/2022 0:00', 2, 0, 0, 0, 0, 0),
(914, 37, '2/16/2022', '2022-02-16', 672, 0, 672, 0, 0, 0, 0, 0, 0, '2/16/2022 0:00', 2, 0, 0, 0, 0, 0),
(915, 17, '2/16/2022', '2022-02-16', 839, 0, 838, 0, 1, 0, 0, 0, 0, '2/16/2022 0:00', 2, 0, 0, 0, 0, 0),
(916, 38, '2/16/2022', '2022-02-16', 429, 0, 429, 0, 0, 0, 0, 0, 0, '2/16/2022 0:00', 2, 0, 0, 0, 0, 0),
(917, 38, '2/16/2022', '2022-02-16', 0, 0, 0, 0, 0, 0, 0, 0, 0, '2/16/2022 0:00', 2, 0, 0, 0, 0, 0),
(918, 43, '2/16/2022', '2022-02-16', 730, 0, 730, 0, 0, 0, 0, 0, 0, '2/16/2022 0:00', 2, 0, 0, 0, 0, 0),
(919, 44, '2/16/2022', '2022-02-16', 196, 0, 196, 0, 0, 0, 0, 0, 0, '2/16/2022 0:00', 2, 0, 0, 0, 0, 0),
(920, 45, '2/16/2022', '2022-02-16', 211, 0, 211, 0, 0, 0, 0, 0, 0, '2/16/2022 0:00', 2, 0, 0, 0, 0, 0),
(921, 47, '2/16/2022', '2022-02-16', 353, 0, 343, 10, 0, 0, 0, 0, 0, '2/16/2022 0:00', 2, 0, 0, 0, 0, 0),
(922, 48, '2/16/2022', '2022-02-16', 48, 0, 46, 0, 2, 0, 0, 0, 0, '2/16/2022 0:00', 2, 0, 0, 0, 0, 0),
(923, 49, '2/16/2022', '2022-02-16', 0, 0, 0, 0, 0, 0, 0, 0, 0, '2/16/2022 0:00', 2, 0, 0, 0, 0, 0),
(924, 50, '2/16/2022', '2022-02-16', 244, 0, 244, 0, 0, 0, 0, 0, 0, '2/16/2022 0:00', 2, 0, 0, 0, 0, 0),
(925, 20, '2/16/2022', '2022-02-16', 0, 0, 0, 0, 0, 0, 0, 0, 0, '2/16/2022 0:00', 2, 0, 0, 0, 0, 0),
(926, 51, '2/16/2022', '2022-02-16', 68, 0, 68, 0, 0, 0, 0, 0, 0, '2/16/2022 0:00', 2, 0, 0, 0, 0, 0),
(927, 51, '2/16/2022', '2022-02-16', 0, 0, 0, 0, 0, 0, 0, 0, 0, '2/16/2022 0:00', 2, 0, 0, 0, 0, 0),
(928, 52, '2/16/2022', '2022-02-16', 48, 0, 47, 0, 1, 0, 0, 0, 0, '2/16/2022 0:00', 2, 0, 0, 0, 0, 0),
(929, 28, '2/16/2022', '2022-02-16', 2249, 0, 2246, 3, 0, 0, 0, 0, 0, '2/16/2022 0:00', 3, 0, 0, 0, 0, 0),
(930, 33, '2/16/2022', '2022-02-16', 0, 0, 0, 0, 0, 0, 0, 0, 0, '2/16/2022 0:00', 3, 0, 0, 0, 0, 0),
(931, 10, '2/16/2022', '2022-02-16', 911, 0, 911, 0, 0, 0, 0, 0, 0, '2/16/2022 0:00', 3, 0, 0, 0, 0, 0),
(932, 10, '2/16/2022', '2022-02-16', 0, 0, 0, 0, 0, 0, 0, 0, 0, '2/16/2022 0:00', 3, 0, 0, 0, 0, 0),
(933, 32, '2/16/2022', '2022-02-16', 0, 0, 0, 0, 0, 0, 0, 0, 0, '2/16/2022 0:00', 3, 0, 0, 0, 0, 0),
(934, 31, '2/16/2022', '2022-02-16', 1, 0, 0, 0, 1, 0, 0, 0, 0, '2/16/2022 0:00', 3, 0, 0, 0, 0, 0),
(935, 12, '2/16/2022', '2022-02-16', 0, 0, 0, 0, 0, 0, 0, 0, 0, '2/16/2022 0:00', 3, 0, 0, 0, 0, 0),
(936, 35, '2/16/2022', '2022-02-16', 861, 0, 859, 1, 1, 0, 0, 0, 0, '2/16/2022 0:00', 3, 0, 0, 0, 0, 0),
(937, 39, '2/16/2022', '2022-02-16', 195, 0, 194, 0, 1, 0, 0, 0, 0, '2/16/2022 0:00', 3, 0, 0, 0, 0, 0),
(938, 40, '2/16/2022', '2022-02-16', 39, 0, 39, 0, 0, 0, 0, 0, 0, '2/16/2022 0:00', 3, 0, 0, 0, 0, 0),
(939, 41, '2/16/2022', '2022-02-16', 306, 0, 306, 0, 0, 0, 0, 0, 0, '2/16/2022 0:00', 3, 0, 0, 0, 0, 0),
(940, 37, '2/16/2022', '2022-02-16', 760, 0, 760, 0, 0, 0, 0, 0, 0, '2/16/2022 0:00', 3, 0, 0, 0, 0, 0),
(941, 17, '2/16/2022', '2022-02-16', 444, 0, 443, 0, 1, 0, 0, 0, 0, '2/16/2022 0:00', 3, 0, 0, 0, 0, 0),
(942, 38, '2/16/2022', '2022-02-16', 1092, 0, 1092, 0, 0, 0, 0, 0, 0, '2/16/2022 0:00', 3, 0, 0, 0, 0, 0),
(943, 38, '2/16/2022', '2022-02-16', 0, 0, 0, 0, 0, 0, 0, 0, 0, '2/16/2022 0:00', 3, 0, 0, 0, 0, 0),
(944, 43, '2/16/2022', '2022-02-16', 1, 0, 0, 1, 0, 0, 0, 0, 0, '2/16/2022 0:00', 3, 0, 0, 0, 0, 0),
(945, 44, '2/16/2022', '2022-02-16', 183, 0, 182, 1, 0, 0, 0, 0, 0, '2/16/2022 0:00', 3, 0, 0, 0, 0, 0),
(946, 45, '2/16/2022', '2022-02-16', 181, 0, 174, 0, 7, 0, 0, 0, 0, '2/16/2022 0:00', 3, 0, 0, 0, 0, 0),
(947, 47, '2/16/2022', '2022-02-16', 214, 0, 200, 7, 7, 0, 0, 0, 0, '2/16/2022 0:00', 3, 0, 0, 0, 0, 0),
(948, 48, '2/16/2022', '2022-02-16', 165, 0, 165, 0, 0, 0, 0, 0, 0, '2/16/2022 0:00', 3, 0, 0, 0, 0, 0),
(949, 49, '2/16/2022', '2022-02-16', 3, 0, 0, 3, 0, 0, 0, 0, 0, '2/16/2022 0:00', 3, 0, 0, 0, 0, 0),
(950, 50, '2/16/2022', '2022-02-16', 8, 0, 8, 0, 0, 0, 0, 0, 0, '2/16/2022 0:00', 3, 0, 0, 0, 0, 0),
(951, 20, '2/16/2022', '2022-02-16', 76, 0, 70, 0, 6, 0, 0, 0, 0, '2/16/2022 0:00', 3, 0, 0, 0, 0, 0),
(952, 51, '2/16/2022', '2022-02-16', 261, 0, 259, 2, 0, 0, 0, 0, 0, '2/16/2022 0:00', 3, 0, 0, 0, 0, 0),
(953, 51, '2/16/2022', '2022-02-16', 0, 0, 0, 0, 0, 0, 0, 0, 0, '2/16/2022 0:00', 3, 0, 0, 0, 0, 0),
(954, 52, '2/16/2022', '2022-02-16', 0, 0, 0, 0, 0, 0, 0, 0, 0, '2/16/2022 0:00', 3, 0, 0, 0, 0, 0),
(955, 28, '2/17/2022', '2022-02-17', 598, 0, 558, 39, 1, 0, 0, 0, 0, '2/17/2022 0:00', 1, 0, 0, 0, 0, 0),
(956, 33, '2/17/2022', '2022-02-17', 240, 0, 230, 0, 10, 0, 0, 0, 0, '2/17/2022 0:00', 1, 0, 0, 0, 0, 0),
(957, 10, '2/17/2022', '2022-02-17', 0, 0, 0, 0, 0, 0, 0, 0, 0, '2/17/2022 0:00', 1, 0, 0, 0, 0, 0),
(958, 10, '2/17/2022', '2022-02-17', 0, 0, 0, 0, 0, 0, 0, 0, 0, '2/17/2022 0:00', 1, 0, 0, 0, 0, 0),
(959, 32, '2/17/2022', '2022-02-17', 548, 0, 548, 0, 0, 0, 0, 0, 0, '2/17/2022 0:00', 1, 0, 0, 0, 0, 0),
(960, 31, '2/17/2022', '2022-02-17', 430, 0, 429, 0, 1, 0, 0, 0, 0, '2/17/2022 0:00', 1, 0, 0, 0, 0, 0),
(961, 12, '2/17/2022', '2022-02-17', 246, 0, 246, 0, 0, 0, 0, 0, 0, '2/17/2022 0:00', 1, 0, 0, 0, 0, 0),
(962, 35, '2/17/2022', '2022-02-17', 507, 0, 389, 109, 9, 0, 0, 0, 0, '2/17/2022 0:00', 1, 0, 0, 0, 0, 0),
(963, 39, '2/17/2022', '2022-02-17', 252, 0, 252, 0, 0, 0, 0, 0, 0, '2/17/2022 0:00', 1, 0, 0, 0, 0, 0),
(964, 40, '2/17/2022', '2022-02-17', 332, 0, 305, 10, 17, 0, 0, 0, 0, '2/17/2022 0:00', 1, 0, 0, 0, 0, 0),
(965, 41, '2/17/2022', '2022-02-17', 221, 0, 221, 0, 0, 0, 0, 0, 0, '2/17/2022 0:00', 1, 0, 0, 0, 0, 0),
(966, 37, '2/17/2022', '2022-02-17', 411, 0, 411, 0, 0, 0, 0, 0, 0, '2/17/2022 0:00', 1, 0, 0, 0, 0, 0),
(967, 17, '2/17/2022', '2022-02-17', 514, 0, 513, 0, 1, 0, 0, 0, 0, '2/17/2022 0:00', 1, 0, 0, 0, 0, 0),
(968, 38, '2/17/2022', '2022-02-17', 0, 0, 0, 0, 0, 0, 0, 0, 0, '2/17/2022 0:00', 1, 0, 0, 0, 0, 0),
(969, 38, '2/17/2022', '2022-02-17', 452, 0, 451, 0, 1, 0, 0, 0, 0, '2/17/2022 0:00', 1, 0, 0, 0, 0, 0),
(970, 43, '2/17/2022', '2022-02-17', 531, 0, 531, 0, 0, 0, 0, 0, 0, '2/17/2022 0:00', 1, 0, 0, 0, 0, 0),
(971, 44, '2/17/2022', '2022-02-17', 17, 0, 17, 0, 0, 0, 0, 0, 0, '2/17/2022 0:00', 1, 0, 0, 0, 0, 0),
(972, 45, '2/17/2022', '2022-02-17', 83, 0, 83, 0, 0, 0, 0, 0, 0, '2/17/2022 0:00', 1, 0, 0, 0, 0, 0),
(973, 47, '2/17/2022', '2022-02-17', 502, 0, 458, 41, 3, 0, 0, 0, 0, '2/17/2022 0:00', 1, 0, 0, 0, 0, 0),
(974, 48, '2/17/2022', '2022-02-17', 114, 0, 114, 0, 0, 0, 0, 0, 0, '2/17/2022 0:00', 1, 0, 0, 0, 0, 0),
(975, 49, '2/17/2022', '2022-02-17', 212, 0, 148, 63, 1, 0, 0, 0, 0, '2/17/2022 0:00', 1, 0, 0, 0, 0, 0),
(976, 50, '2/17/2022', '2022-02-17', 476, 0, 469, 7, 0, 0, 0, 0, 0, '2/17/2022 0:00', 1, 0, 0, 0, 0, 0),
(977, 20, '2/17/2022', '2022-02-17', 42, 0, 42, 0, 0, 0, 0, 0, 0, '2/17/2022 0:00', 1, 0, 0, 0, 0, 0),
(978, 51, '2/17/2022', '2022-02-17', 159, 0, 155, 4, 0, 0, 0, 0, 0, '2/17/2022 0:00', 1, 0, 0, 0, 0, 0),
(979, 51, '2/17/2022', '2022-02-17', 0, 0, 0, 0, 0, 0, 0, 0, 0, '2/17/2022 0:00', 1, 0, 0, 0, 0, 0),
(980, 52, '2/17/2022', '2022-02-17', 136, 0, 133, 0, 3, 0, 0, 0, 0, '2/17/2022 0:00', 1, 0, 0, 0, 0, 0),
(981, 28, '2/17/2022', '2022-02-17', 0, 0, 0, 0, 0, 0, 0, 0, 0, '2/17/2022 0:00', 2, 0, 0, 0, 0, 0),
(982, 33, '2/17/2022', '2022-02-17', 0, 0, 0, 0, 0, 0, 0, 0, 0, '2/17/2022 0:00', 2, 0, 0, 0, 0, 0),
(983, 10, '2/17/2022', '2022-02-17', 0, 0, 0, 0, 0, 0, 0, 0, 0, '2/17/2022 0:00', 2, 0, 0, 0, 0, 0),
(984, 10, '2/17/2022', '2022-02-17', 0, 0, 0, 0, 0, 0, 0, 0, 0, '2/17/2022 0:00', 2, 0, 0, 0, 0, 0),
(985, 32, '2/17/2022', '2022-02-17', 63, 0, 63, 0, 0, 0, 0, 0, 0, '2/17/2022 0:00', 2, 0, 0, 0, 0, 0),
(986, 31, '2/17/2022', '2022-02-17', 223, 0, 219, 3, 1, 0, 0, 0, 0, '2/17/2022 0:00', 2, 0, 0, 0, 0, 0),
(987, 12, '2/17/2022', '2022-02-17', 0, 0, 0, 0, 0, 0, 0, 0, 0, '2/17/2022 0:00', 2, 0, 0, 0, 0, 0),
(988, 35, '2/17/2022', '2022-02-17', 520, 0, 520, 0, 0, 0, 0, 0, 0, '2/17/2022 0:00', 2, 0, 0, 0, 0, 0),
(989, 39, '2/17/2022', '2022-02-17', 247, 0, 247, 0, 0, 0, 0, 0, 0, '2/17/2022 0:00', 2, 0, 0, 0, 0, 0),
(990, 40, '2/17/2022', '2022-02-17', 367, 0, 367, 0, 0, 0, 0, 0, 0, '2/17/2022 0:00', 2, 0, 0, 0, 0, 0),
(991, 41, '2/17/2022', '2022-02-17', 646, 0, 646, 0, 0, 0, 0, 0, 0, '2/17/2022 0:00', 2, 0, 0, 0, 0, 0),
(992, 37, '2/17/2022', '2022-02-17', 672, 0, 672, 0, 0, 0, 0, 0, 0, '2/17/2022 0:00', 2, 0, 0, 0, 0, 0),
(993, 17, '2/17/2022', '2022-02-17', 839, 0, 838, 0, 1, 0, 0, 0, 0, '2/17/2022 0:00', 2, 0, 0, 0, 0, 0),
(994, 38, '2/17/2022', '2022-02-17', 429, 0, 429, 0, 0, 0, 0, 0, 0, '2/17/2022 0:00', 2, 0, 0, 0, 0, 0),
(995, 38, '2/17/2022', '2022-02-17', 0, 0, 0, 0, 0, 0, 0, 0, 0, '2/17/2022 0:00', 2, 0, 0, 0, 0, 0),
(996, 43, '2/17/2022', '2022-02-17', 730, 0, 730, 0, 0, 0, 0, 0, 0, '2/17/2022 0:00', 2, 0, 0, 0, 0, 0),
(997, 44, '2/17/2022', '2022-02-17', 196, 0, 196, 0, 0, 0, 0, 0, 0, '2/17/2022 0:00', 2, 0, 0, 0, 0, 0),
(998, 45, '2/17/2022', '2022-02-17', 211, 0, 211, 0, 0, 0, 0, 0, 0, '2/17/2022 0:00', 2, 0, 0, 0, 0, 0),
(999, 47, '2/17/2022', '2022-02-17', 353, 0, 344, 9, 0, 0, 0, 0, 0, '2/17/2022 0:00', 2, 0, 0, 0, 0, 0),
(1000, 48, '2/17/2022', '2022-02-17', 24, 0, 20, 0, 4, 0, 0, 0, 0, '2/17/2022 0:00', 2, 0, 0, 0, 0, 0),
(1001, 49, '2/17/2022', '2022-02-17', 0, 0, 0, 0, 0, 0, 0, 0, 0, '2/17/2022 0:00', 2, 0, 0, 0, 0, 0),
(1002, 50, '2/17/2022', '2022-02-17', 244, 0, 244, 0, 0, 0, 0, 0, 0, '2/17/2022 0:00', 2, 0, 0, 0, 0, 0);
INSERT INTO `trx_absensi` (`id`, `id_kampus`, `tgl_absensi_text`, `tgl_absensi`, `jumlah_taruna`, `jumlah_taruna_wanita`, `pria_sehat`, `pria_covid`, `pria_ijin`, `wanita_sehat`, `wanita_covid`, `wanita_ijin`, `uid`, `created_date`, `id_lokasi`, `vaksin1`, `vaksin2`, `vaksin_lain`, `manual_taruna`, `manual_taruni`) VALUES
(1003, 20, '2/17/2022', '2022-02-17', 0, 0, 0, 0, 0, 0, 0, 0, 0, '2/17/2022 0:00', 2, 0, 0, 0, 0, 0),
(1004, 51, '2/17/2022', '2022-02-17', 68, 0, 68, 0, 0, 0, 0, 0, 0, '2/17/2022 0:00', 2, 0, 0, 0, 0, 0),
(1005, 51, '2/17/2022', '2022-02-17', 0, 0, 0, 0, 0, 0, 0, 0, 0, '2/17/2022 0:00', 2, 0, 0, 0, 0, 0),
(1006, 52, '2/17/2022', '2022-02-17', 48, 0, 47, 0, 1, 0, 0, 0, 0, '2/17/2022 0:00', 2, 0, 0, 0, 0, 0),
(1007, 28, '2/17/2022', '2022-02-17', 2249, 0, 2246, 3, 0, 0, 0, 0, 0, '2/17/2022 0:00', 3, 0, 0, 0, 0, 0),
(1008, 33, '2/17/2022', '2022-02-17', 0, 0, 0, 0, 0, 0, 0, 0, 0, '2/17/2022 0:00', 3, 0, 0, 0, 0, 0),
(1009, 10, '2/17/2022', '2022-02-17', 911, 0, 911, 0, 0, 0, 0, 0, 0, '2/17/2022 0:00', 3, 0, 0, 0, 0, 0),
(1010, 10, '2/17/2022', '2022-02-17', 0, 0, 0, 0, 0, 0, 0, 0, 0, '2/17/2022 0:00', 3, 0, 0, 0, 0, 0),
(1011, 32, '2/17/2022', '2022-02-17', 0, 0, 0, 0, 0, 0, 0, 0, 0, '2/17/2022 0:00', 3, 0, 0, 0, 0, 0),
(1012, 31, '2/17/2022', '2022-02-17', 1, 0, 0, 0, 1, 0, 0, 0, 0, '2/17/2022 0:00', 3, 0, 0, 0, 0, 0),
(1013, 12, '2/17/2022', '2022-02-17', 0, 0, 0, 0, 0, 0, 0, 0, 0, '2/17/2022 0:00', 3, 0, 0, 0, 0, 0),
(1014, 35, '2/17/2022', '2022-02-17', 861, 0, 859, 1, 1, 0, 0, 0, 0, '2/17/2022 0:00', 3, 0, 0, 0, 0, 0),
(1015, 39, '2/17/2022', '2022-02-17', 195, 0, 194, 0, 1, 0, 0, 0, 0, '2/17/2022 0:00', 3, 0, 0, 0, 0, 0),
(1016, 40, '2/17/2022', '2022-02-17', 39, 0, 39, 0, 0, 0, 0, 0, 0, '2/17/2022 0:00', 3, 0, 0, 0, 0, 0),
(1017, 41, '2/17/2022', '2022-02-17', 306, 0, 306, 0, 0, 0, 0, 0, 0, '2/17/2022 0:00', 3, 0, 0, 0, 0, 0),
(1018, 37, '2/17/2022', '2022-02-17', 760, 0, 760, 0, 0, 0, 0, 0, 0, '2/17/2022 0:00', 3, 0, 0, 0, 0, 0),
(1019, 17, '2/17/2022', '2022-02-17', 444, 0, 443, 0, 1, 0, 0, 0, 0, '2/17/2022 0:00', 3, 0, 0, 0, 0, 0),
(1020, 38, '2/17/2022', '2022-02-17', 1092, 0, 1092, 0, 0, 0, 0, 0, 0, '2/17/2022 0:00', 3, 0, 0, 0, 0, 0),
(1021, 38, '2/17/2022', '2022-02-17', 0, 0, 0, 0, 0, 0, 0, 0, 0, '2/17/2022 0:00', 3, 0, 0, 0, 0, 0),
(1022, 43, '2/17/2022', '2022-02-17', 1, 0, 0, 1, 0, 0, 0, 0, 0, '2/17/2022 0:00', 3, 0, 0, 0, 0, 0),
(1023, 44, '2/17/2022', '2022-02-17', 183, 0, 183, 0, 0, 0, 0, 0, 0, '2/17/2022 0:00', 3, 0, 0, 0, 0, 0),
(1024, 45, '2/17/2022', '2022-02-17', 181, 0, 174, 0, 7, 0, 0, 0, 0, '2/17/2022 0:00', 3, 0, 0, 0, 0, 0),
(1025, 47, '2/17/2022', '2022-02-17', 214, 0, 200, 7, 7, 0, 0, 0, 0, '2/17/2022 0:00', 3, 0, 0, 0, 0, 0),
(1026, 48, '2/17/2022', '2022-02-17', 189, 0, 189, 0, 0, 0, 0, 0, 0, '2/17/2022 0:00', 3, 0, 0, 0, 0, 0),
(1027, 49, '2/17/2022', '2022-02-17', 3, 0, 0, 3, 0, 0, 0, 0, 0, '2/17/2022 0:00', 3, 0, 0, 0, 0, 0),
(1028, 50, '2/17/2022', '2022-02-17', 8, 0, 8, 0, 0, 0, 0, 0, 0, '2/17/2022 0:00', 3, 0, 0, 0, 0, 0),
(1029, 20, '2/17/2022', '2022-02-17', 70, 0, 64, 0, 6, 0, 0, 0, 0, '2/17/2022 0:00', 3, 0, 0, 0, 0, 0),
(1030, 51, '2/17/2022', '2022-02-17', 261, 0, 259, 2, 0, 0, 0, 0, 0, '2/17/2022 0:00', 3, 0, 0, 0, 0, 0),
(1031, 51, '2/17/2022', '2022-02-17', 0, 0, 0, 0, 0, 0, 0, 0, 0, '2/17/2022 0:00', 3, 0, 0, 0, 0, 0),
(1032, 52, '2/17/2022', '2022-02-17', 0, 0, 0, 0, 0, 0, 0, 0, 0, '2/17/2022 0:00', 3, 0, 0, 0, 0, 0),
(1033, 28, '2/18/2022', '2022-02-18', 598, 0, 576, 21, 1, 0, 0, 0, 0, '2/18/2022 0:00', 1, 0, 0, 0, 0, 0),
(1034, 33, '2/18/2022', '2022-02-18', 240, 0, 227, 0, 13, 0, 0, 0, 0, '2/18/2022 0:00', 1, 0, 0, 0, 0, 0),
(1035, 10, '2/18/2022', '2022-02-18', 0, 0, 0, 0, 0, 0, 0, 0, 0, '2/18/2022 0:00', 1, 0, 0, 0, 0, 0),
(1036, 10, '2/18/2022', '2022-02-18', 0, 0, 0, 0, 0, 0, 0, 0, 0, '2/18/2022 0:00', 1, 0, 0, 0, 0, 0),
(1037, 32, '2/18/2022', '2022-02-18', 548, 0, 548, 0, 0, 0, 0, 0, 0, '2/18/2022 0:00', 1, 0, 0, 0, 0, 0),
(1038, 31, '2/18/2022', '2022-02-18', 430, 0, 429, 0, 1, 0, 0, 0, 0, '2/18/2022 0:00', 1, 0, 0, 0, 0, 0),
(1039, 12, '2/18/2022', '2022-02-18', 246, 0, 246, 0, 0, 0, 0, 0, 0, '2/18/2022 0:00', 1, 0, 0, 0, 0, 0),
(1040, 35, '2/18/2022', '2022-02-18', 507, 0, 389, 109, 9, 0, 0, 0, 0, '2/18/2022 0:00', 1, 0, 0, 0, 0, 0),
(1041, 39, '2/18/2022', '2022-02-18', 252, 0, 252, 0, 0, 0, 0, 0, 0, '2/18/2022 0:00', 1, 0, 0, 0, 0, 0),
(1042, 40, '2/18/2022', '2022-02-18', 332, 0, 330, 2, 0, 0, 0, 0, 0, '2/18/2022 0:00', 1, 0, 0, 0, 0, 0),
(1043, 41, '2/18/2022', '2022-02-18', 221, 0, 219, 2, 0, 0, 0, 0, 0, '2/18/2022 0:00', 1, 0, 0, 0, 0, 0),
(1044, 37, '2/18/2022', '2022-02-18', 411, 0, 411, 0, 0, 0, 0, 0, 0, '2/18/2022 0:00', 1, 0, 0, 0, 0, 0),
(1045, 17, '2/18/2022', '2022-02-18', 514, 0, 513, 0, 1, 0, 0, 0, 0, '2/18/2022 0:00', 1, 0, 0, 0, 0, 0),
(1046, 38, '2/18/2022', '2022-02-18', 0, 0, 0, 0, 0, 0, 0, 0, 0, '2/18/2022 0:00', 1, 0, 0, 0, 0, 0),
(1047, 38, '2/18/2022', '2022-02-18', 452, 0, 451, 0, 1, 0, 0, 0, 0, '2/18/2022 0:00', 1, 0, 0, 0, 0, 0),
(1048, 43, '2/18/2022', '2022-02-18', 531, 0, 531, 0, 0, 0, 0, 0, 0, '2/18/2022 0:00', 1, 0, 0, 0, 0, 0),
(1049, 44, '2/18/2022', '2022-02-18', 17, 0, 17, 0, 0, 0, 0, 0, 0, '2/18/2022 0:00', 1, 0, 0, 0, 0, 0),
(1050, 45, '2/18/2022', '2022-02-18', 83, 0, 83, 0, 0, 0, 0, 0, 0, '2/18/2022 0:00', 1, 0, 0, 0, 0, 0),
(1051, 47, '2/18/2022', '2022-02-18', 501, 0, 469, 31, 1, 0, 0, 0, 0, '2/18/2022 0:00', 1, 0, 0, 0, 0, 0),
(1052, 48, '2/18/2022', '2022-02-18', 114, 0, 114, 0, 0, 0, 0, 0, 0, '2/18/2022 0:00', 1, 0, 0, 0, 0, 0),
(1053, 49, '2/18/2022', '2022-02-18', 212, 0, 146, 65, 1, 0, 0, 0, 0, '2/18/2022 0:00', 1, 0, 0, 0, 0, 0),
(1054, 50, '2/18/2022', '2022-02-18', 476, 0, 469, 7, 0, 0, 0, 0, 0, '2/18/2022 0:00', 1, 0, 0, 0, 0, 0),
(1055, 20, '2/18/2022', '2022-02-18', 34, 0, 34, 0, 0, 0, 0, 0, 0, '2/18/2022 0:00', 1, 0, 0, 0, 0, 0),
(1056, 51, '2/18/2022', '2022-02-18', 159, 0, 155, 4, 0, 0, 0, 0, 0, '2/18/2022 0:00', 1, 0, 0, 0, 0, 0),
(1057, 51, '2/18/2022', '2022-02-18', 0, 0, 0, 0, 0, 0, 0, 0, 0, '2/18/2022 0:00', 1, 0, 0, 0, 0, 0),
(1058, 52, '2/18/2022', '2022-02-18', 136, 0, 132, 0, 4, 0, 0, 0, 0, '2/18/2022 0:00', 1, 0, 0, 0, 0, 0),
(1059, 28, '2/18/2022', '2022-02-18', 0, 0, 0, 0, 0, 0, 0, 0, 0, '2/18/2022 0:00', 2, 0, 0, 0, 0, 0),
(1060, 33, '2/18/2022', '2022-02-18', 0, 0, 0, 0, 0, 0, 0, 0, 0, '2/18/2022 0:00', 2, 0, 0, 0, 0, 0),
(1061, 10, '2/18/2022', '2022-02-18', 0, 0, 0, 0, 0, 0, 0, 0, 0, '2/18/2022 0:00', 2, 0, 0, 0, 0, 0),
(1062, 10, '2/18/2022', '2022-02-18', 0, 0, 0, 0, 0, 0, 0, 0, 0, '2/18/2022 0:00', 2, 0, 0, 0, 0, 0),
(1063, 32, '2/18/2022', '2022-02-18', 63, 0, 63, 0, 0, 0, 0, 0, 0, '2/18/2022 0:00', 2, 0, 0, 0, 0, 0),
(1064, 31, '2/18/2022', '2022-02-18', 223, 0, 219, 3, 1, 0, 0, 0, 0, '2/18/2022 0:00', 2, 0, 0, 0, 0, 0),
(1065, 12, '2/18/2022', '2022-02-18', 0, 0, 0, 0, 0, 0, 0, 0, 0, '2/18/2022 0:00', 2, 0, 0, 0, 0, 0),
(1066, 35, '2/18/2022', '2022-02-18', 520, 0, 520, 0, 0, 0, 0, 0, 0, '2/18/2022 0:00', 2, 0, 0, 0, 0, 0),
(1067, 39, '2/18/2022', '2022-02-18', 247, 0, 247, 0, 0, 0, 0, 0, 0, '2/18/2022 0:00', 2, 0, 0, 0, 0, 0),
(1068, 40, '2/18/2022', '2022-02-18', 367, 0, 367, 0, 0, 0, 0, 0, 0, '2/18/2022 0:00', 2, 0, 0, 0, 0, 0),
(1069, 41, '2/18/2022', '2022-02-18', 646, 0, 646, 0, 0, 0, 0, 0, 0, '2/18/2022 0:00', 2, 0, 0, 0, 0, 0),
(1070, 37, '2/18/2022', '2022-02-18', 672, 0, 672, 0, 0, 0, 0, 0, 0, '2/18/2022 0:00', 2, 0, 0, 0, 0, 0),
(1071, 17, '2/18/2022', '2022-02-18', 839, 0, 838, 0, 1, 0, 0, 0, 0, '2/18/2022 0:00', 2, 0, 0, 0, 0, 0),
(1072, 38, '2/18/2022', '2022-02-18', 429, 0, 429, 0, 0, 0, 0, 0, 0, '2/18/2022 0:00', 2, 0, 0, 0, 0, 0),
(1073, 38, '2/18/2022', '2022-02-18', 0, 0, 0, 0, 0, 0, 0, 0, 0, '2/18/2022 0:00', 2, 0, 0, 0, 0, 0),
(1074, 43, '2/18/2022', '2022-02-18', 730, 0, 730, 0, 0, 0, 0, 0, 0, '2/18/2022 0:00', 2, 0, 0, 0, 0, 0),
(1075, 44, '2/18/2022', '2022-02-18', 196, 0, 196, 0, 0, 0, 0, 0, 0, '2/18/2022 0:00', 2, 0, 0, 0, 0, 0),
(1076, 45, '2/18/2022', '2022-02-18', 211, 0, 211, 0, 0, 0, 0, 0, 0, '2/18/2022 0:00', 2, 0, 0, 0, 0, 0),
(1077, 47, '2/18/2022', '2022-02-18', 353, 0, 344, 9, 0, 0, 0, 0, 0, '2/18/2022 0:00', 2, 0, 0, 0, 0, 0),
(1078, 48, '2/18/2022', '2022-02-18', 24, 0, 20, 0, 4, 0, 0, 0, 0, '2/18/2022 0:00', 2, 0, 0, 0, 0, 0),
(1079, 49, '2/18/2022', '2022-02-18', 0, 0, 0, 0, 0, 0, 0, 0, 0, '2/18/2022 0:00', 2, 0, 0, 0, 0, 0),
(1080, 50, '2/18/2022', '2022-02-18', 244, 0, 234, 0, 1, 0, 0, 0, 0, '2/18/2022 0:00', 2, 0, 0, 0, 0, 0),
(1081, 20, '2/18/2022', '2022-02-18', 0, 0, 0, 0, 0, 0, 0, 0, 0, '2/18/2022 0:00', 2, 0, 0, 0, 0, 0),
(1082, 51, '2/18/2022', '2022-02-18', 68, 0, 68, 0, 0, 0, 0, 0, 0, '2/18/2022 0:00', 2, 0, 0, 0, 0, 0),
(1083, 51, '2/18/2022', '2022-02-18', 0, 0, 0, 0, 0, 0, 0, 0, 0, '2/18/2022 0:00', 2, 0, 0, 0, 0, 0),
(1084, 52, '2/18/2022', '2022-02-18', 48, 0, 47, 0, 1, 0, 0, 0, 0, '2/18/2022 0:00', 2, 0, 0, 0, 0, 0),
(1085, 28, '2/18/2022', '2022-02-18', 2249, 0, 2245, 4, 0, 0, 0, 0, 0, '2/18/2022 0:00', 3, 0, 0, 0, 0, 0),
(1086, 33, '2/18/2022', '2022-02-18', 0, 0, 0, 0, 0, 0, 0, 0, 0, '2/18/2022 0:00', 3, 0, 0, 0, 0, 0),
(1087, 10, '2/18/2022', '2022-02-18', 911, 0, 908, 3, 0, 0, 0, 0, 0, '2/18/2022 0:00', 3, 0, 0, 0, 0, 0),
(1088, 10, '2/18/2022', '2022-02-18', 0, 0, 0, 0, 0, 0, 0, 0, 0, '2/18/2022 0:00', 3, 0, 0, 0, 0, 0),
(1089, 32, '2/18/2022', '2022-02-18', 0, 0, 0, 0, 0, 0, 0, 0, 0, '2/18/2022 0:00', 3, 0, 0, 0, 0, 0),
(1090, 31, '2/18/2022', '2022-02-18', 1, 0, 0, 0, 1, 0, 0, 0, 0, '2/18/2022 0:00', 3, 0, 0, 0, 0, 0),
(1091, 12, '2/18/2022', '2022-02-18', 0, 0, 0, 0, 0, 0, 0, 0, 0, '2/18/2022 0:00', 3, 0, 0, 0, 0, 0),
(1092, 35, '2/18/2022', '2022-02-18', 861, 0, 859, 1, 1, 0, 0, 0, 0, '2/18/2022 0:00', 3, 0, 0, 0, 0, 0),
(1093, 39, '2/18/2022', '2022-02-18', 195, 0, 194, 0, 1, 0, 0, 0, 0, '2/18/2022 0:00', 3, 0, 0, 0, 0, 0),
(1094, 40, '2/18/2022', '2022-02-18', 39, 0, 39, 0, 0, 0, 0, 0, 0, '2/18/2022 0:00', 3, 0, 0, 0, 0, 0),
(1095, 41, '2/18/2022', '2022-02-18', 306, 0, 306, 0, 0, 0, 0, 0, 0, '2/18/2022 0:00', 3, 0, 0, 0, 0, 0),
(1096, 37, '2/18/2022', '2022-02-18', 760, 0, 760, 0, 0, 0, 0, 0, 0, '2/18/2022 0:00', 3, 0, 0, 0, 0, 0),
(1097, 17, '2/18/2022', '2022-02-18', 444, 0, 443, 0, 1, 0, 0, 0, 0, '2/18/2022 0:00', 3, 0, 0, 0, 0, 0),
(1098, 38, '2/18/2022', '2022-02-18', 1092, 0, 1092, 0, 0, 0, 0, 0, 0, '2/18/2022 0:00', 3, 0, 0, 0, 0, 0),
(1099, 38, '2/18/2022', '2022-02-18', 0, 0, 0, 0, 0, 0, 0, 0, 0, '2/18/2022 0:00', 3, 0, 0, 0, 0, 0),
(1100, 43, '2/18/2022', '2022-02-18', 1, 0, 0, 1, 0, 0, 0, 0, 0, '2/18/2022 0:00', 3, 0, 0, 0, 0, 0),
(1101, 44, '2/18/2022', '2022-02-18', 183, 0, 183, 0, 0, 0, 0, 0, 0, '2/18/2022 0:00', 3, 0, 0, 0, 0, 0),
(1102, 45, '2/18/2022', '2022-02-18', 181, 0, 174, 0, 7, 0, 0, 0, 0, '2/18/2022 0:00', 3, 0, 0, 0, 0, 0),
(1103, 47, '2/18/2022', '2022-02-18', 215, 0, 200, 7, 8, 0, 0, 0, 0, '2/18/2022 0:00', 3, 0, 0, 0, 0, 0),
(1104, 48, '2/18/2022', '2022-02-18', 189, 0, 186, 1, 2, 0, 0, 0, 0, '2/18/2022 0:00', 3, 0, 0, 0, 0, 0),
(1105, 49, '2/18/2022', '2022-02-18', 3, 0, 0, 3, 0, 0, 0, 0, 0, '2/18/2022 0:00', 3, 0, 0, 0, 0, 0),
(1106, 50, '2/18/2022', '2022-02-18', 8, 0, 8, 0, 0, 0, 0, 0, 0, '2/18/2022 0:00', 3, 0, 0, 0, 0, 0),
(1107, 20, '2/18/2022', '2022-02-18', 78, 0, 72, 0, 6, 0, 0, 0, 0, '2/18/2022 0:00', 3, 0, 0, 0, 0, 0),
(1108, 51, '2/18/2022', '2022-02-18', 261, 0, 259, 2, 0, 0, 0, 0, 0, '2/18/2022 0:00', 3, 0, 0, 0, 0, 0),
(1109, 51, '2/18/2022', '2022-02-18', 0, 0, 0, 0, 0, 0, 0, 0, 0, '2/18/2022 0:00', 3, 0, 0, 0, 0, 0),
(1110, 52, '2/18/2022', '2022-02-18', 0, 0, 0, 0, 0, 0, 0, 0, 0, '2/18/2022 0:00', 3, 0, 0, 0, 0, 0),
(1111, 28, '2/19/2022', '2022-02-19', 598, 0, 567, 30, 1, 0, 0, 0, 0, '2/19/2022 0:00', 1, 0, 0, 0, 0, 0),
(1112, 33, '2/19/2022', '2022-02-19', 240, 0, 225, 0, 15, 0, 0, 0, 0, '2/19/2022 0:00', 1, 0, 0, 0, 0, 0),
(1113, 10, '2/19/2022', '2022-02-19', 0, 0, 0, 0, 0, 0, 0, 0, 0, '2/19/2022 0:00', 1, 0, 0, 0, 0, 0),
(1114, 10, '2/19/2022', '2022-02-19', 0, 0, 0, 0, 0, 0, 0, 0, 0, '2/19/2022 0:00', 1, 0, 0, 0, 0, 0),
(1115, 32, '2/19/2022', '2022-02-19', 548, 0, 548, 0, 0, 0, 0, 0, 0, '2/19/2022 0:00', 1, 0, 0, 0, 0, 0),
(1116, 31, '2/19/2022', '2022-02-19', 430, 0, 429, 0, 1, 0, 0, 0, 0, '2/19/2022 0:00', 1, 0, 0, 0, 0, 0),
(1117, 12, '2/19/2022', '2022-02-19', 246, 0, 245, 1, 0, 0, 0, 0, 0, '2/19/2022 0:00', 1, 0, 0, 0, 0, 0),
(1118, 35, '2/19/2022', '2022-02-19', 507, 0, 372, 126, 9, 0, 0, 0, 0, '2/19/2022 0:00', 1, 0, 0, 0, 0, 0),
(1119, 39, '2/19/2022', '2022-02-19', 252, 0, 252, 0, 0, 0, 0, 0, 0, '2/19/2022 0:00', 1, 0, 0, 0, 0, 0),
(1120, 40, '2/19/2022', '2022-02-19', 332, 0, 330, 2, 0, 0, 0, 0, 0, '2/19/2022 0:00', 1, 0, 0, 0, 0, 0),
(1121, 41, '2/19/2022', '2022-02-19', 221, 0, 221, 0, 0, 0, 0, 0, 0, '2/19/2022 0:00', 1, 0, 0, 0, 0, 0),
(1122, 37, '2/19/2022', '2022-02-19', 411, 0, 363, 0, 48, 0, 0, 0, 0, '2/19/2022 0:00', 1, 0, 0, 0, 0, 0),
(1123, 17, '2/19/2022', '2022-02-19', 514, 0, 513, 0, 1, 0, 0, 0, 0, '2/19/2022 0:00', 1, 0, 0, 0, 0, 0),
(1124, 38, '2/19/2022', '2022-02-19', 0, 0, 0, 0, 0, 0, 0, 0, 0, '2/19/2022 0:00', 1, 0, 0, 0, 0, 0),
(1125, 38, '2/19/2022', '2022-02-19', 452, 0, 451, 0, 1, 0, 0, 0, 0, '2/19/2022 0:00', 1, 0, 0, 0, 0, 0),
(1126, 43, '2/19/2022', '2022-02-19', 531, 0, 522, 9, 0, 0, 0, 0, 0, '2/19/2022 0:00', 1, 0, 0, 0, 0, 0),
(1127, 44, '2/19/2022', '2022-02-19', 17, 0, 17, 0, 0, 0, 0, 0, 0, '2/19/2022 0:00', 1, 0, 0, 0, 0, 0),
(1128, 45, '2/19/2022', '2022-02-19', 83, 0, 83, 0, 0, 0, 0, 0, 0, '2/19/2022 0:00', 1, 0, 0, 0, 0, 0),
(1129, 47, '2/19/2022', '2022-02-19', 501, 0, 468, 32, 1, 0, 0, 0, 0, '2/19/2022 0:00', 1, 0, 0, 0, 0, 0),
(1130, 48, '2/19/2022', '2022-02-19', 18, 0, 18, 0, 0, 0, 0, 0, 0, '2/19/2022 0:00', 1, 0, 0, 0, 0, 0),
(1131, 49, '2/19/2022', '2022-02-19', 212, 0, 143, 68, 1, 0, 0, 0, 0, '2/19/2022 0:00', 1, 0, 0, 0, 0, 0),
(1132, 50, '2/19/2022', '2022-02-19', 476, 0, 473, 3, 0, 0, 0, 0, 0, '2/19/2022 0:00', 1, 0, 0, 0, 0, 0),
(1133, 20, '2/19/2022', '2022-02-19', 27, 0, 27, 0, 0, 0, 0, 0, 0, '2/19/2022 0:00', 1, 0, 0, 0, 0, 0),
(1134, 51, '2/19/2022', '2022-02-19', 159, 0, 155, 4, 0, 0, 0, 0, 0, '2/19/2022 0:00', 1, 0, 0, 0, 0, 0),
(1135, 51, '2/19/2022', '2022-02-19', 0, 0, 0, 0, 0, 0, 0, 0, 0, '2/19/2022 0:00', 1, 0, 0, 0, 0, 0),
(1136, 52, '2/19/2022', '2022-02-19', 136, 0, 132, 0, 4, 0, 0, 0, 0, '2/19/2022 0:00', 1, 0, 0, 0, 0, 0),
(1137, 28, '2/19/2022', '2022-02-19', 0, 0, 0, 0, 0, 0, 0, 0, 0, '2/19/2022 0:00', 2, 0, 0, 0, 0, 0),
(1138, 33, '2/19/2022', '2022-02-19', 0, 0, 0, 0, 0, 0, 0, 0, 0, '2/19/2022 0:00', 2, 0, 0, 0, 0, 0),
(1139, 10, '2/19/2022', '2022-02-19', 0, 0, 0, 0, 0, 0, 0, 0, 0, '2/19/2022 0:00', 2, 0, 0, 0, 0, 0),
(1140, 10, '2/19/2022', '2022-02-19', 0, 0, 0, 0, 0, 0, 0, 0, 0, '2/19/2022 0:00', 2, 0, 0, 0, 0, 0),
(1141, 32, '2/19/2022', '2022-02-19', 63, 0, 63, 0, 0, 0, 0, 0, 0, '2/19/2022 0:00', 2, 0, 0, 0, 0, 0),
(1142, 31, '2/19/2022', '2022-02-19', 223, 0, 219, 3, 1, 0, 0, 0, 0, '2/19/2022 0:00', 2, 0, 0, 0, 0, 0),
(1143, 12, '2/19/2022', '2022-02-19', 0, 0, 0, 0, 0, 0, 0, 0, 0, '2/19/2022 0:00', 2, 0, 0, 0, 0, 0),
(1144, 35, '2/19/2022', '2022-02-19', 520, 0, 520, 0, 0, 0, 0, 0, 0, '2/19/2022 0:00', 2, 0, 0, 0, 0, 0),
(1145, 39, '2/19/2022', '2022-02-19', 247, 0, 247, 0, 0, 0, 0, 0, 0, '2/19/2022 0:00', 2, 0, 0, 0, 0, 0),
(1146, 40, '2/19/2022', '2022-02-19', 367, 0, 367, 0, 0, 0, 0, 0, 0, '2/19/2022 0:00', 2, 0, 0, 0, 0, 0),
(1147, 41, '2/19/2022', '2022-02-19', 646, 0, 646, 0, 0, 0, 0, 0, 0, '2/19/2022 0:00', 2, 0, 0, 0, 0, 0),
(1148, 37, '2/19/2022', '2022-02-19', 672, 0, 672, 0, 0, 0, 0, 0, 0, '2/19/2022 0:00', 2, 0, 0, 0, 0, 0),
(1149, 17, '2/19/2022', '2022-02-19', 839, 0, 838, 0, 1, 0, 0, 0, 0, '2/19/2022 0:00', 2, 0, 0, 0, 0, 0),
(1150, 38, '2/19/2022', '2022-02-19', 429, 0, 429, 0, 0, 0, 0, 0, 0, '2/19/2022 0:00', 2, 0, 0, 0, 0, 0),
(1151, 38, '2/19/2022', '2022-02-19', 0, 0, 0, 0, 0, 0, 0, 0, 0, '2/19/2022 0:00', 2, 0, 0, 0, 0, 0),
(1152, 43, '2/19/2022', '2022-02-19', 730, 0, 730, 0, 0, 0, 0, 0, 0, '2/19/2022 0:00', 2, 0, 0, 0, 0, 0),
(1153, 44, '2/19/2022', '2022-02-19', 196, 0, 196, 0, 0, 0, 0, 0, 0, '2/19/2022 0:00', 2, 0, 0, 0, 0, 0),
(1154, 45, '2/19/2022', '2022-02-19', 211, 0, 211, 0, 0, 0, 0, 0, 0, '2/19/2022 0:00', 2, 0, 0, 0, 0, 0),
(1155, 47, '2/19/2022', '2022-02-19', 353, 0, 344, 9, 0, 0, 0, 0, 0, '2/19/2022 0:00', 2, 0, 0, 0, 0, 0),
(1156, 48, '2/19/2022', '2022-02-19', 24, 0, 20, 0, 4, 0, 0, 0, 0, '2/19/2022 0:00', 2, 0, 0, 0, 0, 0),
(1157, 49, '2/19/2022', '2022-02-19', 0, 0, 0, 0, 0, 0, 0, 0, 0, '2/19/2022 0:00', 2, 0, 0, 0, 0, 0),
(1158, 50, '2/19/2022', '2022-02-19', 244, 0, 234, 0, 1, 0, 0, 0, 0, '2/19/2022 0:00', 2, 0, 0, 0, 0, 0),
(1159, 20, '2/19/2022', '2022-02-19', 0, 0, 0, 0, 0, 0, 0, 0, 0, '2/19/2022 0:00', 2, 0, 0, 0, 0, 0),
(1160, 51, '2/19/2022', '2022-02-19', 69, 0, 69, 0, 0, 0, 0, 0, 0, '2/19/2022 0:00', 2, 0, 0, 0, 0, 0),
(1161, 51, '2/19/2022', '2022-02-19', 0, 0, 0, 0, 0, 0, 0, 0, 0, '2/19/2022 0:00', 2, 0, 0, 0, 0, 0),
(1162, 52, '2/19/2022', '2022-02-19', 48, 0, 47, 0, 1, 0, 0, 0, 0, '2/19/2022 0:00', 2, 0, 0, 0, 0, 0),
(1163, 28, '2/19/2022', '2022-02-19', 2249, 0, 2245, 4, 0, 0, 0, 0, 0, '2/19/2022 0:00', 3, 0, 0, 0, 0, 0),
(1164, 33, '2/19/2022', '2022-02-19', 0, 0, 0, 0, 0, 0, 0, 0, 0, '2/19/2022 0:00', 3, 0, 0, 0, 0, 0),
(1165, 10, '2/19/2022', '2022-02-19', 911, 0, 902, 9, 0, 0, 0, 0, 0, '2/19/2022 0:00', 3, 0, 0, 0, 0, 0),
(1166, 10, '2/19/2022', '2022-02-19', 0, 0, 0, 0, 0, 0, 0, 0, 0, '2/19/2022 0:00', 3, 0, 0, 0, 0, 0),
(1167, 32, '2/19/2022', '2022-02-19', 0, 0, 0, 0, 0, 0, 0, 0, 0, '2/19/2022 0:00', 3, 0, 0, 0, 0, 0),
(1168, 31, '2/19/2022', '2022-02-19', 1, 0, 0, 0, 1, 0, 0, 0, 0, '2/19/2022 0:00', 3, 0, 0, 0, 0, 0),
(1169, 12, '2/19/2022', '2022-02-19', 0, 0, 0, 0, 0, 0, 0, 0, 0, '2/19/2022 0:00', 3, 0, 0, 0, 0, 0),
(1170, 35, '2/19/2022', '2022-02-19', 861, 0, 859, 1, 1, 0, 0, 0, 0, '2/19/2022 0:00', 3, 0, 0, 0, 0, 0),
(1171, 39, '2/19/2022', '2022-02-19', 195, 0, 194, 0, 1, 0, 0, 0, 0, '2/19/2022 0:00', 3, 0, 0, 0, 0, 0),
(1172, 40, '2/19/2022', '2022-02-19', 39, 0, 39, 0, 0, 0, 0, 0, 0, '2/19/2022 0:00', 3, 0, 0, 0, 0, 0),
(1173, 41, '2/19/2022', '2022-02-19', 306, 0, 306, 0, 0, 0, 0, 0, 0, '2/19/2022 0:00', 3, 0, 0, 0, 0, 0),
(1174, 37, '2/19/2022', '2022-02-19', 760, 0, 760, 0, 0, 0, 0, 0, 0, '2/19/2022 0:00', 3, 0, 0, 0, 0, 0),
(1175, 17, '2/19/2022', '2022-02-19', 444, 0, 443, 0, 1, 0, 0, 0, 0, '2/19/2022 0:00', 3, 0, 0, 0, 0, 0),
(1176, 38, '2/19/2022', '2022-02-19', 1092, 0, 1092, 0, 0, 0, 0, 0, 0, '2/19/2022 0:00', 3, 0, 0, 0, 0, 0),
(1177, 38, '2/19/2022', '2022-02-19', 0, 0, 0, 0, 0, 0, 0, 0, 0, '2/19/2022 0:00', 3, 0, 0, 0, 0, 0),
(1178, 43, '2/19/2022', '2022-02-19', 1, 0, 0, 1, 0, 0, 0, 0, 0, '2/19/2022 0:00', 3, 0, 0, 0, 0, 0),
(1179, 44, '2/19/2022', '2022-02-19', 183, 0, 183, 0, 0, 0, 0, 0, 0, '2/19/2022 0:00', 3, 0, 0, 0, 0, 0),
(1180, 45, '2/19/2022', '2022-02-19', 181, 0, 174, 0, 7, 0, 0, 0, 0, '2/19/2022 0:00', 3, 0, 0, 0, 0, 0),
(1181, 47, '2/19/2022', '2022-02-19', 215, 0, 200, 7, 8, 0, 0, 0, 0, '2/19/2022 0:00', 3, 0, 0, 0, 0, 0),
(1182, 48, '2/19/2022', '2022-02-19', 285, 0, 284, 1, 0, 0, 0, 0, 0, '2/19/2022 0:00', 3, 0, 0, 0, 0, 0),
(1183, 49, '2/19/2022', '2022-02-19', 3, 0, 0, 3, 0, 0, 0, 0, 0, '2/19/2022 0:00', 3, 0, 0, 0, 0, 0),
(1184, 50, '2/19/2022', '2022-02-19', 8, 0, 8, 0, 0, 0, 0, 0, 0, '2/19/2022 0:00', 3, 0, 0, 0, 0, 0),
(1185, 20, '2/19/2022', '2022-02-19', 85, 0, 79, 0, 6, 0, 0, 0, 0, '2/19/2022 0:00', 3, 0, 0, 0, 0, 0),
(1186, 51, '2/19/2022', '2022-02-19', 261, 0, 260, 1, 0, 0, 0, 0, 0, '2/19/2022 0:00', 3, 0, 0, 0, 0, 0),
(1187, 51, '2/19/2022', '2022-02-19', 0, 0, 0, 0, 0, 0, 0, 0, 0, '2/19/2022 0:00', 3, 0, 0, 0, 0, 0),
(1188, 52, '2/19/2022', '2022-02-19', 0, 0, 0, 0, 0, 0, 0, 0, 0, '2/19/2022 0:00', 3, 0, 0, 0, 0, 0),
(1189, 28, '2/20/2022', '2022-02-20', 598, 0, 578, 19, 1, 0, 0, 0, 0, '2/20/2022 0:00', 1, 0, 0, 0, 0, 0),
(1190, 33, '2/20/2022', '2022-02-20', 240, 0, 225, 0, 15, 0, 0, 0, 0, '2/20/2022 0:00', 1, 0, 0, 0, 0, 0),
(1191, 10, '2/20/2022', '2022-02-20', 0, 0, 0, 0, 0, 0, 0, 0, 0, '2/20/2022 0:00', 1, 0, 0, 0, 0, 0),
(1192, 10, '2/20/2022', '2022-02-20', 0, 0, 0, 0, 0, 0, 0, 0, 0, '2/20/2022 0:00', 1, 0, 0, 0, 0, 0),
(1193, 32, '2/20/2022', '2022-02-20', 548, 0, 548, 0, 0, 0, 0, 0, 0, '2/20/2022 0:00', 1, 0, 0, 0, 0, 0),
(1194, 31, '2/20/2022', '2022-02-20', 430, 0, 429, 0, 1, 0, 0, 0, 0, '2/20/2022 0:00', 1, 0, 0, 0, 0, 0),
(1195, 12, '2/20/2022', '2022-02-20', 246, 0, 244, 2, 0, 0, 0, 0, 0, '2/20/2022 0:00', 1, 0, 0, 0, 0, 0),
(1196, 35, '2/20/2022', '2022-02-20', 143, 0, 15, 125, 3, 0, 0, 0, 0, '2/20/2022 0:00', 1, 0, 0, 0, 0, 0),
(1197, 39, '2/20/2022', '2022-02-20', 252, 0, 252, 0, 0, 0, 0, 0, 0, '2/20/2022 0:00', 1, 0, 0, 0, 0, 0),
(1198, 40, '2/20/2022', '2022-02-20', 332, 0, 330, 2, 0, 0, 0, 0, 0, '2/20/2022 0:00', 1, 0, 0, 0, 0, 0),
(1199, 41, '2/20/2022', '2022-02-20', 221, 0, 221, 0, 0, 0, 0, 0, 0, '2/20/2022 0:00', 1, 0, 0, 0, 0, 0),
(1200, 37, '2/20/2022', '2022-02-20', 411, 0, 363, 0, 48, 0, 0, 0, 0, '2/20/2022 0:00', 1, 0, 0, 0, 0, 0),
(1201, 17, '2/20/2022', '2022-02-20', 514, 0, 513, 0, 1, 0, 0, 0, 0, '2/20/2022 0:00', 1, 0, 0, 0, 0, 0),
(1202, 38, '2/20/2022', '2022-02-20', 0, 0, 0, 0, 0, 0, 0, 0, 0, '2/20/2022 0:00', 1, 0, 0, 0, 0, 0),
(1203, 38, '2/20/2022', '2022-02-20', 452, 0, 451, 0, 1, 0, 0, 0, 0, '2/20/2022 0:00', 1, 0, 0, 0, 0, 0),
(1204, 43, '2/20/2022', '2022-02-20', 437, 0, 426, 10, 1, 0, 0, 0, 0, '2/20/2022 0:00', 1, 0, 0, 0, 0, 0),
(1205, 44, '2/20/2022', '2022-02-20', 17, 0, 17, 0, 0, 0, 0, 0, 0, '2/20/2022 0:00', 1, 0, 0, 0, 0, 0),
(1206, 45, '2/20/2022', '2022-02-20', 83, 0, 83, 0, 0, 0, 0, 0, 0, '2/20/2022 0:00', 1, 0, 0, 0, 0, 0),
(1207, 47, '2/20/2022', '2022-02-20', 501, 0, 465, 35, 1, 0, 0, 0, 0, '2/20/2022 0:00', 1, 0, 0, 0, 0, 0),
(1208, 48, '2/20/2022', '2022-02-20', 18, 0, 18, 0, 0, 0, 0, 0, 0, '2/20/2022 0:00', 1, 0, 0, 0, 0, 0),
(1209, 49, '2/20/2022', '2022-02-20', 212, 0, 155, 56, 1, 0, 0, 0, 0, '2/20/2022 0:00', 1, 0, 0, 0, 0, 0),
(1210, 50, '2/20/2022', '2022-02-20', 476, 0, 473, 3, 0, 0, 0, 0, 0, '2/20/2022 0:00', 1, 0, 0, 0, 0, 0),
(1211, 20, '2/20/2022', '2022-02-20', 22, 0, 22, 0, 0, 0, 0, 0, 0, '2/20/2022 0:00', 1, 0, 0, 0, 0, 0),
(1212, 51, '2/20/2022', '2022-02-20', 159, 0, 155, 4, 0, 0, 0, 0, 0, '2/20/2022 0:00', 1, 0, 0, 0, 0, 0),
(1213, 51, '2/20/2022', '2022-02-20', 0, 0, 0, 0, 0, 0, 0, 0, 0, '2/20/2022 0:00', 1, 0, 0, 0, 0, 0),
(1214, 52, '2/20/2022', '2022-02-20', 136, 0, 132, 0, 4, 0, 0, 0, 0, '2/20/2022 0:00', 1, 0, 0, 0, 0, 0),
(1215, 28, '2/20/2022', '2022-02-20', 0, 0, 0, 0, 0, 0, 0, 0, 0, '2/20/2022 0:00', 2, 0, 0, 0, 0, 0),
(1216, 33, '2/20/2022', '2022-02-20', 0, 0, 0, 0, 0, 0, 0, 0, 0, '2/20/2022 0:00', 2, 0, 0, 0, 0, 0),
(1217, 10, '2/20/2022', '2022-02-20', 0, 0, 0, 0, 0, 0, 0, 0, 0, '2/20/2022 0:00', 2, 0, 0, 0, 0, 0),
(1218, 10, '2/20/2022', '2022-02-20', 0, 0, 0, 0, 0, 0, 0, 0, 0, '2/20/2022 0:00', 2, 0, 0, 0, 0, 0),
(1219, 32, '2/20/2022', '2022-02-20', 63, 0, 63, 0, 0, 0, 0, 0, 0, '2/20/2022 0:00', 2, 0, 0, 0, 0, 0),
(1220, 31, '2/20/2022', '2022-02-20', 223, 0, 219, 3, 1, 0, 0, 0, 0, '2/20/2022 0:00', 2, 0, 0, 0, 0, 0),
(1221, 12, '2/20/2022', '2022-02-20', 0, 0, 0, 0, 0, 0, 0, 0, 0, '2/20/2022 0:00', 2, 0, 0, 0, 0, 0),
(1222, 35, '2/20/2022', '2022-02-20', 519, 0, 519, 0, 0, 0, 0, 0, 0, '2/20/2022 0:00', 2, 0, 0, 0, 0, 0),
(1223, 39, '2/20/2022', '2022-02-20', 247, 0, 247, 0, 0, 0, 0, 0, 0, '2/20/2022 0:00', 2, 0, 0, 0, 0, 0),
(1224, 40, '2/20/2022', '2022-02-20', 367, 0, 367, 0, 0, 0, 0, 0, 0, '2/20/2022 0:00', 2, 0, 0, 0, 0, 0),
(1225, 41, '2/20/2022', '2022-02-20', 646, 0, 646, 0, 0, 0, 0, 0, 0, '2/20/2022 0:00', 2, 0, 0, 0, 0, 0),
(1226, 37, '2/20/2022', '2022-02-20', 672, 0, 672, 0, 0, 0, 0, 0, 0, '2/20/2022 0:00', 2, 0, 0, 0, 0, 0),
(1227, 17, '2/20/2022', '2022-02-20', 839, 0, 838, 0, 1, 0, 0, 0, 0, '2/20/2022 0:00', 2, 0, 0, 0, 0, 0),
(1228, 38, '2/20/2022', '2022-02-20', 429, 0, 429, 0, 0, 0, 0, 0, 0, '2/20/2022 0:00', 2, 0, 0, 0, 0, 0),
(1229, 38, '2/20/2022', '2022-02-20', 0, 0, 0, 0, 0, 0, 0, 0, 0, '2/20/2022 0:00', 2, 0, 0, 0, 0, 0),
(1230, 43, '2/20/2022', '2022-02-20', 730, 0, 730, 0, 0, 0, 0, 0, 0, '2/20/2022 0:00', 2, 0, 0, 0, 0, 0),
(1231, 44, '2/20/2022', '2022-02-20', 196, 0, 196, 0, 0, 0, 0, 0, 0, '2/20/2022 0:00', 2, 0, 0, 0, 0, 0),
(1232, 45, '2/20/2022', '2022-02-20', 211, 0, 211, 0, 0, 0, 0, 0, 0, '2/20/2022 0:00', 2, 0, 0, 0, 0, 0),
(1233, 47, '2/20/2022', '2022-02-20', 353, 0, 344, 9, 0, 0, 0, 0, 0, '2/20/2022 0:00', 2, 0, 0, 0, 0, 0),
(1234, 48, '2/20/2022', '2022-02-20', 24, 0, 20, 0, 4, 0, 0, 0, 0, '2/20/2022 0:00', 2, 0, 0, 0, 0, 0),
(1235, 49, '2/20/2022', '2022-02-20', 0, 0, 0, 0, 0, 0, 0, 0, 0, '2/20/2022 0:00', 2, 0, 0, 0, 0, 0),
(1236, 50, '2/20/2022', '2022-02-20', 244, 0, 234, 0, 1, 0, 0, 0, 0, '2/20/2022 0:00', 2, 0, 0, 0, 0, 0),
(1237, 20, '2/20/2022', '2022-02-20', 0, 0, 0, 0, 0, 0, 0, 0, 0, '2/20/2022 0:00', 2, 0, 0, 0, 0, 0),
(1238, 51, '2/20/2022', '2022-02-20', 69, 0, 69, 0, 0, 0, 0, 0, 0, '2/20/2022 0:00', 2, 0, 0, 0, 0, 0),
(1239, 51, '2/20/2022', '2022-02-20', 0, 0, 0, 0, 0, 0, 0, 0, 0, '2/20/2022 0:00', 2, 0, 0, 0, 0, 0),
(1240, 52, '2/20/2022', '2022-02-20', 48, 0, 47, 0, 1, 0, 0, 0, 0, '2/20/2022 0:00', 2, 0, 0, 0, 0, 0),
(1241, 28, '2/20/2022', '2022-02-20', 2249, 0, 2246, 3, 0, 0, 0, 0, 0, '2/20/2022 0:00', 3, 0, 0, 0, 0, 0),
(1242, 33, '2/20/2022', '2022-02-20', 0, 0, 0, 0, 0, 0, 0, 0, 0, '2/20/2022 0:00', 3, 0, 0, 0, 0, 0),
(1243, 10, '2/20/2022', '2022-02-20', 911, 0, 902, 9, 0, 0, 0, 0, 0, '2/20/2022 0:00', 3, 0, 0, 0, 0, 0),
(1244, 10, '2/20/2022', '2022-02-20', 0, 0, 0, 0, 0, 0, 0, 0, 0, '2/20/2022 0:00', 3, 0, 0, 0, 0, 0),
(1245, 32, '2/20/2022', '2022-02-20', 0, 0, 0, 0, 0, 0, 0, 0, 0, '2/20/2022 0:00', 3, 0, 0, 0, 0, 0),
(1246, 31, '2/20/2022', '2022-02-20', 1, 0, 0, 0, 1, 0, 0, 0, 0, '2/20/2022 0:00', 3, 0, 0, 0, 0, 0),
(1247, 12, '2/20/2022', '2022-02-20', 0, 0, 0, 0, 0, 0, 0, 0, 0, '2/20/2022 0:00', 3, 0, 0, 0, 0, 0),
(1248, 35, '2/20/2022', '2022-02-20', 1225, 0, 1222, 2, 1, 0, 0, 0, 0, '2/20/2022 0:00', 3, 0, 0, 0, 0, 0),
(1249, 39, '2/20/2022', '2022-02-20', 195, 0, 194, 0, 1, 0, 0, 0, 0, '2/20/2022 0:00', 3, 0, 0, 0, 0, 0),
(1250, 40, '2/20/2022', '2022-02-20', 39, 0, 39, 0, 0, 0, 0, 0, 0, '2/20/2022 0:00', 3, 0, 0, 0, 0, 0),
(1251, 41, '2/20/2022', '2022-02-20', 306, 0, 306, 0, 0, 0, 0, 0, 0, '2/20/2022 0:00', 3, 0, 0, 0, 0, 0),
(1252, 37, '2/20/2022', '2022-02-20', 760, 0, 760, 0, 0, 0, 0, 0, 0, '2/20/2022 0:00', 3, 0, 0, 0, 0, 0),
(1253, 17, '2/20/2022', '2022-02-20', 444, 0, 443, 0, 1, 0, 0, 0, 0, '2/20/2022 0:00', 3, 0, 0, 0, 0, 0),
(1254, 38, '2/20/2022', '2022-02-20', 1092, 0, 1092, 0, 0, 0, 0, 0, 0, '2/20/2022 0:00', 3, 0, 0, 0, 0, 0),
(1255, 38, '2/20/2022', '2022-02-20', 0, 0, 0, 0, 0, 0, 0, 0, 0, '2/20/2022 0:00', 3, 0, 0, 0, 0, 0),
(1256, 43, '2/20/2022', '2022-02-20', 97, 0, 95, 0, 2, 0, 0, 0, 0, '2/20/2022 0:00', 3, 0, 0, 0, 0, 0),
(1257, 44, '2/20/2022', '2022-02-20', 183, 0, 183, 0, 0, 0, 0, 0, 0, '2/20/2022 0:00', 3, 0, 0, 0, 0, 0),
(1258, 45, '2/20/2022', '2022-02-20', 181, 0, 174, 0, 7, 0, 0, 0, 0, '2/20/2022 0:00', 3, 0, 0, 0, 0, 0),
(1259, 47, '2/20/2022', '2022-02-20', 215, 0, 207, 0, 8, 0, 0, 0, 0, '2/20/2022 0:00', 3, 0, 0, 0, 0, 0),
(1260, 48, '2/20/2022', '2022-02-20', 285, 0, 284, 1, 0, 0, 0, 0, 0, '2/20/2022 0:00', 3, 0, 0, 0, 0, 0),
(1261, 49, '2/20/2022', '2022-02-20', 3, 0, 0, 3, 0, 0, 0, 0, 0, '2/20/2022 0:00', 3, 0, 0, 0, 0, 0),
(1262, 50, '2/20/2022', '2022-02-20', 8, 0, 8, 0, 0, 0, 0, 0, 0, '2/20/2022 0:00', 3, 0, 0, 0, 0, 0),
(1263, 20, '2/20/2022', '2022-02-20', 90, 0, 84, 0, 6, 0, 0, 0, 0, '2/20/2022 0:00', 3, 0, 0, 0, 0, 0),
(1264, 51, '2/20/2022', '2022-02-20', 261, 0, 260, 1, 0, 0, 0, 0, 0, '2/20/2022 0:00', 3, 0, 0, 0, 0, 0),
(1265, 51, '2/20/2022', '2022-02-20', 0, 0, 0, 0, 0, 0, 0, 0, 0, '2/20/2022 0:00', 3, 0, 0, 0, 0, 0),
(1266, 52, '2/20/2022', '2022-02-20', 0, 0, 0, 0, 0, 0, 0, 0, 0, '2/20/2022 0:00', 3, 0, 0, 0, 0, 0),
(1267, 28, '2/21/2022', '2022-02-21', 598, 0, 581, 16, 1, 0, 0, 0, 0, '2/21/2022 0:00', 1, 0, 0, 0, 0, 0),
(1268, 33, '2/21/2022', '2022-02-21', 240, 0, 136, 103, 1, 0, 0, 0, 0, '2/21/2022 0:00', 1, 0, 0, 0, 0, 0),
(1269, 10, '2/21/2022', '2022-02-21', 0, 0, 0, 0, 0, 0, 0, 0, 0, '2/21/2022 0:00', 1, 0, 0, 0, 0, 0),
(1270, 10, '2/21/2022', '2022-02-21', 0, 0, 0, 0, 0, 0, 0, 0, 0, '2/21/2022 0:00', 1, 0, 0, 0, 0, 0),
(1271, 32, '2/21/2022', '2022-02-21', 548, 0, 548, 0, 0, 0, 0, 0, 0, '2/21/2022 0:00', 1, 0, 0, 0, 0, 0),
(1272, 31, '2/21/2022', '2022-02-21', 430, 0, 429, 0, 1, 0, 0, 0, 0, '2/21/2022 0:00', 1, 0, 0, 0, 0, 0),
(1273, 12, '2/21/2022', '2022-02-21', 246, 0, 244, 2, 0, 0, 0, 0, 0, '2/21/2022 0:00', 1, 0, 0, 0, 0, 0),
(1274, 35, '2/21/2022', '2022-02-21', 79, 0, 16, 63, 0, 0, 0, 0, 0, '2/21/2022 0:00', 1, 0, 0, 0, 0, 0),
(1275, 39, '2/21/2022', '2022-02-21', 252, 0, 252, 0, 0, 0, 0, 0, 0, '2/21/2022 0:00', 1, 0, 0, 0, 0, 0),
(1276, 40, '2/21/2022', '2022-02-21', 332, 0, 323, 7, 2, 0, 0, 0, 0, '2/21/2022 0:00', 1, 0, 0, 0, 0, 0),
(1277, 41, '2/21/2022', '2022-02-21', 221, 0, 221, 0, 0, 0, 0, 0, 0, '2/21/2022 0:00', 1, 0, 0, 0, 0, 0),
(1278, 37, '2/21/2022', '2022-02-21', 411, 0, 360, 0, 51, 0, 0, 0, 0, '2/21/2022 0:00', 1, 0, 0, 0, 0, 0),
(1279, 17, '2/21/2022', '2022-02-21', 514, 0, 513, 0, 1, 0, 0, 0, 0, '2/21/2022 0:00', 1, 0, 0, 0, 0, 0),
(1280, 38, '2/21/2022', '2022-02-21', 0, 0, 0, 0, 0, 0, 0, 0, 0, '2/21/2022 0:00', 1, 0, 0, 0, 0, 0),
(1281, 38, '2/21/2022', '2022-02-21', 452, 0, 451, 0, 1, 0, 0, 0, 0, '2/21/2022 0:00', 1, 0, 0, 0, 0, 0),
(1282, 43, '2/21/2022', '2022-02-21', 437, 0, 425, 0, 12, 0, 0, 0, 0, '2/21/2022 0:00', 1, 0, 0, 0, 0, 0),
(1283, 44, '2/21/2022', '2022-02-21', 22, 0, 17, 0, 5, 0, 0, 0, 0, '2/21/2022 0:00', 1, 0, 0, 0, 0, 0),
(1284, 45, '2/21/2022', '2022-02-21', 83, 0, 83, 0, 0, 0, 0, 0, 0, '2/21/2022 0:00', 1, 0, 0, 0, 0, 0),
(1285, 47, '2/21/2022', '2022-02-21', 501, 0, 465, 35, 1, 0, 0, 0, 0, '2/21/2022 0:00', 1, 0, 0, 0, 0, 0),
(1286, 48, '2/21/2022', '2022-02-21', 18, 0, 18, 0, 0, 0, 0, 0, 0, '2/21/2022 0:00', 1, 0, 0, 0, 0, 0),
(1287, 49, '2/21/2022', '2022-02-21', 212, 0, 165, 46, 1, 0, 0, 0, 0, '2/21/2022 0:00', 1, 0, 0, 0, 0, 0),
(1288, 50, '2/21/2022', '2022-02-21', 476, 0, 475, 1, 0, 0, 0, 0, 0, '2/21/2022 0:00', 1, 0, 0, 0, 0, 0),
(1289, 20, '2/21/2022', '2022-02-21', 22, 0, 22, 0, 0, 0, 0, 0, 0, '2/21/2022 0:00', 1, 0, 0, 0, 0, 0),
(1290, 51, '2/21/2022', '2022-02-21', 159, 0, 155, 4, 0, 0, 0, 0, 0, '2/21/2022 0:00', 1, 0, 0, 0, 0, 0),
(1291, 51, '2/21/2022', '2022-02-21', 0, 0, 0, 0, 0, 0, 0, 0, 0, '2/21/2022 0:00', 1, 0, 0, 0, 0, 0),
(1292, 52, '2/21/2022', '2022-02-21', 136, 0, 132, 0, 4, 0, 0, 0, 0, '2/21/2022 0:00', 1, 0, 0, 0, 0, 0),
(1293, 28, '2/21/2022', '2022-02-21', 0, 0, 0, 0, 0, 0, 0, 0, 0, '2/21/2022 0:00', 2, 0, 0, 0, 0, 0),
(1294, 33, '2/21/2022', '2022-02-21', 0, 0, 0, 0, 0, 0, 0, 0, 0, '2/21/2022 0:00', 2, 0, 0, 0, 0, 0),
(1295, 10, '2/21/2022', '2022-02-21', 0, 0, 0, 0, 0, 0, 0, 0, 0, '2/21/2022 0:00', 2, 0, 0, 0, 0, 0),
(1296, 10, '2/21/2022', '2022-02-21', 0, 0, 0, 0, 0, 0, 0, 0, 0, '2/21/2022 0:00', 2, 0, 0, 0, 0, 0),
(1297, 32, '2/21/2022', '2022-02-21', 63, 0, 63, 0, 0, 0, 0, 0, 0, '2/21/2022 0:00', 2, 0, 0, 0, 0, 0),
(1298, 31, '2/21/2022', '2022-02-21', 223, 0, 219, 3, 1, 0, 0, 0, 0, '2/21/2022 0:00', 2, 0, 0, 0, 0, 0),
(1299, 12, '2/21/2022', '2022-02-21', 0, 0, 0, 0, 0, 0, 0, 0, 0, '2/21/2022 0:00', 2, 0, 0, 0, 0, 0),
(1300, 35, '2/21/2022', '2022-02-21', 519, 0, 519, 0, 0, 0, 0, 0, 0, '2/21/2022 0:00', 2, 0, 0, 0, 0, 0),
(1301, 39, '2/21/2022', '2022-02-21', 247, 0, 247, 0, 0, 0, 0, 0, 0, '2/21/2022 0:00', 2, 0, 0, 0, 0, 0),
(1302, 40, '2/21/2022', '2022-02-21', 367, 0, 367, 0, 0, 0, 0, 0, 0, '2/21/2022 0:00', 2, 0, 0, 0, 0, 0),
(1303, 41, '2/21/2022', '2022-02-21', 646, 0, 646, 0, 0, 0, 0, 0, 0, '2/21/2022 0:00', 2, 0, 0, 0, 0, 0),
(1304, 37, '2/21/2022', '2022-02-21', 672, 0, 672, 0, 0, 0, 0, 0, 0, '2/21/2022 0:00', 2, 0, 0, 0, 0, 0),
(1305, 17, '2/21/2022', '2022-02-21', 839, 0, 838, 0, 1, 0, 0, 0, 0, '2/21/2022 0:00', 2, 0, 0, 0, 0, 0),
(1306, 38, '2/21/2022', '2022-02-21', 429, 0, 429, 0, 0, 0, 0, 0, 0, '2/21/2022 0:00', 2, 0, 0, 0, 0, 0),
(1307, 38, '2/21/2022', '2022-02-21', 0, 0, 0, 0, 0, 0, 0, 0, 0, '2/21/2022 0:00', 2, 0, 0, 0, 0, 0),
(1308, 43, '2/21/2022', '2022-02-21', 730, 0, 730, 0, 0, 0, 0, 0, 0, '2/21/2022 0:00', 2, 0, 0, 0, 0, 0),
(1309, 44, '2/21/2022', '2022-02-21', 196, 0, 196, 0, 0, 0, 0, 0, 0, '2/21/2022 0:00', 2, 0, 0, 0, 0, 0),
(1310, 45, '2/21/2022', '2022-02-21', 211, 0, 211, 0, 0, 0, 0, 0, 0, '2/21/2022 0:00', 2, 0, 0, 0, 0, 0),
(1311, 47, '2/21/2022', '2022-02-21', 353, 0, 344, 9, 0, 0, 0, 0, 0, '2/21/2022 0:00', 2, 0, 0, 0, 0, 0),
(1312, 48, '2/21/2022', '2022-02-21', 24, 0, 21, 0, 3, 0, 0, 0, 0, '2/21/2022 0:00', 2, 0, 0, 0, 0, 0),
(1313, 49, '2/21/2022', '2022-02-21', 0, 0, 0, 0, 0, 0, 0, 0, 0, '2/21/2022 0:00', 2, 0, 0, 0, 0, 0),
(1314, 50, '2/21/2022', '2022-02-21', 244, 0, 234, 0, 1, 0, 0, 0, 0, '2/21/2022 0:00', 2, 0, 0, 0, 0, 0),
(1315, 20, '2/21/2022', '2022-02-21', 0, 0, 0, 0, 0, 0, 0, 0, 0, '2/21/2022 0:00', 2, 0, 0, 0, 0, 0),
(1316, 51, '2/21/2022', '2022-02-21', 69, 0, 69, 0, 0, 0, 0, 0, 0, '2/21/2022 0:00', 2, 0, 0, 0, 0, 0),
(1317, 51, '2/21/2022', '2022-02-21', 0, 0, 0, 0, 0, 0, 0, 0, 0, '2/21/2022 0:00', 2, 0, 0, 0, 0, 0),
(1318, 52, '2/21/2022', '2022-02-21', 48, 0, 47, 0, 1, 0, 0, 0, 0, '2/21/2022 0:00', 2, 0, 0, 0, 0, 0),
(1319, 28, '2/21/2022', '2022-02-21', 2249, 0, 2246, 3, 0, 0, 0, 0, 0, '2/21/2022 0:00', 3, 0, 0, 0, 0, 0),
(1320, 33, '2/21/2022', '2022-02-21', 0, 0, 0, 0, 0, 0, 0, 0, 0, '2/21/2022 0:00', 3, 0, 0, 0, 0, 0),
(1321, 10, '2/21/2022', '2022-02-21', 911, 0, 901, 10, 0, 0, 0, 0, 0, '2/21/2022 0:00', 3, 0, 0, 0, 0, 0),
(1322, 10, '2/21/2022', '2022-02-21', 0, 0, 0, 0, 0, 0, 0, 0, 0, '2/21/2022 0:00', 3, 0, 0, 0, 0, 0),
(1323, 32, '2/21/2022', '2022-02-21', 0, 0, 0, 0, 0, 0, 0, 0, 0, '2/21/2022 0:00', 3, 0, 0, 0, 0, 0),
(1324, 31, '2/21/2022', '2022-02-21', 1, 0, 0, 0, 1, 0, 0, 0, 0, '2/21/2022 0:00', 3, 0, 0, 0, 0, 0),
(1325, 12, '2/21/2022', '2022-02-21', 0, 0, 0, 0, 0, 0, 0, 0, 0, '2/21/2022 0:00', 3, 0, 0, 0, 0, 0),
(1326, 35, '2/21/2022', '2022-02-21', 1289, 0, 1285, 3, 1, 0, 0, 0, 0, '2/21/2022 0:00', 3, 0, 0, 0, 0, 0),
(1327, 39, '2/21/2022', '2022-02-21', 195, 0, 194, 0, 1, 0, 0, 0, 0, '2/21/2022 0:00', 3, 0, 0, 0, 0, 0),
(1328, 40, '2/21/2022', '2022-02-21', 39, 0, 39, 0, 0, 0, 0, 0, 0, '2/21/2022 0:00', 3, 0, 0, 0, 0, 0),
(1329, 41, '2/21/2022', '2022-02-21', 306, 0, 306, 0, 0, 0, 0, 0, 0, '2/21/2022 0:00', 3, 0, 0, 0, 0, 0),
(1330, 37, '2/21/2022', '2022-02-21', 760, 0, 760, 0, 0, 0, 0, 0, 0, '2/21/2022 0:00', 3, 0, 0, 0, 0, 0),
(1331, 17, '2/21/2022', '2022-02-21', 444, 0, 443, 0, 1, 0, 0, 0, 0, '2/21/2022 0:00', 3, 0, 0, 0, 0, 0),
(1332, 38, '2/21/2022', '2022-02-21', 1092, 0, 1092, 0, 0, 0, 0, 0, 0, '2/21/2022 0:00', 3, 0, 0, 0, 0, 0),
(1333, 38, '2/21/2022', '2022-02-21', 0, 0, 0, 0, 0, 0, 0, 0, 0, '2/21/2022 0:00', 3, 0, 0, 0, 0, 0),
(1334, 43, '2/21/2022', '2022-02-21', 97, 0, 95, 0, 2, 0, 0, 0, 0, '2/21/2022 0:00', 3, 0, 0, 0, 0, 0),
(1335, 44, '2/21/2022', '2022-02-21', 178, 0, 173, 3, 2, 0, 0, 0, 0, '2/21/2022 0:00', 3, 0, 0, 0, 0, 0),
(1336, 45, '2/21/2022', '2022-02-21', 181, 0, 174, 0, 7, 0, 0, 0, 0, '2/21/2022 0:00', 3, 0, 0, 0, 0, 0),
(1337, 47, '2/21/2022', '2022-02-21', 215, 0, 207, 0, 8, 0, 0, 0, 0, '2/21/2022 0:00', 3, 0, 0, 0, 0, 0),
(1338, 48, '2/21/2022', '2022-02-21', 285, 0, 283, 2, 0, 0, 0, 0, 0, '2/21/2022 0:00', 3, 0, 0, 0, 0, 0),
(1339, 49, '2/21/2022', '2022-02-21', 3, 0, 0, 3, 0, 0, 0, 0, 0, '2/21/2022 0:00', 3, 0, 0, 0, 0, 0),
(1340, 50, '2/21/2022', '2022-02-21', 8, 0, 8, 0, 0, 0, 0, 0, 0, '2/21/2022 0:00', 3, 0, 0, 0, 0, 0),
(1341, 20, '2/21/2022', '2022-02-21', 90, 0, 84, 0, 6, 0, 0, 0, 0, '2/21/2022 0:00', 3, 0, 0, 0, 0, 0),
(1342, 51, '2/21/2022', '2022-02-21', 261, 0, 260, 1, 0, 0, 0, 0, 0, '2/21/2022 0:00', 3, 0, 0, 0, 0, 0),
(1343, 51, '2/21/2022', '2022-02-21', 0, 0, 0, 0, 0, 0, 0, 0, 0, '2/21/2022 0:00', 3, 0, 0, 0, 0, 0),
(1344, 52, '2/21/2022', '2022-02-21', 0, 0, 0, 0, 0, 0, 0, 0, 0, '2/21/2022 0:00', 3, 0, 0, 0, 0, 0),
(1345, 28, '2/22/2022', '2022-02-22', 672, 0, 581, 16, 1, 0, 0, 0, 0, '2/22/2022 0:00', 1, 0, 0, 0, 0, 0),
(1346, 33, '2/22/2022', '2022-02-22', 240, 0, 107, 103, 30, 0, 0, 0, 0, '2/22/2022 0:00', 1, 0, 0, 0, 0, 0),
(1347, 10, '2/22/2022', '2022-02-22', 0, 0, 0, 0, 0, 0, 0, 0, 0, '2/22/2022 0:00', 1, 0, 0, 0, 0, 0),
(1348, 10, '2/22/2022', '2022-02-22', 0, 0, 0, 0, 0, 0, 0, 0, 0, '2/22/2022 0:00', 1, 0, 0, 0, 0, 0),
(1349, 32, '2/22/2022', '2022-02-22', 548, 0, 548, 0, 0, 0, 0, 0, 0, '2/22/2022 0:00', 1, 0, 0, 0, 0, 0),
(1350, 31, '2/22/2022', '2022-02-22', 430, 0, 429, 0, 1, 0, 0, 0, 0, '2/22/2022 0:00', 1, 0, 0, 0, 0, 0),
(1351, 12, '2/22/2022', '2022-02-22', 246, 0, 244, 2, 0, 0, 0, 0, 0, '2/22/2022 0:00', 1, 0, 0, 0, 0, 0),
(1352, 35, '2/22/2022', '2022-02-22', 61, 0, 1, 60, 0, 0, 0, 0, 0, '2/22/2022 0:00', 1, 0, 0, 0, 0, 0),
(1353, 39, '2/22/2022', '2022-02-22', 252, 0, 252, 0, 0, 0, 0, 0, 0, '2/22/2022 0:00', 1, 0, 0, 0, 0, 0),
(1354, 40, '2/22/2022', '2022-02-22', 332, 0, 325, 5, 2, 0, 0, 0, 0, '2/22/2022 0:00', 1, 0, 0, 0, 0, 0),
(1355, 41, '2/22/2022', '2022-02-22', 221, 0, 221, 0, 0, 0, 0, 0, 0, '2/22/2022 0:00', 1, 0, 0, 0, 0, 0),
(1356, 37, '2/22/2022', '2022-02-22', 411, 0, 360, 0, 51, 0, 0, 0, 0, '2/22/2022 0:00', 1, 0, 0, 0, 0, 0),
(1357, 17, '2/22/2022', '2022-02-22', 514, 0, 513, 0, 1, 0, 0, 0, 0, '2/22/2022 0:00', 1, 0, 0, 0, 0, 0),
(1358, 38, '2/22/2022', '2022-02-22', 0, 0, 0, 0, 0, 0, 0, 0, 0, '2/22/2022 0:00', 1, 0, 0, 0, 0, 0),
(1359, 38, '2/22/2022', '2022-02-22', 452, 0, 450, 0, 2, 0, 0, 0, 0, '2/22/2022 0:00', 1, 0, 0, 0, 0, 0),
(1360, 43, '2/22/2022', '2022-02-22', 437, 0, 428, 0, 9, 0, 0, 0, 0, '2/22/2022 0:00', 1, 0, 0, 0, 0, 0),
(1361, 44, '2/22/2022', '2022-02-22', 22, 0, 17, 0, 5, 0, 0, 0, 0, '2/22/2022 0:00', 1, 0, 0, 0, 0, 0),
(1362, 45, '2/22/2022', '2022-02-22', 83, 0, 83, 0, 0, 0, 0, 0, 0, '2/22/2022 0:00', 1, 0, 0, 0, 0, 0),
(1363, 47, '2/22/2022', '2022-02-22', 501, 0, 470, 28, 3, 0, 0, 0, 0, '2/22/2022 0:00', 1, 0, 0, 0, 0, 0),
(1364, 48, '2/22/2022', '2022-02-22', 18, 0, 18, 0, 0, 0, 0, 0, 0, '2/22/2022 0:00', 1, 0, 0, 0, 0, 0),
(1365, 49, '2/22/2022', '2022-02-22', 215, 0, 175, 39, 1, 0, 0, 0, 0, '2/22/2022 0:00', 1, 0, 0, 0, 0, 0),
(1366, 50, '2/22/2022', '2022-02-22', 476, 0, 475, 1, 0, 0, 0, 0, 0, '2/22/2022 0:00', 1, 0, 0, 0, 0, 0),
(1367, 20, '2/22/2022', '2022-02-22', 13, 0, 13, 0, 0, 0, 0, 0, 0, '2/22/2022 0:00', 1, 0, 0, 0, 0, 0),
(1368, 51, '2/22/2022', '2022-02-22', 159, 0, 155, 4, 0, 0, 0, 0, 0, '2/22/2022 0:00', 1, 0, 0, 0, 0, 0),
(1369, 51, '2/22/2022', '2022-02-22', 0, 0, 0, 0, 0, 0, 0, 0, 0, '2/22/2022 0:00', 1, 0, 0, 0, 0, 0),
(1370, 52, '2/22/2022', '2022-02-22', 136, 0, 132, 0, 4, 0, 0, 0, 0, '2/22/2022 0:00', 1, 0, 0, 0, 0, 0),
(1371, 28, '2/22/2022', '2022-02-22', 0, 0, 0, 0, 0, 0, 0, 0, 0, '2/22/2022 0:00', 2, 0, 0, 0, 0, 0),
(1372, 33, '2/22/2022', '2022-02-22', 0, 0, 0, 0, 0, 0, 0, 0, 0, '2/22/2022 0:00', 2, 0, 0, 0, 0, 0),
(1373, 10, '2/22/2022', '2022-02-22', 0, 0, 0, 0, 0, 0, 0, 0, 0, '2/22/2022 0:00', 2, 0, 0, 0, 0, 0),
(1374, 10, '2/22/2022', '2022-02-22', 0, 0, 0, 0, 0, 0, 0, 0, 0, '2/22/2022 0:00', 2, 0, 0, 0, 0, 0),
(1375, 32, '2/22/2022', '2022-02-22', 63, 0, 63, 0, 0, 0, 0, 0, 0, '2/22/2022 0:00', 2, 0, 0, 0, 0, 0),
(1376, 31, '2/22/2022', '2022-02-22', 223, 0, 219, 3, 1, 0, 0, 0, 0, '2/22/2022 0:00', 2, 0, 0, 0, 0, 0),
(1377, 12, '2/22/2022', '2022-02-22', 0, 0, 0, 0, 0, 0, 0, 0, 0, '2/22/2022 0:00', 2, 0, 0, 0, 0, 0),
(1378, 35, '2/22/2022', '2022-02-22', 519, 0, 519, 0, 0, 0, 0, 0, 0, '2/22/2022 0:00', 2, 0, 0, 0, 0, 0),
(1379, 39, '2/22/2022', '2022-02-22', 247, 0, 247, 0, 0, 0, 0, 0, 0, '2/22/2022 0:00', 2, 0, 0, 0, 0, 0),
(1380, 40, '2/22/2022', '2022-02-22', 367, 0, 367, 0, 0, 0, 0, 0, 0, '2/22/2022 0:00', 2, 0, 0, 0, 0, 0),
(1381, 41, '2/22/2022', '2022-02-22', 646, 0, 646, 0, 0, 0, 0, 0, 0, '2/22/2022 0:00', 2, 0, 0, 0, 0, 0),
(1382, 37, '2/22/2022', '2022-02-22', 672, 0, 672, 0, 0, 0, 0, 0, 0, '2/22/2022 0:00', 2, 0, 0, 0, 0, 0),
(1383, 17, '2/22/2022', '2022-02-22', 839, 0, 838, 0, 1, 0, 0, 0, 0, '2/22/2022 0:00', 2, 0, 0, 0, 0, 0),
(1384, 38, '2/22/2022', '2022-02-22', 429, 0, 429, 0, 0, 0, 0, 0, 0, '2/22/2022 0:00', 2, 0, 0, 0, 0, 0),
(1385, 38, '2/22/2022', '2022-02-22', 0, 0, 0, 0, 0, 0, 0, 0, 0, '2/22/2022 0:00', 2, 0, 0, 0, 0, 0),
(1386, 43, '2/22/2022', '2022-02-22', 730, 0, 730, 0, 0, 0, 0, 0, 0, '2/22/2022 0:00', 2, 0, 0, 0, 0, 0),
(1387, 44, '2/22/2022', '2022-02-22', 196, 0, 196, 0, 0, 0, 0, 0, 0, '2/22/2022 0:00', 2, 0, 0, 0, 0, 0),
(1388, 45, '2/22/2022', '2022-02-22', 211, 0, 211, 0, 0, 0, 0, 0, 0, '2/22/2022 0:00', 2, 0, 0, 0, 0, 0),
(1389, 47, '2/22/2022', '2022-02-22', 353, 0, 344, 9, 0, 0, 0, 0, 0, '2/22/2022 0:00', 2, 0, 0, 0, 0, 0),
(1390, 48, '2/22/2022', '2022-02-22', 24, 0, 21, 0, 3, 0, 0, 0, 0, '2/22/2022 0:00', 2, 0, 0, 0, 0, 0),
(1391, 49, '2/22/2022', '2022-02-22', 0, 0, 0, 0, 0, 0, 0, 0, 0, '2/22/2022 0:00', 2, 0, 0, 0, 0, 0),
(1392, 50, '2/22/2022', '2022-02-22', 244, 0, 234, 0, 1, 0, 0, 0, 0, '2/22/2022 0:00', 2, 0, 0, 0, 0, 0),
(1393, 20, '2/22/2022', '2022-02-22', 0, 0, 0, 0, 0, 0, 0, 0, 0, '2/22/2022 0:00', 2, 0, 0, 0, 0, 0),
(1394, 51, '2/22/2022', '2022-02-22', 69, 0, 69, 0, 0, 0, 0, 0, 0, '2/22/2022 0:00', 2, 0, 0, 0, 0, 0),
(1395, 51, '2/22/2022', '2022-02-22', 0, 0, 0, 0, 0, 0, 0, 0, 0, '2/22/2022 0:00', 2, 0, 0, 0, 0, 0),
(1396, 52, '2/22/2022', '2022-02-22', 48, 0, 47, 0, 1, 0, 0, 0, 0, '2/22/2022 0:00', 2, 0, 0, 0, 0, 0),
(1397, 28, '2/22/2022', '2022-02-22', 2249, 0, 2246, 3, 0, 0, 0, 0, 0, '2/22/2022 0:00', 3, 0, 0, 0, 0, 0),
(1398, 33, '2/22/2022', '2022-02-22', 0, 0, 0, 0, 0, 0, 0, 0, 0, '2/22/2022 0:00', 3, 0, 0, 0, 0, 0),
(1399, 10, '2/22/2022', '2022-02-22', 911, 0, 901, 10, 0, 0, 0, 0, 0, '2/22/2022 0:00', 3, 0, 0, 0, 0, 0),
(1400, 10, '2/22/2022', '2022-02-22', 0, 0, 0, 0, 0, 0, 0, 0, 0, '2/22/2022 0:00', 3, 0, 0, 0, 0, 0),
(1401, 32, '2/22/2022', '2022-02-22', 0, 0, 0, 0, 0, 0, 0, 0, 0, '2/22/2022 0:00', 3, 0, 0, 0, 0, 0),
(1402, 31, '2/22/2022', '2022-02-22', 1, 0, 0, 0, 1, 0, 0, 0, 0, '2/22/2022 0:00', 3, 0, 0, 0, 0, 0),
(1403, 12, '2/22/2022', '2022-02-22', 0, 0, 0, 0, 0, 0, 0, 0, 0, '2/22/2022 0:00', 3, 0, 0, 0, 0, 0),
(1404, 35, '2/22/2022', '2022-02-22', 1307, 0, 1301, 5, 1, 0, 0, 0, 0, '2/22/2022 0:00', 3, 0, 0, 0, 0, 0),
(1405, 39, '2/22/2022', '2022-02-22', 195, 0, 194, 0, 1, 0, 0, 0, 0, '2/22/2022 0:00', 3, 0, 0, 0, 0, 0),
(1406, 40, '2/22/2022', '2022-02-22', 39, 0, 39, 0, 0, 0, 0, 0, 0, '2/22/2022 0:00', 3, 0, 0, 0, 0, 0),
(1407, 41, '2/22/2022', '2022-02-22', 306, 0, 306, 0, 0, 0, 0, 0, 0, '2/22/2022 0:00', 3, 0, 0, 0, 0, 0),
(1408, 37, '2/22/2022', '2022-02-22', 760, 0, 760, 0, 0, 0, 0, 0, 0, '2/22/2022 0:00', 3, 0, 0, 0, 0, 0),
(1409, 17, '2/22/2022', '2022-02-22', 444, 0, 443, 0, 1, 0, 0, 0, 0, '2/22/2022 0:00', 3, 0, 0, 0, 0, 0),
(1410, 38, '2/22/2022', '2022-02-22', 1092, 0, 1092, 0, 0, 0, 0, 0, 0, '2/22/2022 0:00', 3, 0, 0, 0, 0, 0),
(1411, 38, '2/22/2022', '2022-02-22', 0, 0, 0, 0, 0, 0, 0, 0, 0, '2/22/2022 0:00', 3, 0, 0, 0, 0, 0),
(1412, 43, '2/22/2022', '2022-02-22', 97, 0, 95, 0, 2, 0, 0, 0, 0, '2/22/2022 0:00', 3, 0, 0, 0, 0, 0),
(1413, 44, '2/22/2022', '2022-02-22', 178, 0, 173, 3, 2, 0, 0, 0, 0, '2/22/2022 0:00', 3, 0, 0, 0, 0, 0),
(1414, 45, '2/22/2022', '2022-02-22', 181, 0, 174, 0, 7, 0, 0, 0, 0, '2/22/2022 0:00', 3, 0, 0, 0, 0, 0),
(1415, 47, '2/22/2022', '2022-02-22', 215, 0, 207, 0, 8, 0, 0, 0, 0, '2/22/2022 0:00', 3, 0, 0, 0, 0, 0),
(1416, 48, '2/22/2022', '2022-02-22', 285, 0, 283, 2, 0, 0, 0, 0, 0, '2/22/2022 0:00', 3, 0, 0, 0, 0, 0),
(1417, 49, '2/22/2022', '2022-02-22', 3, 0, 0, 3, 0, 0, 0, 0, 0, '2/22/2022 0:00', 3, 0, 0, 0, 0, 0),
(1418, 50, '2/22/2022', '2022-02-22', 8, 0, 8, 0, 0, 0, 0, 0, 0, '2/22/2022 0:00', 3, 0, 0, 0, 0, 0),
(1419, 20, '2/22/2022', '2022-02-22', 99, 0, 93, 0, 6, 0, 0, 0, 0, '2/22/2022 0:00', 3, 0, 0, 0, 0, 0),
(1420, 51, '2/22/2022', '2022-02-22', 261, 0, 260, 1, 0, 0, 0, 0, 0, '2/22/2022 0:00', 3, 0, 0, 0, 0, 0),
(1421, 51, '2/22/2022', '2022-02-22', 0, 0, 0, 0, 0, 0, 0, 0, 0, '2/22/2022 0:00', 3, 0, 0, 0, 0, 0),
(1422, 52, '2/22/2022', '2022-02-22', 0, 0, 0, 0, 0, 0, 0, 0, 0, '2/22/2022 0:00', 3, 0, 0, 0, 0, 0),
(1423, 28, '2/23/2022', '2022-02-23', 598, 0, 581, 16, 1, 0, 0, 0, 0, '2/23/2022 0:00', 1, 0, 0, 0, 0, 0),
(1424, 33, '2/23/2022', '2022-02-23', 240, 0, 101, 103, 36, 0, 0, 0, 0, '2/23/2022 0:00', 1, 0, 0, 0, 0, 0),
(1425, 10, '2/23/2022', '2022-02-23', 0, 0, 0, 0, 0, 0, 0, 0, 0, '2/23/2022 0:00', 1, 0, 0, 0, 0, 0),
(1426, 10, '2/23/2022', '2022-02-23', 0, 0, 0, 0, 0, 0, 0, 0, 0, '2/23/2022 0:00', 1, 0, 0, 0, 0, 0),
(1427, 32, '2/23/2022', '2022-02-23', 548, 0, 548, 0, 0, 0, 0, 0, 0, '2/23/2022 0:00', 1, 0, 0, 0, 0, 0),
(1428, 31, '2/23/2022', '2022-02-23', 430, 0, 430, 0, 0, 0, 0, 0, 0, '2/23/2022 0:00', 1, 0, 0, 0, 0, 0),
(1429, 12, '2/23/2022', '2022-02-23', 246, 0, 244, 2, 0, 0, 0, 0, 0, '2/23/2022 0:00', 1, 0, 0, 0, 0, 0),
(1430, 35, '2/23/2022', '2022-02-23', 56, 0, 0, 56, 0, 0, 0, 0, 0, '2/23/2022 0:00', 1, 0, 0, 0, 0, 0),
(1431, 39, '2/23/2022', '2022-02-23', 252, 0, 252, 0, 0, 0, 0, 0, 0, '2/23/2022 0:00', 1, 0, 0, 0, 0, 0),
(1432, 40, '2/23/2022', '2022-02-23', 158, 0, 151, 5, 2, 0, 0, 0, 0, '2/23/2022 0:00', 1, 0, 0, 0, 0, 0),
(1433, 41, '2/23/2022', '2022-02-23', 221, 0, 221, 0, 0, 0, 0, 0, 0, '2/23/2022 0:00', 1, 0, 0, 0, 0, 0),
(1434, 37, '2/23/2022', '2022-02-23', 411, 0, 356, 0, 55, 0, 0, 0, 0, '2/23/2022 0:00', 1, 0, 0, 0, 0, 0),
(1435, 17, '2/23/2022', '2022-02-23', 514, 0, 513, 0, 1, 0, 0, 0, 0, '2/23/2022 0:00', 1, 0, 0, 0, 0, 0),
(1436, 38, '2/23/2022', '2022-02-23', 0, 0, 0, 0, 0, 0, 0, 0, 0, '2/23/2022 0:00', 1, 0, 0, 0, 0, 0),
(1437, 38, '2/23/2022', '2022-02-23', 452, 0, 450, 0, 2, 0, 0, 0, 0, '2/23/2022 0:00', 1, 0, 0, 0, 0, 0),
(1438, 43, '2/23/2022', '2022-02-23', 437, 0, 424, 0, 13, 0, 0, 0, 0, '2/23/2022 0:00', 1, 0, 0, 0, 0, 0),
(1439, 44, '2/23/2022', '2022-02-23', 22, 0, 17, 0, 5, 0, 0, 0, 0, '2/23/2022 0:00', 1, 0, 0, 0, 0, 0),
(1440, 45, '2/23/2022', '2022-02-23', 83, 0, 83, 0, 0, 0, 0, 0, 0, '2/23/2022 0:00', 1, 0, 0, 0, 0, 0),
(1441, 47, '2/23/2022', '2022-02-23', 501, 0, 471, 28, 2, 0, 0, 0, 0, '2/23/2022 0:00', 1, 0, 0, 0, 0, 0),
(1442, 48, '2/23/2022', '2022-02-23', 18, 0, 18, 0, 0, 0, 0, 0, 0, '2/23/2022 0:00', 1, 0, 0, 0, 0, 0),
(1443, 49, '2/23/2022', '2022-02-23', 215, 0, 175, 39, 1, 0, 0, 0, 0, '2/23/2022 0:00', 1, 0, 0, 0, 0, 0),
(1444, 50, '2/23/2022', '2022-02-23', 476, 0, 475, 1, 0, 0, 0, 0, 0, '2/23/2022 0:00', 1, 0, 0, 0, 0, 0),
(1445, 20, '2/23/2022', '2022-02-23', 9, 0, 9, 0, 0, 0, 0, 0, 0, '2/23/2022 0:00', 1, 0, 0, 0, 0, 0),
(1446, 51, '2/23/2022', '2022-02-23', 159, 0, 155, 4, 0, 0, 0, 0, 0, '2/23/2022 0:00', 1, 0, 0, 0, 0, 0),
(1447, 51, '2/23/2022', '2022-02-23', 0, 0, 0, 0, 0, 0, 0, 0, 0, '2/23/2022 0:00', 1, 0, 0, 0, 0, 0),
(1448, 52, '2/23/2022', '2022-02-23', 136, 0, 132, 0, 4, 0, 0, 0, 0, '2/23/2022 0:00', 1, 0, 0, 0, 0, 0),
(1449, 28, '2/23/2022', '2022-02-23', 0, 0, 0, 0, 0, 0, 0, 0, 0, '2/23/2022 0:00', 2, 0, 0, 0, 0, 0),
(1450, 33, '2/23/2022', '2022-02-23', 0, 0, 0, 0, 0, 0, 0, 0, 0, '2/23/2022 0:00', 2, 0, 0, 0, 0, 0),
(1451, 10, '2/23/2022', '2022-02-23', 0, 0, 0, 0, 0, 0, 0, 0, 0, '2/23/2022 0:00', 2, 0, 0, 0, 0, 0),
(1452, 10, '2/23/2022', '2022-02-23', 0, 0, 0, 0, 0, 0, 0, 0, 0, '2/23/2022 0:00', 2, 0, 0, 0, 0, 0),
(1453, 32, '2/23/2022', '2022-02-23', 63, 0, 63, 0, 0, 0, 0, 0, 0, '2/23/2022 0:00', 2, 0, 0, 0, 0, 0),
(1454, 31, '2/23/2022', '2022-02-23', 223, 0, 219, 4, 1, 0, 0, 0, 0, '2/23/2022 0:00', 2, 0, 0, 0, 0, 0),
(1455, 12, '2/23/2022', '2022-02-23', 0, 0, 0, 0, 0, 0, 0, 0, 0, '2/23/2022 0:00', 2, 0, 0, 0, 0, 0),
(1456, 35, '2/23/2022', '2022-02-23', 519, 0, 519, 0, 0, 0, 0, 0, 0, '2/23/2022 0:00', 2, 0, 0, 0, 0, 0),
(1457, 39, '2/23/2022', '2022-02-23', 247, 0, 247, 0, 0, 0, 0, 0, 0, '2/23/2022 0:00', 2, 0, 0, 0, 0, 0),
(1458, 40, '2/23/2022', '2022-02-23', 367, 0, 367, 0, 0, 0, 0, 0, 0, '2/23/2022 0:00', 2, 0, 0, 0, 0, 0),
(1459, 41, '2/23/2022', '2022-02-23', 646, 0, 646, 0, 0, 0, 0, 0, 0, '2/23/2022 0:00', 2, 0, 0, 0, 0, 0),
(1460, 37, '2/23/2022', '2022-02-23', 672, 0, 672, 0, 0, 0, 0, 0, 0, '2/23/2022 0:00', 2, 0, 0, 0, 0, 0),
(1461, 17, '2/23/2022', '2022-02-23', 839, 0, 838, 0, 1, 0, 0, 0, 0, '2/23/2022 0:00', 2, 0, 0, 0, 0, 0),
(1462, 38, '2/23/2022', '2022-02-23', 429, 0, 429, 0, 0, 0, 0, 0, 0, '2/23/2022 0:00', 2, 0, 0, 0, 0, 0),
(1463, 38, '2/23/2022', '2022-02-23', 0, 0, 0, 0, 0, 0, 0, 0, 0, '2/23/2022 0:00', 2, 0, 0, 0, 0, 0),
(1464, 43, '2/23/2022', '2022-02-23', 730, 0, 730, 0, 0, 0, 0, 0, 0, '2/23/2022 0:00', 2, 0, 0, 0, 0, 0),
(1465, 44, '2/23/2022', '2022-02-23', 196, 0, 196, 0, 0, 0, 0, 0, 0, '2/23/2022 0:00', 2, 0, 0, 0, 0, 0),
(1466, 45, '2/23/2022', '2022-02-23', 211, 0, 211, 0, 0, 0, 0, 0, 0, '2/23/2022 0:00', 2, 0, 0, 0, 0, 0),
(1467, 47, '2/23/2022', '2022-02-23', 353, 0, 343, 10, 0, 0, 0, 0, 0, '2/23/2022 0:00', 2, 0, 0, 0, 0, 0),
(1468, 48, '2/23/2022', '2022-02-23', 24, 0, 22, 0, 2, 0, 0, 0, 0, '2/23/2022 0:00', 2, 0, 0, 0, 0, 0),
(1469, 49, '2/23/2022', '2022-02-23', 0, 0, 0, 0, 0, 0, 0, 0, 0, '2/23/2022 0:00', 2, 0, 0, 0, 0, 0),
(1470, 50, '2/23/2022', '2022-02-23', 244, 0, 234, 0, 1, 0, 0, 0, 0, '2/23/2022 0:00', 2, 0, 0, 0, 0, 0),
(1471, 20, '2/23/2022', '2022-02-23', 0, 0, 0, 0, 0, 0, 0, 0, 0, '2/23/2022 0:00', 2, 0, 0, 0, 0, 0),
(1472, 51, '2/23/2022', '2022-02-23', 70, 0, 70, 0, 0, 0, 0, 0, 0, '2/23/2022 0:00', 2, 0, 0, 0, 0, 0),
(1473, 51, '2/23/2022', '2022-02-23', 0, 0, 0, 0, 0, 0, 0, 0, 0, '2/23/2022 0:00', 2, 0, 0, 0, 0, 0),
(1474, 52, '2/23/2022', '2022-02-23', 48, 0, 47, 0, 1, 0, 0, 0, 0, '2/23/2022 0:00', 2, 0, 0, 0, 0, 0),
(1475, 28, '2/23/2022', '2022-02-23', 2249, 0, 2246, 3, 0, 0, 0, 0, 0, '2/23/2022 0:00', 3, 0, 0, 0, 0, 0),
(1476, 33, '2/23/2022', '2022-02-23', 0, 0, 0, 0, 0, 0, 0, 0, 0, '2/23/2022 0:00', 3, 0, 0, 0, 0, 0),
(1477, 10, '2/23/2022', '2022-02-23', 911, 0, 901, 10, 0, 0, 0, 0, 0, '2/23/2022 0:00', 3, 0, 0, 0, 0, 0),
(1478, 10, '2/23/2022', '2022-02-23', 0, 0, 0, 0, 0, 0, 0, 0, 0, '2/23/2022 0:00', 3, 0, 0, 0, 0, 0),
(1479, 32, '2/23/2022', '2022-02-23', 0, 0, 0, 0, 0, 0, 0, 0, 0, '2/23/2022 0:00', 3, 0, 0, 0, 0, 0),
(1480, 31, '2/23/2022', '2022-02-23', 0, 0, 0, 0, 0, 0, 0, 0, 0, '2/23/2022 0:00', 3, 0, 0, 0, 0, 0),
(1481, 12, '2/23/2022', '2022-02-23', 0, 0, 0, 0, 0, 0, 0, 0, 0, '2/23/2022 0:00', 3, 0, 0, 0, 0, 0),
(1482, 35, '2/23/2022', '2022-02-23', 1312, 0, 1307, 4, 1, 0, 0, 0, 0, '2/23/2022 0:00', 3, 0, 0, 0, 0, 0),
(1483, 39, '2/23/2022', '2022-02-23', 195, 0, 194, 0, 1, 0, 0, 0, 0, '2/23/2022 0:00', 3, 0, 0, 0, 0, 0),
(1484, 40, '2/23/2022', '2022-02-23', 213, 0, 213, 0, 0, 0, 0, 0, 0, '2/23/2022 0:00', 3, 0, 0, 0, 0, 0),
(1485, 41, '2/23/2022', '2022-02-23', 306, 0, 306, 0, 0, 0, 0, 0, 0, '2/23/2022 0:00', 3, 0, 0, 0, 0, 0);
INSERT INTO `trx_absensi` (`id`, `id_kampus`, `tgl_absensi_text`, `tgl_absensi`, `jumlah_taruna`, `jumlah_taruna_wanita`, `pria_sehat`, `pria_covid`, `pria_ijin`, `wanita_sehat`, `wanita_covid`, `wanita_ijin`, `uid`, `created_date`, `id_lokasi`, `vaksin1`, `vaksin2`, `vaksin_lain`, `manual_taruna`, `manual_taruni`) VALUES
(1486, 37, '2/23/2022', '2022-02-23', 760, 0, 760, 0, 0, 0, 0, 0, 0, '2/23/2022 0:00', 3, 0, 0, 0, 0, 0),
(1487, 17, '2/23/2022', '2022-02-23', 444, 0, 443, 0, 1, 0, 0, 0, 0, '2/23/2022 0:00', 3, 0, 0, 0, 0, 0),
(1488, 38, '2/23/2022', '2022-02-23', 1092, 0, 1092, 0, 0, 0, 0, 0, 0, '2/23/2022 0:00', 3, 0, 0, 0, 0, 0),
(1489, 38, '2/23/2022', '2022-02-23', 0, 0, 0, 0, 0, 0, 0, 0, 0, '2/23/2022 0:00', 3, 0, 0, 0, 0, 0),
(1490, 43, '2/23/2022', '2022-02-23', 97, 0, 95, 0, 2, 0, 0, 0, 0, '2/23/2022 0:00', 3, 0, 0, 0, 0, 0),
(1491, 44, '2/23/2022', '2022-02-23', 178, 0, 173, 3, 2, 0, 0, 0, 0, '2/23/2022 0:00', 3, 0, 0, 0, 0, 0),
(1492, 45, '2/23/2022', '2022-02-23', 181, 0, 174, 0, 7, 0, 0, 0, 0, '2/23/2022 0:00', 3, 0, 0, 0, 0, 0),
(1493, 47, '2/23/2022', '2022-02-23', 215, 0, 213, 0, 2, 0, 0, 0, 0, '2/23/2022 0:00', 3, 0, 0, 0, 0, 0),
(1494, 48, '2/23/2022', '2022-02-23', 285, 0, 284, 1, 0, 0, 0, 0, 0, '2/23/2022 0:00', 3, 0, 0, 0, 0, 0),
(1495, 49, '2/23/2022', '2022-02-23', 3, 0, 0, 3, 0, 0, 0, 0, 0, '2/23/2022 0:00', 3, 0, 0, 0, 0, 0),
(1496, 50, '2/23/2022', '2022-02-23', 8, 0, 8, 0, 0, 0, 0, 0, 0, '2/23/2022 0:00', 3, 0, 0, 0, 0, 0),
(1497, 20, '2/23/2022', '2022-02-23', 103, 0, 97, 0, 6, 0, 0, 0, 0, '2/23/2022 0:00', 3, 0, 0, 0, 0, 0),
(1498, 51, '2/23/2022', '2022-02-23', 259, 0, 259, 0, 0, 0, 0, 0, 0, '2/23/2022 0:00', 3, 0, 0, 0, 0, 0),
(1499, 51, '2/23/2022', '2022-02-23', 0, 0, 0, 0, 0, 0, 0, 0, 0, '2/23/2022 0:00', 3, 0, 0, 0, 0, 0),
(1500, 52, '2/23/2022', '2022-02-23', 0, 0, 0, 0, 0, 0, 0, 0, 0, '2/23/2022 0:00', 3, 0, 0, 0, 0, 0),
(1501, 28, '2/24/2022', '2022-02-24', 598, 0, 581, 16, 1, 0, 0, 0, 0, '2/24/2022 0:00', 1, 0, 0, 0, 0, 0),
(1502, 33, '2/24/2022', '2022-02-24', 240, 0, 100, 103, 37, 0, 0, 0, 0, '2/24/2022 0:00', 1, 0, 0, 0, 0, 0),
(1503, 10, '2/24/2022', '2022-02-24', 0, 0, 0, 0, 0, 0, 0, 0, 0, '2/24/2022 0:00', 1, 0, 0, 0, 0, 0),
(1504, 10, '2/24/2022', '2022-02-24', 0, 0, 0, 0, 0, 0, 0, 0, 0, '2/24/2022 0:00', 1, 0, 0, 0, 0, 0),
(1505, 32, '2/24/2022', '2022-02-24', 548, 0, 548, 0, 0, 0, 0, 0, 0, '2/24/2022 0:00', 1, 0, 0, 0, 0, 0),
(1506, 31, '2/24/2022', '2022-02-24', 430, 0, 430, 0, 0, 0, 0, 0, 0, '2/24/2022 0:00', 1, 0, 0, 0, 0, 0),
(1507, 12, '2/24/2022', '2022-02-24', 246, 0, 244, 2, 0, 0, 0, 0, 0, '2/24/2022 0:00', 1, 0, 0, 0, 0, 0),
(1508, 35, '2/24/2022', '2022-02-24', 56, 0, 0, 56, 0, 0, 0, 0, 0, '2/24/2022 0:00', 1, 0, 0, 0, 0, 0),
(1509, 39, '2/24/2022', '2022-02-24', 252, 0, 252, 0, 0, 0, 0, 0, 0, '2/24/2022 0:00', 1, 0, 0, 0, 0, 0),
(1510, 40, '2/24/2022', '2022-02-24', 158, 0, 151, 5, 2, 0, 0, 0, 0, '2/24/2022 0:00', 1, 0, 0, 0, 0, 0),
(1511, 41, '2/24/2022', '2022-02-24', 221, 0, 221, 0, 0, 0, 0, 0, 0, '2/24/2022 0:00', 1, 0, 0, 0, 0, 0),
(1512, 37, '2/24/2022', '2022-02-24', 411, 0, 352, 0, 59, 0, 0, 0, 0, '2/24/2022 0:00', 1, 0, 0, 0, 0, 0),
(1513, 17, '2/24/2022', '2022-02-24', 514, 0, 513, 0, 1, 0, 0, 0, 0, '2/24/2022 0:00', 1, 0, 0, 0, 0, 0),
(1514, 38, '2/24/2022', '2022-02-24', 0, 0, 0, 0, 0, 0, 0, 0, 0, '2/24/2022 0:00', 1, 0, 0, 0, 0, 0),
(1515, 38, '2/24/2022', '2022-02-24', 452, 0, 451, 0, 1, 0, 0, 0, 0, '2/24/2022 0:00', 1, 0, 0, 0, 0, 0),
(1516, 43, '2/24/2022', '2022-02-24', 437, 0, 421, 0, 16, 0, 0, 0, 0, '2/24/2022 0:00', 1, 0, 0, 0, 0, 0),
(1517, 44, '2/24/2022', '2022-02-24', 22, 0, 19, 0, 3, 0, 0, 0, 0, '2/24/2022 0:00', 1, 0, 0, 0, 0, 0),
(1518, 45, '2/24/2022', '2022-02-24', 83, 0, 83, 0, 0, 0, 0, 0, 0, '2/24/2022 0:00', 1, 0, 0, 0, 0, 0),
(1519, 47, '2/24/2022', '2022-02-24', 501, 0, 481, 20, 0, 0, 0, 0, 0, '2/24/2022 0:00', 1, 0, 0, 0, 0, 0),
(1520, 48, '2/24/2022', '2022-02-24', 17, 0, 17, 0, 0, 0, 0, 0, 0, '2/24/2022 0:00', 1, 0, 0, 0, 0, 0),
(1521, 49, '2/24/2022', '2022-02-24', 215, 0, 173, 41, 1, 0, 0, 0, 0, '2/24/2022 0:00', 1, 0, 0, 0, 0, 0),
(1522, 50, '2/24/2022', '2022-02-24', 475, 0, 474, 1, 0, 0, 0, 0, 0, '2/24/2022 0:00', 1, 0, 0, 0, 0, 0),
(1523, 20, '2/24/2022', '2022-02-24', 9, 0, 9, 0, 0, 0, 0, 0, 0, '2/24/2022 0:00', 1, 0, 0, 0, 0, 0),
(1524, 51, '2/24/2022', '2022-02-24', 159, 0, 159, 0, 0, 0, 0, 0, 0, '2/24/2022 0:00', 1, 0, 0, 0, 0, 0),
(1525, 51, '2/24/2022', '2022-02-24', 0, 0, 0, 0, 0, 0, 0, 0, 0, '2/24/2022 0:00', 1, 0, 0, 0, 0, 0),
(1526, 52, '2/24/2022', '2022-02-24', 136, 0, 132, 0, 4, 0, 0, 0, 0, '2/24/2022 0:00', 1, 0, 0, 0, 0, 0),
(1527, 28, '2/24/2022', '2022-02-24', 0, 0, 0, 0, 0, 0, 0, 0, 0, '2/24/2022 0:00', 2, 0, 0, 0, 0, 0),
(1528, 33, '2/24/2022', '2022-02-24', 0, 0, 0, 0, 0, 0, 0, 0, 0, '2/24/2022 0:00', 2, 0, 0, 0, 0, 0),
(1529, 10, '2/24/2022', '2022-02-24', 0, 0, 0, 0, 0, 0, 0, 0, 0, '2/24/2022 0:00', 2, 0, 0, 0, 0, 0),
(1530, 10, '2/24/2022', '2022-02-24', 0, 0, 0, 0, 0, 0, 0, 0, 0, '2/24/2022 0:00', 2, 0, 0, 0, 0, 0),
(1531, 32, '2/24/2022', '2022-02-24', 63, 0, 63, 0, 0, 0, 0, 0, 0, '2/24/2022 0:00', 2, 0, 0, 0, 0, 0),
(1532, 31, '2/24/2022', '2022-02-24', 223, 0, 219, 4, 1, 0, 0, 0, 0, '2/24/2022 0:00', 2, 0, 0, 0, 0, 0),
(1533, 12, '2/24/2022', '2022-02-24', 0, 0, 0, 0, 0, 0, 0, 0, 0, '2/24/2022 0:00', 2, 0, 0, 0, 0, 0),
(1534, 35, '2/24/2022', '2022-02-24', 519, 0, 519, 0, 0, 0, 0, 0, 0, '2/24/2022 0:00', 2, 0, 0, 0, 0, 0),
(1535, 39, '2/24/2022', '2022-02-24', 247, 0, 247, 0, 0, 0, 0, 0, 0, '2/24/2022 0:00', 2, 0, 0, 0, 0, 0),
(1536, 40, '2/24/2022', '2022-02-24', 367, 0, 367, 0, 0, 0, 0, 0, 0, '2/24/2022 0:00', 2, 0, 0, 0, 0, 0),
(1537, 41, '2/24/2022', '2022-02-24', 646, 0, 646, 0, 0, 0, 0, 0, 0, '2/24/2022 0:00', 2, 0, 0, 0, 0, 0),
(1538, 37, '2/24/2022', '2022-02-24', 672, 0, 672, 0, 0, 0, 0, 0, 0, '2/24/2022 0:00', 2, 0, 0, 0, 0, 0),
(1539, 17, '2/24/2022', '2022-02-24', 839, 0, 838, 0, 1, 0, 0, 0, 0, '2/24/2022 0:00', 2, 0, 0, 0, 0, 0),
(1540, 38, '2/24/2022', '2022-02-24', 429, 0, 429, 0, 0, 0, 0, 0, 0, '2/24/2022 0:00', 2, 0, 0, 0, 0, 0),
(1541, 38, '2/24/2022', '2022-02-24', 0, 0, 0, 0, 0, 0, 0, 0, 0, '2/24/2022 0:00', 2, 0, 0, 0, 0, 0),
(1542, 43, '2/24/2022', '2022-02-24', 730, 0, 730, 0, 0, 0, 0, 0, 0, '2/24/2022 0:00', 2, 0, 0, 0, 0, 0),
(1543, 44, '2/24/2022', '2022-02-24', 196, 0, 196, 0, 0, 0, 0, 0, 0, '2/24/2022 0:00', 2, 0, 0, 0, 0, 0),
(1544, 45, '2/24/2022', '2022-02-24', 211, 0, 211, 0, 0, 0, 0, 0, 0, '2/24/2022 0:00', 2, 0, 0, 0, 0, 0),
(1545, 47, '2/24/2022', '2022-02-24', 353, 0, 343, 10, 0, 0, 0, 0, 0, '2/24/2022 0:00', 2, 0, 0, 0, 0, 0),
(1546, 48, '2/24/2022', '2022-02-24', 24, 0, 22, 0, 2, 0, 0, 0, 0, '2/24/2022 0:00', 2, 0, 0, 0, 0, 0),
(1547, 49, '2/24/2022', '2022-02-24', 0, 0, 0, 0, 0, 0, 0, 0, 0, '2/24/2022 0:00', 2, 0, 0, 0, 0, 0),
(1548, 50, '2/24/2022', '2022-02-24', 244, 0, 234, 0, 1, 0, 0, 0, 0, '2/24/2022 0:00', 2, 0, 0, 0, 0, 0),
(1549, 20, '2/24/2022', '2022-02-24', 0, 0, 0, 0, 0, 0, 0, 0, 0, '2/24/2022 0:00', 2, 0, 0, 0, 0, 0),
(1550, 51, '2/24/2022', '2022-02-24', 70, 0, 70, 0, 0, 0, 0, 0, 0, '2/24/2022 0:00', 2, 0, 0, 0, 0, 0),
(1551, 51, '2/24/2022', '2022-02-24', 0, 0, 0, 0, 0, 0, 0, 0, 0, '2/24/2022 0:00', 2, 0, 0, 0, 0, 0),
(1552, 52, '2/24/2022', '2022-02-24', 48, 0, 47, 0, 1, 0, 0, 0, 0, '2/24/2022 0:00', 2, 0, 0, 0, 0, 0),
(1553, 28, '2/24/2022', '2022-02-24', 2249, 0, 2246, 3, 0, 0, 0, 0, 0, '2/24/2022 0:00', 3, 0, 0, 0, 0, 0),
(1554, 33, '2/24/2022', '2022-02-24', 0, 0, 0, 0, 0, 0, 0, 0, 0, '2/24/2022 0:00', 3, 0, 0, 0, 0, 0),
(1555, 10, '2/24/2022', '2022-02-24', 911, 0, 901, 10, 0, 0, 0, 0, 0, '2/24/2022 0:00', 3, 0, 0, 0, 0, 0),
(1556, 10, '2/24/2022', '2022-02-24', 0, 0, 0, 0, 0, 0, 0, 0, 0, '2/24/2022 0:00', 3, 0, 0, 0, 0, 0),
(1557, 32, '2/24/2022', '2022-02-24', 0, 0, 0, 0, 0, 0, 0, 0, 0, '2/24/2022 0:00', 3, 0, 0, 0, 0, 0),
(1558, 31, '2/24/2022', '2022-02-24', 0, 0, 0, 0, 0, 0, 0, 0, 0, '2/24/2022 0:00', 3, 0, 0, 0, 0, 0),
(1559, 12, '2/24/2022', '2022-02-24', 0, 0, 0, 0, 0, 0, 0, 0, 0, '2/24/2022 0:00', 3, 0, 0, 0, 0, 0),
(1560, 35, '2/24/2022', '2022-02-24', 1312, 0, 1307, 4, 1, 0, 0, 0, 0, '2/24/2022 0:00', 3, 0, 0, 0, 0, 0),
(1561, 39, '2/24/2022', '2022-02-24', 195, 0, 194, 0, 1, 0, 0, 0, 0, '2/24/2022 0:00', 3, 0, 0, 0, 0, 0),
(1562, 40, '2/24/2022', '2022-02-24', 213, 0, 213, 0, 0, 0, 0, 0, 0, '2/24/2022 0:00', 3, 0, 0, 0, 0, 0),
(1563, 41, '2/24/2022', '2022-02-24', 306, 0, 306, 0, 0, 0, 0, 0, 0, '2/24/2022 0:00', 3, 0, 0, 0, 0, 0),
(1564, 37, '2/24/2022', '2022-02-24', 760, 0, 760, 0, 0, 0, 0, 0, 0, '2/24/2022 0:00', 3, 0, 0, 0, 0, 0),
(1565, 17, '2/24/2022', '2022-02-24', 444, 0, 443, 0, 1, 0, 0, 0, 0, '2/24/2022 0:00', 3, 0, 0, 0, 0, 0),
(1566, 38, '2/24/2022', '2022-02-24', 1092, 0, 1092, 0, 0, 0, 0, 0, 0, '2/24/2022 0:00', 3, 0, 0, 0, 0, 0),
(1567, 38, '2/24/2022', '2022-02-24', 0, 0, 0, 0, 0, 0, 0, 0, 0, '2/24/2022 0:00', 3, 0, 0, 0, 0, 0),
(1568, 43, '2/24/2022', '2022-02-24', 97, 0, 95, 0, 2, 0, 0, 0, 0, '2/24/2022 0:00', 3, 0, 0, 0, 0, 0),
(1569, 44, '2/24/2022', '2022-02-24', 178, 0, 173, 3, 2, 0, 0, 0, 0, '2/24/2022 0:00', 3, 0, 0, 0, 0, 0),
(1570, 45, '2/24/2022', '2022-02-24', 181, 0, 174, 0, 7, 0, 0, 0, 0, '2/24/2022 0:00', 3, 0, 0, 0, 0, 0),
(1571, 47, '2/24/2022', '2022-02-24', 215, 0, 213, 0, 2, 0, 0, 0, 0, '2/24/2022 0:00', 3, 0, 0, 0, 0, 0),
(1572, 48, '2/24/2022', '2022-02-24', 286, 0, 285, 1, 0, 0, 0, 0, 0, '2/24/2022 0:00', 3, 0, 0, 0, 0, 0),
(1573, 49, '2/24/2022', '2022-02-24', 3, 0, 0, 3, 0, 0, 0, 0, 0, '2/24/2022 0:00', 3, 0, 0, 0, 0, 0),
(1574, 50, '2/24/2022', '2022-02-24', 8, 0, 8, 0, 0, 0, 0, 0, 0, '2/24/2022 0:00', 3, 0, 0, 0, 0, 0),
(1575, 20, '2/24/2022', '2022-02-24', 103, 0, 97, 0, 6, 0, 0, 0, 0, '2/24/2022 0:00', 3, 0, 0, 0, 0, 0),
(1576, 51, '2/24/2022', '2022-02-24', 259, 0, 259, 0, 0, 0, 0, 0, 0, '2/24/2022 0:00', 3, 0, 0, 0, 0, 0),
(1577, 51, '2/24/2022', '2022-02-24', 0, 0, 0, 0, 0, 0, 0, 0, 0, '2/24/2022 0:00', 3, 0, 0, 0, 0, 0),
(1578, 52, '2/24/2022', '2022-02-24', 0, 0, 0, 0, 0, 0, 0, 0, 0, '2/24/2022 0:00', 3, 0, 0, 0, 0, 0),
(1579, 28, '2/25/2022', '2022-02-25', 598, 0, 579, 18, 1, 0, 0, 0, 0, '2/25/2022 0:00', 1, 0, 0, 0, 0, 0),
(1580, 33, '2/25/2022', '2022-02-25', 240, 0, 101, 103, 36, 0, 0, 0, 0, '2/25/2022 0:00', 1, 0, 0, 0, 0, 0),
(1581, 10, '2/25/2022', '2022-02-25', 0, 0, 0, 0, 0, 0, 0, 0, 0, '2/25/2022 0:00', 1, 0, 0, 0, 0, 0),
(1582, 10, '2/25/2022', '2022-02-25', 0, 0, 0, 0, 0, 0, 0, 0, 0, '2/25/2022 0:00', 1, 0, 0, 0, 0, 0),
(1583, 32, '2/25/2022', '2022-02-25', 548, 0, 548, 0, 0, 0, 0, 0, 0, '2/25/2022 0:00', 1, 0, 0, 0, 0, 0),
(1584, 31, '2/25/2022', '2022-02-25', 430, 0, 430, 0, 0, 0, 0, 0, 0, '2/25/2022 0:00', 1, 0, 0, 0, 0, 0),
(1585, 12, '2/25/2022', '2022-02-25', 246, 0, 244, 2, 0, 0, 0, 0, 0, '2/25/2022 0:00', 1, 0, 0, 0, 0, 0),
(1586, 35, '2/25/2022', '2022-02-25', 51, 0, 23, 28, 0, 0, 0, 0, 0, '2/25/2022 0:00', 1, 0, 0, 0, 0, 0),
(1587, 39, '2/25/2022', '2022-02-25', 252, 0, 252, 0, 0, 0, 0, 0, 0, '2/25/2022 0:00', 1, 0, 0, 0, 0, 0),
(1588, 40, '2/25/2022', '2022-02-25', 158, 0, 158, 0, 0, 0, 0, 0, 0, '2/25/2022 0:00', 1, 0, 0, 0, 0, 0),
(1589, 41, '2/25/2022', '2022-02-25', 221, 0, 221, 0, 0, 0, 0, 0, 0, '2/25/2022 0:00', 1, 0, 0, 0, 0, 0),
(1590, 37, '2/25/2022', '2022-02-25', 411, 0, 352, 0, 59, 0, 0, 0, 0, '2/25/2022 0:00', 1, 0, 0, 0, 0, 0),
(1591, 17, '2/25/2022', '2022-02-25', 514, 0, 513, 0, 1, 0, 0, 0, 0, '2/25/2022 0:00', 1, 0, 0, 0, 0, 0),
(1592, 38, '2/25/2022', '2022-02-25', 0, 0, 0, 0, 0, 0, 0, 0, 0, '2/25/2022 0:00', 1, 0, 0, 0, 0, 0),
(1593, 38, '2/25/2022', '2022-02-25', 452, 0, 452, 0, 0, 0, 0, 0, 0, '2/25/2022 0:00', 1, 0, 0, 0, 0, 0),
(1594, 43, '2/25/2022', '2022-02-25', 437, 0, 395, 0, 42, 0, 0, 0, 0, '2/25/2022 0:00', 1, 0, 0, 0, 0, 0),
(1595, 44, '2/25/2022', '2022-02-25', 20, 0, 20, 0, 0, 0, 0, 0, 0, '2/25/2022 0:00', 1, 0, 0, 0, 0, 0),
(1596, 45, '2/25/2022', '2022-02-25', 83, 0, 83, 0, 0, 0, 0, 0, 0, '2/25/2022 0:00', 1, 0, 0, 0, 0, 0),
(1597, 47, '2/25/2022', '2022-02-25', 501, 0, 477, 24, 0, 0, 0, 0, 0, '2/25/2022 0:00', 1, 0, 0, 0, 0, 0),
(1598, 48, '2/25/2022', '2022-02-25', 17, 0, 17, 0, 0, 0, 0, 0, 0, '2/25/2022 0:00', 1, 0, 0, 0, 0, 0),
(1599, 49, '2/25/2022', '2022-02-25', 215, 0, 173, 41, 1, 0, 0, 0, 0, '2/25/2022 0:00', 1, 0, 0, 0, 0, 0),
(1600, 50, '2/25/2022', '2022-02-25', 475, 0, 474, 1, 0, 0, 0, 0, 0, '2/25/2022 0:00', 1, 0, 0, 0, 0, 0),
(1601, 20, '2/25/2022', '2022-02-25', 10, 0, 10, 0, 0, 0, 0, 0, 0, '2/25/2022 0:00', 1, 0, 0, 0, 0, 0),
(1602, 51, '2/25/2022', '2022-02-25', 159, 0, 159, 0, 0, 0, 0, 0, 0, '2/25/2022 0:00', 1, 0, 0, 0, 0, 0),
(1603, 51, '2/25/2022', '2022-02-25', 0, 0, 0, 0, 0, 0, 0, 0, 0, '2/25/2022 0:00', 1, 0, 0, 0, 0, 0),
(1604, 52, '2/25/2022', '2022-02-25', 136, 0, 135, 0, 1, 0, 0, 0, 0, '2/25/2022 0:00', 1, 0, 0, 0, 0, 0),
(1605, 28, '2/25/2022', '2022-02-25', 0, 0, 0, 0, 0, 0, 0, 0, 0, '2/25/2022 0:00', 2, 0, 0, 0, 0, 0),
(1606, 33, '2/25/2022', '2022-02-25', 0, 0, 0, 0, 0, 0, 0, 0, 0, '2/25/2022 0:00', 2, 0, 0, 0, 0, 0),
(1607, 10, '2/25/2022', '2022-02-25', 0, 0, 0, 0, 0, 0, 0, 0, 0, '2/25/2022 0:00', 2, 0, 0, 0, 0, 0),
(1608, 10, '2/25/2022', '2022-02-25', 0, 0, 0, 0, 0, 0, 0, 0, 0, '2/25/2022 0:00', 2, 0, 0, 0, 0, 0),
(1609, 32, '2/25/2022', '2022-02-25', 63, 0, 63, 0, 0, 0, 0, 0, 0, '2/25/2022 0:00', 2, 0, 0, 0, 0, 0),
(1610, 31, '2/25/2022', '2022-02-25', 223, 0, 219, 3, 1, 0, 0, 0, 0, '2/25/2022 0:00', 2, 0, 0, 0, 0, 0),
(1611, 12, '2/25/2022', '2022-02-25', 0, 0, 0, 0, 0, 0, 0, 0, 0, '2/25/2022 0:00', 2, 0, 0, 0, 0, 0),
(1612, 35, '2/25/2022', '2022-02-25', 519, 0, 519, 0, 0, 0, 0, 0, 0, '2/25/2022 0:00', 2, 0, 0, 0, 0, 0),
(1613, 39, '2/25/2022', '2022-02-25', 247, 0, 247, 0, 0, 0, 0, 0, 0, '2/25/2022 0:00', 2, 0, 0, 0, 0, 0),
(1614, 40, '2/25/2022', '2022-02-25', 367, 0, 367, 0, 0, 0, 0, 0, 0, '2/25/2022 0:00', 2, 0, 0, 0, 0, 0),
(1615, 41, '2/25/2022', '2022-02-25', 646, 0, 646, 0, 0, 0, 0, 0, 0, '2/25/2022 0:00', 2, 0, 0, 0, 0, 0),
(1616, 37, '2/25/2022', '2022-02-25', 672, 0, 672, 0, 0, 0, 0, 0, 0, '2/25/2022 0:00', 2, 0, 0, 0, 0, 0),
(1617, 17, '2/25/2022', '2022-02-25', 839, 0, 838, 0, 1, 0, 0, 0, 0, '2/25/2022 0:00', 2, 0, 0, 0, 0, 0),
(1618, 38, '2/25/2022', '2022-02-25', 429, 0, 429, 0, 0, 0, 0, 0, 0, '2/25/2022 0:00', 2, 0, 0, 0, 0, 0),
(1619, 38, '2/25/2022', '2022-02-25', 0, 0, 0, 0, 0, 0, 0, 0, 0, '2/25/2022 0:00', 2, 0, 0, 0, 0, 0),
(1620, 43, '2/25/2022', '2022-02-25', 730, 0, 730, 0, 0, 0, 0, 0, 0, '2/25/2022 0:00', 2, 0, 0, 0, 0, 0),
(1621, 44, '2/25/2022', '2022-02-25', 196, 0, 196, 0, 0, 0, 0, 0, 0, '2/25/2022 0:00', 2, 0, 0, 0, 0, 0),
(1622, 45, '2/25/2022', '2022-02-25', 211, 0, 211, 0, 0, 0, 0, 0, 0, '2/25/2022 0:00', 2, 0, 0, 0, 0, 0),
(1623, 47, '2/25/2022', '2022-02-25', 353, 0, 343, 10, 0, 0, 0, 0, 0, '2/25/2022 0:00', 2, 0, 0, 0, 0, 0),
(1624, 48, '2/25/2022', '2022-02-25', 24, 0, 22, 0, 2, 0, 0, 0, 0, '2/25/2022 0:00', 2, 0, 0, 0, 0, 0),
(1625, 49, '2/25/2022', '2022-02-25', 0, 0, 0, 0, 0, 0, 0, 0, 0, '2/25/2022 0:00', 2, 0, 0, 0, 0, 0),
(1626, 50, '2/25/2022', '2022-02-25', 244, 0, 242, 2, 0, 0, 0, 0, 0, '2/25/2022 0:00', 2, 0, 0, 0, 0, 0),
(1627, 20, '2/25/2022', '2022-02-25', 0, 0, 0, 0, 0, 0, 0, 0, 0, '2/25/2022 0:00', 2, 0, 0, 0, 0, 0),
(1628, 51, '2/25/2022', '2022-02-25', 70, 0, 70, 0, 0, 0, 0, 0, 0, '2/25/2022 0:00', 2, 0, 0, 0, 0, 0),
(1629, 51, '2/25/2022', '2022-02-25', 0, 0, 0, 0, 0, 0, 0, 0, 0, '2/25/2022 0:00', 2, 0, 0, 0, 0, 0),
(1630, 52, '2/25/2022', '2022-02-25', 48, 0, 48, 0, 0, 0, 0, 0, 0, '2/25/2022 0:00', 2, 0, 0, 0, 0, 0),
(1631, 28, '2/25/2022', '2022-02-25', 2249, 0, 2246, 3, 0, 0, 0, 0, 0, '2/25/2022 0:00', 3, 0, 0, 0, 0, 0),
(1632, 33, '2/25/2022', '2022-02-25', 0, 0, 0, 0, 0, 0, 0, 0, 0, '2/25/2022 0:00', 3, 0, 0, 0, 0, 0),
(1633, 10, '2/25/2022', '2022-02-25', 911, 0, 905, 6, 0, 0, 0, 0, 0, '2/25/2022 0:00', 3, 0, 0, 0, 0, 0),
(1634, 10, '2/25/2022', '2022-02-25', 0, 0, 0, 0, 0, 0, 0, 0, 0, '2/25/2022 0:00', 3, 0, 0, 0, 0, 0),
(1635, 32, '2/25/2022', '2022-02-25', 0, 0, 0, 0, 0, 0, 0, 0, 0, '2/25/2022 0:00', 3, 0, 0, 0, 0, 0),
(1636, 31, '2/25/2022', '2022-02-25', 0, 0, 0, 0, 0, 0, 0, 0, 0, '2/25/2022 0:00', 3, 0, 0, 0, 0, 0),
(1637, 12, '2/25/2022', '2022-02-25', 0, 0, 0, 0, 0, 0, 0, 0, 0, '2/25/2022 0:00', 3, 0, 0, 0, 0, 0),
(1638, 35, '2/25/2022', '2022-02-25', 1312, 0, 1307, 4, 1, 0, 0, 0, 0, '2/25/2022 0:00', 3, 0, 0, 0, 0, 0),
(1639, 39, '2/25/2022', '2022-02-25', 195, 0, 194, 0, 1, 0, 0, 0, 0, '2/25/2022 0:00', 3, 0, 0, 0, 0, 0),
(1640, 40, '2/25/2022', '2022-02-25', 213, 0, 213, 0, 0, 0, 0, 0, 0, '2/25/2022 0:00', 3, 0, 0, 0, 0, 0),
(1641, 41, '2/25/2022', '2022-02-25', 306, 0, 306, 0, 0, 0, 0, 0, 0, '2/25/2022 0:00', 3, 0, 0, 0, 0, 0),
(1642, 37, '2/25/2022', '2022-02-25', 760, 0, 760, 0, 0, 0, 0, 0, 0, '2/25/2022 0:00', 3, 0, 0, 0, 0, 0),
(1643, 17, '2/25/2022', '2022-02-25', 444, 0, 443, 0, 1, 0, 0, 0, 0, '2/25/2022 0:00', 3, 0, 0, 0, 0, 0),
(1644, 38, '2/25/2022', '2022-02-25', 1092, 0, 1092, 0, 0, 0, 0, 0, 0, '2/25/2022 0:00', 3, 0, 0, 0, 0, 0),
(1645, 38, '2/25/2022', '2022-02-25', 0, 0, 0, 0, 0, 0, 0, 0, 0, '2/25/2022 0:00', 3, 0, 0, 0, 0, 0),
(1646, 43, '2/25/2022', '2022-02-25', 97, 0, 95, 0, 2, 0, 0, 0, 0, '2/25/2022 0:00', 3, 0, 0, 0, 0, 0),
(1647, 44, '2/25/2022', '2022-02-25', 180, 0, 172, 3, 5, 0, 0, 0, 0, '2/25/2022 0:00', 3, 0, 0, 0, 0, 0),
(1648, 45, '2/25/2022', '2022-02-25', 181, 0, 174, 0, 7, 0, 0, 0, 0, '2/25/2022 0:00', 3, 0, 0, 0, 0, 0),
(1649, 47, '2/25/2022', '2022-02-25', 215, 0, 213, 0, 2, 0, 0, 0, 0, '2/25/2022 0:00', 3, 0, 0, 0, 0, 0),
(1650, 48, '2/25/2022', '2022-02-25', 286, 0, 285, 1, 0, 0, 0, 0, 0, '2/25/2022 0:00', 3, 0, 0, 0, 0, 0),
(1651, 49, '2/25/2022', '2022-02-25', 3, 0, 0, 3, 0, 0, 0, 0, 0, '2/25/2022 0:00', 3, 0, 0, 0, 0, 0),
(1652, 50, '2/25/2022', '2022-02-25', 8, 0, 8, 0, 0, 0, 0, 0, 0, '2/25/2022 0:00', 3, 0, 0, 0, 0, 0),
(1653, 20, '2/25/2022', '2022-02-25', 102, 0, 96, 0, 6, 0, 0, 0, 0, '2/25/2022 0:00', 3, 0, 0, 0, 0, 0),
(1654, 51, '2/25/2022', '2022-02-25', 259, 0, 259, 0, 0, 0, 0, 0, 0, '2/25/2022 0:00', 3, 0, 0, 0, 0, 0),
(1655, 51, '2/25/2022', '2022-02-25', 0, 0, 0, 0, 0, 0, 0, 0, 0, '2/25/2022 0:00', 3, 0, 0, 0, 0, 0),
(1656, 52, '2/25/2022', '2022-02-25', 0, 0, 0, 0, 0, 0, 0, 0, 0, '2/25/2022 0:00', 3, 0, 0, 0, 0, 0),
(1657, 28, '2/26/2022', '2022-02-26', 598, 0, 579, 19, 0, 0, 0, 0, 0, '2/26/2022 0:00', 1, 0, 0, 0, 0, 0),
(1658, 33, '2/26/2022', '2022-02-26', 240, 0, 101, 103, 36, 0, 0, 0, 0, '2/26/2022 0:00', 1, 0, 0, 0, 0, 0),
(1659, 10, '2/26/2022', '2022-02-26', 0, 0, 0, 0, 0, 0, 0, 0, 0, '2/26/2022 0:00', 1, 0, 0, 0, 0, 0),
(1660, 10, '2/26/2022', '2022-02-26', 0, 0, 0, 0, 0, 0, 0, 0, 0, '2/26/2022 0:00', 1, 0, 0, 0, 0, 0),
(1661, 32, '2/26/2022', '2022-02-26', 548, 0, 548, 0, 0, 0, 0, 0, 0, '2/26/2022 0:00', 1, 0, 0, 0, 0, 0),
(1662, 31, '2/26/2022', '2022-02-26', 430, 0, 420, 10, 0, 0, 0, 0, 0, '2/26/2022 0:00', 1, 0, 0, 0, 0, 0),
(1663, 12, '2/26/2022', '2022-02-26', 246, 0, 244, 2, 0, 0, 0, 0, 0, '2/26/2022 0:00', 1, 0, 0, 0, 0, 0),
(1664, 35, '2/26/2022', '2022-02-26', 26, 0, 0, 26, 0, 0, 0, 0, 0, '2/26/2022 0:00', 1, 0, 0, 0, 0, 0),
(1665, 39, '2/26/2022', '2022-02-26', 252, 0, 252, 0, 0, 0, 0, 0, 0, '2/26/2022 0:00', 1, 0, 0, 0, 0, 0),
(1666, 40, '2/26/2022', '2022-02-26', 158, 0, 158, 0, 0, 0, 0, 0, 0, '2/26/2022 0:00', 1, 0, 0, 0, 0, 0),
(1667, 41, '2/26/2022', '2022-02-26', 221, 0, 221, 0, 0, 0, 0, 0, 0, '2/26/2022 0:00', 1, 0, 0, 0, 0, 0),
(1668, 37, '2/26/2022', '2022-02-26', 411, 0, 337, 0, 74, 0, 0, 0, 0, '2/26/2022 0:00', 1, 0, 0, 0, 0, 0),
(1669, 17, '2/26/2022', '2022-02-26', 514, 0, 513, 0, 1, 0, 0, 0, 0, '2/26/2022 0:00', 1, 0, 0, 0, 0, 0),
(1670, 38, '2/26/2022', '2022-02-26', 2, 0, 0, 0, 2, 0, 0, 0, 0, '2/26/2022 0:00', 1, 0, 0, 0, 0, 0),
(1671, 38, '2/26/2022', '2022-02-26', 450, 0, 450, 0, 0, 0, 0, 0, 0, '2/26/2022 0:00', 1, 0, 0, 0, 0, 0),
(1672, 43, '2/26/2022', '2022-02-26', 437, 0, 395, 0, 42, 0, 0, 0, 0, '2/26/2022 0:00', 1, 0, 0, 0, 0, 0),
(1673, 44, '2/26/2022', '2022-02-26', 20, 0, 20, 0, 0, 0, 0, 0, 0, '2/26/2022 0:00', 1, 0, 0, 0, 0, 0),
(1674, 45, '2/26/2022', '2022-02-26', 83, 0, 83, 0, 0, 0, 0, 0, 0, '2/26/2022 0:00', 1, 0, 0, 0, 0, 0),
(1675, 47, '2/26/2022', '2022-02-26', 501, 0, 485, 15, 1, 0, 0, 0, 0, '2/26/2022 0:00', 1, 0, 0, 0, 0, 0),
(1676, 48, '2/26/2022', '2022-02-26', 17, 0, 16, 0, 1, 0, 0, 0, 0, '2/26/2022 0:00', 1, 0, 0, 0, 0, 0),
(1677, 49, '2/26/2022', '2022-02-26', 215, 0, 172, 42, 1, 0, 0, 0, 0, '2/26/2022 0:00', 1, 0, 0, 0, 0, 0),
(1678, 50, '2/26/2022', '2022-02-26', 475, 0, 475, 0, 0, 0, 0, 0, 0, '2/26/2022 0:00', 1, 0, 0, 0, 0, 0),
(1679, 20, '2/26/2022', '2022-02-26', 11, 0, 11, 0, 0, 0, 0, 0, 0, '2/26/2022 0:00', 1, 0, 0, 0, 0, 0),
(1680, 51, '2/26/2022', '2022-02-26', 159, 0, 159, 0, 0, 0, 0, 0, 0, '2/26/2022 0:00', 1, 0, 0, 0, 0, 0),
(1681, 51, '2/26/2022', '2022-02-26', 0, 0, 0, 0, 0, 0, 0, 0, 0, '2/26/2022 0:00', 1, 0, 0, 0, 0, 0),
(1682, 52, '2/26/2022', '2022-02-26', 136, 0, 133, 0, 3, 0, 0, 0, 0, '2/26/2022 0:00', 1, 0, 0, 0, 0, 0),
(1683, 28, '2/26/2022', '2022-02-26', 0, 0, 0, 0, 0, 0, 0, 0, 0, '2/26/2022 0:00', 2, 0, 0, 0, 0, 0),
(1684, 33, '2/26/2022', '2022-02-26', 0, 0, 0, 0, 0, 0, 0, 0, 0, '2/26/2022 0:00', 2, 0, 0, 0, 0, 0),
(1685, 10, '2/26/2022', '2022-02-26', 0, 0, 0, 0, 0, 0, 0, 0, 0, '2/26/2022 0:00', 2, 0, 0, 0, 0, 0),
(1686, 10, '2/26/2022', '2022-02-26', 0, 0, 0, 0, 0, 0, 0, 0, 0, '2/26/2022 0:00', 2, 0, 0, 0, 0, 0),
(1687, 32, '2/26/2022', '2022-02-26', 63, 0, 63, 0, 0, 0, 0, 0, 0, '2/26/2022 0:00', 2, 0, 0, 0, 0, 0),
(1688, 31, '2/26/2022', '2022-02-26', 223, 0, 219, 3, 1, 0, 0, 0, 0, '2/26/2022 0:00', 2, 0, 0, 0, 0, 0),
(1689, 12, '2/26/2022', '2022-02-26', 0, 0, 0, 0, 0, 0, 0, 0, 0, '2/26/2022 0:00', 2, 0, 0, 0, 0, 0),
(1690, 35, '2/26/2022', '2022-02-26', 519, 0, 519, 0, 0, 0, 0, 0, 0, '2/26/2022 0:00', 2, 0, 0, 0, 0, 0),
(1691, 39, '2/26/2022', '2022-02-26', 247, 0, 247, 0, 0, 0, 0, 0, 0, '2/26/2022 0:00', 2, 0, 0, 0, 0, 0),
(1692, 40, '2/26/2022', '2022-02-26', 367, 0, 367, 0, 0, 0, 0, 0, 0, '2/26/2022 0:00', 2, 0, 0, 0, 0, 0),
(1693, 41, '2/26/2022', '2022-02-26', 646, 0, 646, 0, 0, 0, 0, 0, 0, '2/26/2022 0:00', 2, 0, 0, 0, 0, 0),
(1694, 37, '2/26/2022', '2022-02-26', 672, 0, 672, 0, 0, 0, 0, 0, 0, '2/26/2022 0:00', 2, 0, 0, 0, 0, 0),
(1695, 17, '2/26/2022', '2022-02-26', 839, 0, 838, 0, 1, 0, 0, 0, 0, '2/26/2022 0:00', 2, 0, 0, 0, 0, 0),
(1696, 38, '2/26/2022', '2022-02-26', 429, 0, 429, 0, 0, 0, 0, 0, 0, '2/26/2022 0:00', 2, 0, 0, 0, 0, 0),
(1697, 38, '2/26/2022', '2022-02-26', 0, 0, 0, 0, 0, 0, 0, 0, 0, '2/26/2022 0:00', 2, 0, 0, 0, 0, 0),
(1698, 43, '2/26/2022', '2022-02-26', 730, 0, 730, 0, 0, 0, 0, 0, 0, '2/26/2022 0:00', 2, 0, 0, 0, 0, 0),
(1699, 44, '2/26/2022', '2022-02-26', 196, 0, 196, 0, 0, 0, 0, 0, 0, '2/26/2022 0:00', 2, 0, 0, 0, 0, 0),
(1700, 45, '2/26/2022', '2022-02-26', 211, 0, 211, 0, 0, 0, 0, 0, 0, '2/26/2022 0:00', 2, 0, 0, 0, 0, 0),
(1701, 47, '2/26/2022', '2022-02-26', 353, 0, 343, 10, 0, 0, 0, 0, 0, '2/26/2022 0:00', 2, 0, 0, 0, 0, 0),
(1702, 48, '2/26/2022', '2022-02-26', 24, 0, 22, 0, 2, 0, 0, 0, 0, '2/26/2022 0:00', 2, 0, 0, 0, 0, 0),
(1703, 49, '2/26/2022', '2022-02-26', 0, 0, 0, 0, 0, 0, 0, 0, 0, '2/26/2022 0:00', 2, 0, 0, 0, 0, 0),
(1704, 50, '2/26/2022', '2022-02-26', 244, 0, 242, 2, 0, 0, 0, 0, 0, '2/26/2022 0:00', 2, 0, 0, 0, 0, 0),
(1705, 20, '2/26/2022', '2022-02-26', 0, 0, 0, 0, 0, 0, 0, 0, 0, '2/26/2022 0:00', 2, 0, 0, 0, 0, 0),
(1706, 51, '2/26/2022', '2022-02-26', 70, 0, 70, 0, 0, 0, 0, 0, 0, '2/26/2022 0:00', 2, 0, 0, 0, 0, 0),
(1707, 51, '2/26/2022', '2022-02-26', 0, 0, 0, 0, 0, 0, 0, 0, 0, '2/26/2022 0:00', 2, 0, 0, 0, 0, 0),
(1708, 52, '2/26/2022', '2022-02-26', 48, 0, 48, 0, 0, 0, 0, 0, 0, '2/26/2022 0:00', 2, 0, 0, 0, 0, 0),
(1709, 28, '2/26/2022', '2022-02-26', 2249, 0, 2246, 3, 0, 0, 0, 0, 0, '2/26/2022 0:00', 3, 0, 0, 0, 0, 0),
(1710, 33, '2/26/2022', '2022-02-26', 0, 0, 0, 0, 0, 0, 0, 0, 0, '2/26/2022 0:00', 3, 0, 0, 0, 0, 0),
(1711, 10, '2/26/2022', '2022-02-26', 911, 0, 905, 6, 0, 0, 0, 0, 0, '2/26/2022 0:00', 3, 0, 0, 0, 0, 0),
(1712, 10, '2/26/2022', '2022-02-26', 0, 0, 0, 0, 0, 0, 0, 0, 0, '2/26/2022 0:00', 3, 0, 0, 0, 0, 0),
(1713, 32, '2/26/2022', '2022-02-26', 0, 0, 0, 0, 0, 0, 0, 0, 0, '2/26/2022 0:00', 3, 0, 0, 0, 0, 0),
(1714, 31, '2/26/2022', '2022-02-26', 0, 0, 0, 0, 0, 0, 0, 0, 0, '2/26/2022 0:00', 3, 0, 0, 0, 0, 0),
(1715, 12, '2/26/2022', '2022-02-26', 0, 0, 0, 0, 0, 0, 0, 0, 0, '2/26/2022 0:00', 3, 0, 0, 0, 0, 0),
(1716, 35, '2/26/2022', '2022-02-26', 1342, 0, 1337, 4, 1, 0, 0, 0, 0, '2/26/2022 0:00', 3, 0, 0, 0, 0, 0),
(1717, 39, '2/26/2022', '2022-02-26', 195, 0, 194, 0, 1, 0, 0, 0, 0, '2/26/2022 0:00', 3, 0, 0, 0, 0, 0),
(1718, 40, '2/26/2022', '2022-02-26', 213, 0, 213, 0, 0, 0, 0, 0, 0, '2/26/2022 0:00', 3, 0, 0, 0, 0, 0),
(1719, 41, '2/26/2022', '2022-02-26', 306, 0, 306, 0, 0, 0, 0, 0, 0, '2/26/2022 0:00', 3, 0, 0, 0, 0, 0),
(1720, 37, '2/26/2022', '2022-02-26', 760, 0, 760, 0, 0, 0, 0, 0, 0, '2/26/2022 0:00', 3, 0, 0, 0, 0, 0),
(1721, 17, '2/26/2022', '2022-02-26', 444, 0, 443, 0, 1, 0, 0, 0, 0, '2/26/2022 0:00', 3, 0, 0, 0, 0, 0),
(1722, 38, '2/26/2022', '2022-02-26', 1092, 0, 1092, 0, 0, 0, 0, 0, 0, '2/26/2022 0:00', 3, 0, 0, 0, 0, 0),
(1723, 38, '2/26/2022', '2022-02-26', 0, 0, 0, 0, 0, 0, 0, 0, 0, '2/26/2022 0:00', 3, 0, 0, 0, 0, 0),
(1724, 43, '2/26/2022', '2022-02-26', 97, 0, 95, 0, 2, 0, 0, 0, 0, '2/26/2022 0:00', 3, 0, 0, 0, 0, 0),
(1725, 44, '2/26/2022', '2022-02-26', 180, 0, 172, 3, 5, 0, 0, 0, 0, '2/26/2022 0:00', 3, 0, 0, 0, 0, 0),
(1726, 45, '2/26/2022', '2022-02-26', 181, 0, 174, 0, 7, 0, 0, 0, 0, '2/26/2022 0:00', 3, 0, 0, 0, 0, 0),
(1727, 47, '2/26/2022', '2022-02-26', 215, 0, 213, 0, 2, 0, 0, 0, 0, '2/26/2022 0:00', 3, 0, 0, 0, 0, 0),
(1728, 48, '2/26/2022', '2022-02-26', 286, 0, 285, 1, 0, 0, 0, 0, 0, '2/26/2022 0:00', 3, 0, 0, 0, 0, 0),
(1729, 49, '2/26/2022', '2022-02-26', 3, 0, 0, 3, 0, 0, 0, 0, 0, '2/26/2022 0:00', 3, 0, 0, 0, 0, 0),
(1730, 50, '2/26/2022', '2022-02-26', 8, 0, 8, 0, 0, 0, 0, 0, 0, '2/26/2022 0:00', 3, 0, 0, 0, 0, 0),
(1731, 20, '2/26/2022', '2022-02-26', 101, 0, 97, 0, 4, 0, 0, 0, 0, '2/26/2022 0:00', 3, 0, 0, 0, 0, 0),
(1732, 51, '2/26/2022', '2022-02-26', 259, 0, 259, 0, 0, 0, 0, 0, 0, '2/26/2022 0:00', 3, 0, 0, 0, 0, 0),
(1733, 51, '2/26/2022', '2022-02-26', 0, 0, 0, 0, 0, 0, 0, 0, 0, '2/26/2022 0:00', 3, 0, 0, 0, 0, 0),
(1734, 52, '2/26/2022', '2022-02-26', 0, 0, 0, 0, 0, 0, 0, 0, 0, '2/26/2022 0:00', 3, 0, 0, 0, 0, 0),
(1735, 28, '2/27/2022', '2022-02-27', 16, 0, 0, 16, 0, 0, 0, 0, 0, '2/27/2022 0:00', 1, 0, 0, 0, 0, 0),
(1736, 33, '2/27/2022', '2022-02-27', 240, 0, 98, 103, 39, 0, 0, 0, 0, '2/27/2022 0:00', 1, 0, 0, 0, 0, 0),
(1737, 10, '2/27/2022', '2022-02-27', 0, 0, 0, 0, 0, 0, 0, 0, 0, '2/27/2022 0:00', 1, 0, 0, 0, 0, 0),
(1738, 10, '2/27/2022', '2022-02-27', 0, 0, 0, 0, 0, 0, 0, 0, 0, '2/27/2022 0:00', 1, 0, 0, 0, 0, 0),
(1739, 32, '2/27/2022', '2022-02-27', 548, 0, 548, 0, 0, 0, 0, 0, 0, '2/27/2022 0:00', 1, 0, 0, 0, 0, 0),
(1740, 31, '2/27/2022', '2022-02-27', 430, 0, 417, 13, 0, 0, 0, 0, 0, '2/27/2022 0:00', 1, 0, 0, 0, 0, 0),
(1741, 12, '2/27/2022', '2022-02-27', 5, 0, 3, 2, 0, 0, 0, 0, 0, '2/27/2022 0:00', 1, 0, 0, 0, 0, 0),
(1742, 35, '2/27/2022', '2022-02-27', 22, 0, 0, 22, 0, 0, 0, 0, 0, '2/27/2022 0:00', 1, 0, 0, 0, 0, 0),
(1743, 39, '2/27/2022', '2022-02-27', 252, 0, 252, 0, 0, 0, 0, 0, 0, '2/27/2022 0:00', 1, 0, 0, 0, 0, 0),
(1744, 40, '2/27/2022', '2022-02-27', 158, 0, 158, 0, 0, 0, 0, 0, 0, '2/27/2022 0:00', 1, 0, 0, 0, 0, 0),
(1745, 41, '2/27/2022', '2022-02-27', 221, 0, 221, 0, 0, 0, 0, 0, 0, '2/27/2022 0:00', 1, 0, 0, 0, 0, 0),
(1746, 37, '2/27/2022', '2022-02-27', 411, 0, 337, 0, 74, 0, 0, 0, 0, '2/27/2022 0:00', 1, 0, 0, 0, 0, 0),
(1747, 17, '2/27/2022', '2022-02-27', 514, 0, 512, 0, 2, 0, 0, 0, 0, '2/27/2022 0:00', 1, 0, 0, 0, 0, 0),
(1748, 38, '2/27/2022', '2022-02-27', 2, 0, 0, 0, 2, 0, 0, 0, 0, '2/27/2022 0:00', 1, 0, 0, 0, 0, 0),
(1749, 38, '2/27/2022', '2022-02-27', 450, 0, 450, 0, 0, 0, 0, 0, 0, '2/27/2022 0:00', 1, 0, 0, 0, 0, 0),
(1750, 43, '2/27/2022', '2022-02-27', 93, 0, 78, 0, 15, 0, 0, 0, 0, '2/27/2022 0:00', 1, 0, 0, 0, 0, 0),
(1751, 44, '2/27/2022', '2022-02-27', 20, 0, 20, 0, 0, 0, 0, 0, 0, '2/27/2022 0:00', 1, 0, 0, 0, 0, 0),
(1752, 45, '2/27/2022', '2022-02-27', 83, 0, 83, 0, 0, 0, 0, 0, 0, '2/27/2022 0:00', 1, 0, 0, 0, 0, 0),
(1753, 47, '2/27/2022', '2022-02-27', 502, 0, 485, 16, 1, 0, 0, 0, 0, '2/27/2022 0:00', 1, 0, 0, 0, 0, 0),
(1754, 48, '2/27/2022', '2022-02-27', 18, 0, 18, 0, 0, 0, 0, 0, 0, '2/27/2022 0:00', 1, 0, 0, 0, 0, 0),
(1755, 49, '2/27/2022', '2022-02-27', 215, 0, 172, 42, 1, 0, 0, 0, 0, '2/27/2022 0:00', 1, 0, 0, 0, 0, 0),
(1756, 50, '2/27/2022', '2022-02-27', 475, 0, 475, 0, 0, 0, 0, 0, 0, '2/27/2022 0:00', 1, 0, 0, 0, 0, 0),
(1757, 20, '2/27/2022', '2022-02-27', 11, 0, 11, 0, 0, 0, 0, 0, 0, '2/27/2022 0:00', 1, 0, 0, 0, 0, 0),
(1758, 51, '2/27/2022', '2022-02-27', 159, 0, 159, 0, 0, 0, 0, 0, 0, '2/27/2022 0:00', 1, 0, 0, 0, 0, 0),
(1759, 51, '2/27/2022', '2022-02-27', 0, 0, 0, 0, 0, 0, 0, 0, 0, '2/27/2022 0:00', 1, 0, 0, 0, 0, 0),
(1760, 52, '2/27/2022', '2022-02-27', 136, 0, 133, 0, 3, 0, 0, 0, 0, '2/27/2022 0:00', 1, 0, 0, 0, 0, 0),
(1761, 28, '2/27/2022', '2022-02-27', 0, 0, 0, 0, 0, 0, 0, 0, 0, '2/27/2022 0:00', 2, 0, 0, 0, 0, 0),
(1762, 33, '2/27/2022', '2022-02-27', 0, 0, 0, 0, 0, 0, 0, 0, 0, '2/27/2022 0:00', 2, 0, 0, 0, 0, 0),
(1763, 10, '2/27/2022', '2022-02-27', 0, 0, 0, 0, 0, 0, 0, 0, 0, '2/27/2022 0:00', 2, 0, 0, 0, 0, 0),
(1764, 10, '2/27/2022', '2022-02-27', 0, 0, 0, 0, 0, 0, 0, 0, 0, '2/27/2022 0:00', 2, 0, 0, 0, 0, 0),
(1765, 32, '2/27/2022', '2022-02-27', 63, 0, 63, 0, 0, 0, 0, 0, 0, '2/27/2022 0:00', 2, 0, 0, 0, 0, 0),
(1766, 31, '2/27/2022', '2022-02-27', 223, 0, 219, 3, 1, 0, 0, 0, 0, '2/27/2022 0:00', 2, 0, 0, 0, 0, 0),
(1767, 12, '2/27/2022', '2022-02-27', 0, 0, 0, 0, 0, 0, 0, 0, 0, '2/27/2022 0:00', 2, 0, 0, 0, 0, 0),
(1768, 35, '2/27/2022', '2022-02-27', 519, 0, 519, 0, 0, 0, 0, 0, 0, '2/27/2022 0:00', 2, 0, 0, 0, 0, 0),
(1769, 39, '2/27/2022', '2022-02-27', 247, 0, 247, 0, 0, 0, 0, 0, 0, '2/27/2022 0:00', 2, 0, 0, 0, 0, 0),
(1770, 40, '2/27/2022', '2022-02-27', 367, 0, 367, 0, 0, 0, 0, 0, 0, '2/27/2022 0:00', 2, 0, 0, 0, 0, 0),
(1771, 41, '2/27/2022', '2022-02-27', 646, 0, 646, 0, 0, 0, 0, 0, 0, '2/27/2022 0:00', 2, 0, 0, 0, 0, 0),
(1772, 37, '2/27/2022', '2022-02-27', 672, 0, 672, 0, 0, 0, 0, 0, 0, '2/27/2022 0:00', 2, 0, 0, 0, 0, 0),
(1773, 17, '2/27/2022', '2022-02-27', 839, 0, 838, 0, 1, 0, 0, 0, 0, '2/27/2022 0:00', 2, 0, 0, 0, 0, 0),
(1774, 38, '2/27/2022', '2022-02-27', 429, 0, 429, 0, 0, 0, 0, 0, 0, '2/27/2022 0:00', 2, 0, 0, 0, 0, 0),
(1775, 38, '2/27/2022', '2022-02-27', 0, 0, 0, 0, 0, 0, 0, 0, 0, '2/27/2022 0:00', 2, 0, 0, 0, 0, 0),
(1776, 43, '2/27/2022', '2022-02-27', 730, 0, 730, 0, 0, 0, 0, 0, 0, '2/27/2022 0:00', 2, 0, 0, 0, 0, 0),
(1777, 44, '2/27/2022', '2022-02-27', 196, 0, 196, 0, 0, 0, 0, 0, 0, '2/27/2022 0:00', 2, 0, 0, 0, 0, 0),
(1778, 45, '2/27/2022', '2022-02-27', 211, 0, 211, 0, 0, 0, 0, 0, 0, '2/27/2022 0:00', 2, 0, 0, 0, 0, 0),
(1779, 47, '2/27/2022', '2022-02-27', 353, 0, 343, 10, 0, 0, 0, 0, 0, '2/27/2022 0:00', 2, 0, 0, 0, 0, 0),
(1780, 48, '2/27/2022', '2022-02-27', 24, 0, 22, 0, 2, 0, 0, 0, 0, '2/27/2022 0:00', 2, 0, 0, 0, 0, 0),
(1781, 49, '2/27/2022', '2022-02-27', 0, 0, 0, 0, 0, 0, 0, 0, 0, '2/27/2022 0:00', 2, 0, 0, 0, 0, 0),
(1782, 50, '2/27/2022', '2022-02-27', 244, 0, 242, 2, 0, 0, 0, 0, 0, '2/27/2022 0:00', 2, 0, 0, 0, 0, 0),
(1783, 20, '2/27/2022', '2022-02-27', 0, 0, 0, 0, 0, 0, 0, 0, 0, '2/27/2022 0:00', 2, 0, 0, 0, 0, 0),
(1784, 51, '2/27/2022', '2022-02-27', 70, 0, 70, 0, 0, 0, 0, 0, 0, '2/27/2022 0:00', 2, 0, 0, 0, 0, 0),
(1785, 51, '2/27/2022', '2022-02-27', 0, 0, 0, 0, 0, 0, 0, 0, 0, '2/27/2022 0:00', 2, 0, 0, 0, 0, 0),
(1786, 52, '2/27/2022', '2022-02-27', 48, 0, 48, 0, 0, 0, 0, 0, 0, '2/27/2022 0:00', 2, 0, 0, 0, 0, 0),
(1787, 28, '2/27/2022', '2022-02-27', 2831, 0, 2822, 8, 1, 0, 0, 0, 0, '2/27/2022 0:00', 3, 0, 0, 0, 0, 0),
(1788, 33, '2/27/2022', '2022-02-27', 0, 0, 0, 0, 0, 0, 0, 0, 0, '2/27/2022 0:00', 3, 0, 0, 0, 0, 0),
(1789, 10, '2/27/2022', '2022-02-27', 911, 0, 905, 6, 0, 0, 0, 0, 0, '2/27/2022 0:00', 3, 0, 0, 0, 0, 0),
(1790, 10, '2/27/2022', '2022-02-27', 0, 0, 0, 0, 0, 0, 0, 0, 0, '2/27/2022 0:00', 3, 0, 0, 0, 0, 0),
(1791, 32, '2/27/2022', '2022-02-27', 0, 0, 0, 0, 0, 0, 0, 0, 0, '2/27/2022 0:00', 3, 0, 0, 0, 0, 0),
(1792, 31, '2/27/2022', '2022-02-27', 0, 0, 0, 0, 0, 0, 0, 0, 0, '2/27/2022 0:00', 3, 0, 0, 0, 0, 0),
(1793, 12, '2/27/2022', '2022-02-27', 0, 0, 0, 0, 0, 0, 0, 0, 0, '2/27/2022 0:00', 3, 0, 0, 0, 0, 0),
(1794, 35, '2/27/2022', '2022-02-27', 1342, 0, 1337, 4, 1, 0, 0, 0, 0, '2/27/2022 0:00', 3, 0, 0, 0, 0, 0),
(1795, 39, '2/27/2022', '2022-02-27', 195, 0, 194, 0, 1, 0, 0, 0, 0, '2/27/2022 0:00', 3, 0, 0, 0, 0, 0),
(1796, 40, '2/27/2022', '2022-02-27', 213, 0, 213, 0, 0, 0, 0, 0, 0, '2/27/2022 0:00', 3, 0, 0, 0, 0, 0),
(1797, 41, '2/27/2022', '2022-02-27', 306, 0, 306, 0, 0, 0, 0, 0, 0, '2/27/2022 0:00', 3, 0, 0, 0, 0, 0),
(1798, 37, '2/27/2022', '2022-02-27', 760, 0, 760, 0, 0, 0, 0, 0, 0, '2/27/2022 0:00', 3, 0, 0, 0, 0, 0),
(1799, 17, '2/27/2022', '2022-02-27', 444, 0, 443, 0, 1, 0, 0, 0, 0, '2/27/2022 0:00', 3, 0, 0, 0, 0, 0),
(1800, 38, '2/27/2022', '2022-02-27', 1092, 0, 1092, 0, 0, 0, 0, 0, 0, '2/27/2022 0:00', 3, 0, 0, 0, 0, 0),
(1801, 38, '2/27/2022', '2022-02-27', 0, 0, 0, 0, 0, 0, 0, 0, 0, '2/27/2022 0:00', 3, 0, 0, 0, 0, 0),
(1802, 43, '2/27/2022', '2022-02-27', 439, 0, 439, 0, 0, 0, 0, 0, 0, '2/27/2022 0:00', 3, 0, 0, 0, 0, 0),
(1803, 44, '2/27/2022', '2022-02-27', 180, 0, 172, 3, 5, 0, 0, 0, 0, '2/27/2022 0:00', 3, 0, 0, 0, 0, 0),
(1804, 45, '2/27/2022', '2022-02-27', 181, 0, 174, 0, 7, 0, 0, 0, 0, '2/27/2022 0:00', 3, 0, 0, 0, 0, 0),
(1805, 47, '2/27/2022', '2022-02-27', 215, 0, 213, 0, 2, 0, 0, 0, 0, '2/27/2022 0:00', 3, 0, 0, 0, 0, 0),
(1806, 48, '2/27/2022', '2022-02-27', 285, 0, 285, 0, 0, 0, 0, 0, 0, '2/27/2022 0:00', 3, 0, 0, 0, 0, 0),
(1807, 49, '2/27/2022', '2022-02-27', 3, 0, 0, 3, 0, 0, 0, 0, 0, '2/27/2022 0:00', 3, 0, 0, 0, 0, 0),
(1808, 50, '2/27/2022', '2022-02-27', 8, 0, 8, 0, 0, 0, 0, 0, 0, '2/27/2022 0:00', 3, 0, 0, 0, 0, 0),
(1809, 20, '2/27/2022', '2022-02-27', 101, 0, 97, 0, 4, 0, 0, 0, 0, '2/27/2022 0:00', 3, 0, 0, 0, 0, 0),
(1810, 51, '2/27/2022', '2022-02-27', 259, 0, 259, 0, 0, 0, 0, 0, 0, '2/27/2022 0:00', 3, 0, 0, 0, 0, 0),
(1811, 51, '2/27/2022', '2022-02-27', 0, 0, 0, 0, 0, 0, 0, 0, 0, '2/27/2022 0:00', 3, 0, 0, 0, 0, 0),
(1812, 52, '2/27/2022', '2022-02-27', 0, 0, 0, 0, 0, 0, 0, 0, 0, '2/27/2022 0:00', 3, 0, 0, 0, 0, 0),
(1813, 28, '2/28/2022', '2022-02-28', 16, 0, 0, 16, 0, 0, 0, 0, 0, '2/28/2022 0:00', 1, 0, 0, 0, 0, 0),
(1814, 33, '2/28/2022', '2022-02-28', 240, 0, 98, 103, 39, 0, 0, 0, 0, '2/28/2022 0:00', 1, 0, 0, 0, 0, 0),
(1815, 10, '2/28/2022', '2022-02-28', 0, 0, 0, 0, 0, 0, 0, 0, 0, '2/28/2022 0:00', 1, 0, 0, 0, 0, 0),
(1816, 10, '2/28/2022', '2022-02-28', 0, 0, 0, 0, 0, 0, 0, 0, 0, '2/28/2022 0:00', 1, 0, 0, 0, 0, 0),
(1817, 32, '2/28/2022', '2022-02-28', 548, 0, 548, 0, 0, 0, 0, 0, 0, '2/28/2022 0:00', 1, 0, 0, 0, 0, 0),
(1818, 31, '2/28/2022', '2022-02-28', 430, 0, 412, 18, 0, 0, 0, 0, 0, '2/28/2022 0:00', 1, 0, 0, 0, 0, 0),
(1819, 12, '2/28/2022', '2022-02-28', 0, 0, 0, 0, 0, 0, 0, 0, 0, '2/28/2022 0:00', 1, 0, 0, 0, 0, 0),
(1820, 35, '2/28/2022', '2022-02-28', 10, 0, 10, 0, 0, 0, 0, 0, 0, '2/28/2022 0:00', 1, 0, 0, 0, 0, 0),
(1821, 39, '2/28/2022', '2022-02-28', 252, 0, 252, 0, 0, 0, 0, 0, 0, '2/28/2022 0:00', 1, 0, 0, 0, 0, 0),
(1822, 40, '2/28/2022', '2022-02-28', 158, 0, 158, 0, 0, 0, 0, 0, 0, '2/28/2022 0:00', 1, 0, 0, 0, 0, 0),
(1823, 41, '2/28/2022', '2022-02-28', 221, 0, 221, 0, 0, 0, 0, 0, 0, '2/28/2022 0:00', 1, 0, 0, 0, 0, 0),
(1824, 37, '2/28/2022', '2022-02-28', 411, 0, 382, 0, 29, 0, 0, 0, 0, '2/28/2022 0:00', 1, 0, 0, 0, 0, 0),
(1825, 17, '2/28/2022', '2022-02-28', 514, 0, 512, 0, 2, 0, 0, 0, 0, '2/28/2022 0:00', 1, 0, 0, 0, 0, 0),
(1826, 38, '2/28/2022', '2022-02-28', 2, 0, 0, 0, 2, 0, 0, 0, 0, '2/28/2022 0:00', 1, 0, 0, 0, 0, 0),
(1827, 38, '2/28/2022', '2022-02-28', 450, 0, 450, 0, 0, 0, 0, 0, 0, '2/28/2022 0:00', 1, 0, 0, 0, 0, 0),
(1828, 43, '2/28/2022', '2022-02-28', 93, 0, 78, 0, 15, 0, 0, 0, 0, '2/28/2022 0:00', 1, 0, 0, 0, 0, 0),
(1829, 44, '2/28/2022', '2022-02-28', 20, 0, 20, 0, 0, 0, 0, 0, 0, '2/28/2022 0:00', 1, 0, 0, 0, 0, 0),
(1830, 45, '2/28/2022', '2022-02-28', 83, 0, 83, 0, 0, 0, 0, 0, 0, '2/28/2022 0:00', 1, 0, 0, 0, 0, 0),
(1831, 47, '2/28/2022', '2022-02-28', 502, 0, 483, 17, 2, 0, 0, 0, 0, '2/28/2022 0:00', 1, 0, 0, 0, 0, 0),
(1832, 48, '2/28/2022', '2022-02-28', 18, 0, 18, 0, 0, 0, 0, 0, 0, '2/28/2022 0:00', 1, 0, 0, 0, 0, 0),
(1833, 49, '2/28/2022', '2022-02-28', 215, 0, 185, 29, 1, 0, 0, 0, 0, '2/28/2022 0:00', 1, 0, 0, 0, 0, 0),
(1834, 50, '2/28/2022', '2022-02-28', 475, 0, 475, 0, 0, 0, 0, 0, 0, '2/28/2022 0:00', 1, 0, 0, 0, 0, 0),
(1835, 20, '2/28/2022', '2022-02-28', 11, 0, 11, 0, 0, 0, 0, 0, 0, '2/28/2022 0:00', 1, 0, 0, 0, 0, 0),
(1836, 51, '2/28/2022', '2022-02-28', 0, 0, 0, 0, 0, 0, 0, 0, 0, '2/28/2022 0:00', 1, 0, 0, 0, 0, 0),
(1837, 51, '2/28/2022', '2022-02-28', 0, 0, 0, 0, 0, 0, 0, 0, 0, '2/28/2022 0:00', 1, 0, 0, 0, 0, 0),
(1838, 52, '2/28/2022', '2022-02-28', 136, 0, 133, 0, 3, 0, 0, 0, 0, '2/28/2022 0:00', 1, 0, 0, 0, 0, 0),
(1839, 28, '2/28/2022', '2022-02-28', 0, 0, 0, 0, 0, 0, 0, 0, 0, '2/28/2022 0:00', 2, 0, 0, 0, 0, 0),
(1840, 33, '2/28/2022', '2022-02-28', 0, 0, 0, 0, 0, 0, 0, 0, 0, '2/28/2022 0:00', 2, 0, 0, 0, 0, 0),
(1841, 10, '2/28/2022', '2022-02-28', 0, 0, 0, 0, 0, 0, 0, 0, 0, '2/28/2022 0:00', 2, 0, 0, 0, 0, 0),
(1842, 10, '2/28/2022', '2022-02-28', 0, 0, 0, 0, 0, 0, 0, 0, 0, '2/28/2022 0:00', 2, 0, 0, 0, 0, 0),
(1843, 32, '2/28/2022', '2022-02-28', 63, 0, 63, 0, 0, 0, 0, 0, 0, '2/28/2022 0:00', 2, 0, 0, 0, 0, 0),
(1844, 31, '2/28/2022', '2022-02-28', 223, 0, 220, 2, 1, 0, 0, 0, 0, '2/28/2022 0:00', 2, 0, 0, 0, 0, 0),
(1845, 12, '2/28/2022', '2022-02-28', 0, 0, 0, 0, 0, 0, 0, 0, 0, '2/28/2022 0:00', 2, 0, 0, 0, 0, 0),
(1846, 35, '2/28/2022', '2022-02-28', 519, 0, 519, 0, 0, 0, 0, 0, 0, '2/28/2022 0:00', 2, 0, 0, 0, 0, 0),
(1847, 39, '2/28/2022', '2022-02-28', 247, 0, 247, 0, 0, 0, 0, 0, 0, '2/28/2022 0:00', 2, 0, 0, 0, 0, 0),
(1848, 40, '2/28/2022', '2022-02-28', 367, 0, 367, 0, 0, 0, 0, 0, 0, '2/28/2022 0:00', 2, 0, 0, 0, 0, 0),
(1849, 41, '2/28/2022', '2022-02-28', 646, 0, 646, 0, 0, 0, 0, 0, 0, '2/28/2022 0:00', 2, 0, 0, 0, 0, 0),
(1850, 37, '2/28/2022', '2022-02-28', 672, 0, 672, 0, 0, 0, 0, 0, 0, '2/28/2022 0:00', 2, 0, 0, 0, 0, 0),
(1851, 17, '2/28/2022', '2022-02-28', 839, 0, 838, 0, 1, 0, 0, 0, 0, '2/28/2022 0:00', 2, 0, 0, 0, 0, 0),
(1852, 38, '2/28/2022', '2022-02-28', 429, 0, 429, 0, 0, 0, 0, 0, 0, '2/28/2022 0:00', 2, 0, 0, 0, 0, 0),
(1853, 38, '2/28/2022', '2022-02-28', 0, 0, 0, 0, 0, 0, 0, 0, 0, '2/28/2022 0:00', 2, 0, 0, 0, 0, 0),
(1854, 43, '2/28/2022', '2022-02-28', 730, 0, 730, 0, 0, 0, 0, 0, 0, '2/28/2022 0:00', 2, 0, 0, 0, 0, 0),
(1855, 44, '2/28/2022', '2022-02-28', 196, 0, 196, 0, 0, 0, 0, 0, 0, '2/28/2022 0:00', 2, 0, 0, 0, 0, 0),
(1856, 45, '2/28/2022', '2022-02-28', 211, 0, 211, 0, 0, 0, 0, 0, 0, '2/28/2022 0:00', 2, 0, 0, 0, 0, 0),
(1857, 47, '2/28/2022', '2022-02-28', 353, 0, 343, 10, 0, 0, 0, 0, 0, '2/28/2022 0:00', 2, 0, 0, 0, 0, 0),
(1858, 48, '2/28/2022', '2022-02-28', 24, 0, 22, 0, 2, 0, 0, 0, 0, '2/28/2022 0:00', 2, 0, 0, 0, 0, 0),
(1859, 49, '2/28/2022', '2022-02-28', 0, 0, 0, 0, 0, 0, 0, 0, 0, '2/28/2022 0:00', 2, 0, 0, 0, 0, 0),
(1860, 50, '2/28/2022', '2022-02-28', 244, 0, 242, 2, 0, 0, 0, 0, 0, '2/28/2022 0:00', 2, 0, 0, 0, 0, 0),
(1861, 20, '2/28/2022', '2022-02-28', 0, 0, 0, 0, 0, 0, 0, 0, 0, '2/28/2022 0:00', 2, 0, 0, 0, 0, 0),
(1862, 51, '2/28/2022', '2022-02-28', 70, 0, 70, 0, 0, 0, 0, 0, 0, '2/28/2022 0:00', 2, 0, 0, 0, 0, 0),
(1863, 51, '2/28/2022', '2022-02-28', 0, 0, 0, 0, 0, 0, 0, 0, 0, '2/28/2022 0:00', 2, 0, 0, 0, 0, 0),
(1864, 52, '2/28/2022', '2022-02-28', 48, 0, 48, 0, 0, 0, 0, 0, 0, '2/28/2022 0:00', 2, 0, 0, 0, 0, 0),
(1865, 28, '2/28/2022', '2022-02-28', 2831, 0, 2822, 8, 1, 0, 0, 0, 0, '2/28/2022 0:00', 3, 0, 0, 0, 0, 0),
(1866, 33, '2/28/2022', '2022-02-28', 0, 0, 0, 0, 0, 0, 0, 0, 0, '2/28/2022 0:00', 3, 0, 0, 0, 0, 0),
(1867, 10, '2/28/2022', '2022-02-28', 911, 0, 909, 2, 0, 0, 0, 0, 0, '2/28/2022 0:00', 3, 0, 0, 0, 0, 0),
(1868, 10, '2/28/2022', '2022-02-28', 0, 0, 0, 0, 0, 0, 0, 0, 0, '2/28/2022 0:00', 3, 0, 0, 0, 0, 0),
(1869, 32, '2/28/2022', '2022-02-28', 0, 0, 0, 0, 0, 0, 0, 0, 0, '2/28/2022 0:00', 3, 0, 0, 0, 0, 0),
(1870, 31, '2/28/2022', '2022-02-28', 0, 0, 0, 0, 0, 0, 0, 0, 0, '2/28/2022 0:00', 3, 0, 0, 0, 0, 0),
(1871, 12, '2/28/2022', '2022-02-28', 246, 0, 246, 0, 0, 0, 0, 0, 0, '2/28/2022 0:00', 3, 0, 0, 0, 0, 0),
(1872, 35, '2/28/2022', '2022-02-28', 1368, 0, 1364, 3, 1, 0, 0, 0, 0, '2/28/2022 0:00', 3, 0, 0, 0, 0, 0),
(1873, 39, '2/28/2022', '2022-02-28', 195, 0, 194, 0, 1, 0, 0, 0, 0, '2/28/2022 0:00', 3, 0, 0, 0, 0, 0),
(1874, 40, '2/28/2022', '2022-02-28', 213, 0, 213, 0, 0, 0, 0, 0, 0, '2/28/2022 0:00', 3, 0, 0, 0, 0, 0),
(1875, 41, '2/28/2022', '2022-02-28', 306, 0, 306, 0, 0, 0, 0, 0, 0, '2/28/2022 0:00', 3, 0, 0, 0, 0, 0),
(1876, 37, '2/28/2022', '2022-02-28', 760, 0, 760, 0, 0, 0, 0, 0, 0, '2/28/2022 0:00', 3, 0, 0, 0, 0, 0),
(1877, 17, '2/28/2022', '2022-02-28', 444, 0, 443, 0, 1, 0, 0, 0, 0, '2/28/2022 0:00', 3, 0, 0, 0, 0, 0),
(1878, 38, '2/28/2022', '2022-02-28', 1092, 0, 1092, 0, 0, 0, 0, 0, 0, '2/28/2022 0:00', 3, 0, 0, 0, 0, 0),
(1879, 38, '2/28/2022', '2022-02-28', 0, 0, 0, 0, 0, 0, 0, 0, 0, '2/28/2022 0:00', 3, 0, 0, 0, 0, 0),
(1880, 43, '2/28/2022', '2022-02-28', 439, 0, 439, 0, 0, 0, 0, 0, 0, '2/28/2022 0:00', 3, 0, 0, 0, 0, 0),
(1881, 44, '2/28/2022', '2022-02-28', 180, 0, 172, 3, 5, 0, 0, 0, 0, '2/28/2022 0:00', 3, 0, 0, 0, 0, 0),
(1882, 45, '2/28/2022', '2022-02-28', 181, 0, 174, 0, 7, 0, 0, 0, 0, '2/28/2022 0:00', 3, 0, 0, 0, 0, 0),
(1883, 47, '2/28/2022', '2022-02-28', 215, 0, 213, 0, 2, 0, 0, 0, 0, '2/28/2022 0:00', 3, 0, 0, 0, 0, 0),
(1884, 48, '2/28/2022', '2022-02-28', 309, 0, 308, 0, 1, 0, 0, 0, 0, '2/28/2022 0:00', 3, 0, 0, 0, 0, 0),
(1885, 49, '2/28/2022', '2022-02-28', 0, 0, 0, 0, 0, 0, 0, 0, 0, '2/28/2022 0:00', 3, 0, 0, 0, 0, 0),
(1886, 50, '2/28/2022', '2022-02-28', 8, 0, 8, 0, 0, 0, 0, 0, 0, '2/28/2022 0:00', 3, 0, 0, 0, 0, 0),
(1887, 20, '2/28/2022', '2022-02-28', 101, 0, 97, 0, 4, 0, 0, 0, 0, '2/28/2022 0:00', 3, 0, 0, 0, 0, 0),
(1888, 51, '2/28/2022', '2022-02-28', 418, 0, 418, 0, 0, 0, 0, 0, 0, '2/28/2022 0:00', 3, 0, 0, 0, 0, 0),
(1889, 51, '2/28/2022', '2022-02-28', 0, 0, 0, 0, 0, 0, 0, 0, 0, '2/28/2022 0:00', 3, 0, 0, 0, 0, 0),
(1890, 52, '2/28/2022', '2022-02-28', 0, 0, 0, 0, 0, 0, 0, 0, 0, '2/28/2022 0:00', 3, 0, 0, 0, 0, 0),
(1891, 28, '3/1/2022', '2022-03-01', 15, 0, 0, 15, 0, 0, 0, 0, 0, '3/1/2022 0:00', 1, 0, 0, 0, 0, 0),
(1892, 33, '3/1/2022', '2022-03-01', 240, 0, 85, 113, 42, 0, 0, 0, 0, '3/1/2022 0:00', 1, 0, 0, 0, 0, 0),
(1893, 10, '3/1/2022', '2022-03-01', 0, 0, 0, 0, 0, 0, 0, 0, 0, '3/1/2022 0:00', 1, 0, 0, 0, 0, 0),
(1894, 10, '3/1/2022', '2022-03-01', 0, 0, 0, 0, 0, 0, 0, 0, 0, '3/1/2022 0:00', 1, 0, 0, 0, 0, 0),
(1895, 32, '3/1/2022', '2022-03-01', 419, 0, 419, 0, 0, 0, 0, 0, 0, '3/1/2022 0:00', 1, 0, 0, 0, 0, 0),
(1896, 31, '3/1/2022', '2022-03-01', 430, 0, 405, 25, 0, 0, 0, 0, 0, '3/1/2022 0:00', 1, 0, 0, 0, 0, 0),
(1897, 12, '3/1/2022', '2022-03-01', 0, 0, 0, 0, 0, 0, 0, 0, 0, '3/1/2022 0:00', 1, 0, 0, 0, 0, 0),
(1898, 35, '3/1/2022', '2022-03-01', 0, 0, 0, 0, 0, 0, 0, 0, 0, '3/1/2022 0:00', 1, 0, 0, 0, 0, 0),
(1899, 39, '3/1/2022', '2022-03-01', 252, 0, 252, 0, 0, 0, 0, 0, 0, '3/1/2022 0:00', 1, 0, 0, 0, 0, 0),
(1900, 40, '3/1/2022', '2022-03-01', 158, 0, 158, 0, 0, 0, 0, 0, 0, '3/1/2022 0:00', 1, 0, 0, 0, 0, 0),
(1901, 41, '3/1/2022', '2022-03-01', 221, 0, 221, 0, 0, 0, 0, 0, 0, '3/1/2022 0:00', 1, 0, 0, 0, 0, 0),
(1902, 37, '3/1/2022', '2022-03-01', 411, 0, 377, 0, 34, 0, 0, 0, 0, '3/1/2022 0:00', 1, 0, 0, 0, 0, 0),
(1903, 17, '3/1/2022', '2022-03-01', 514, 0, 511, 0, 3, 0, 0, 0, 0, '3/1/2022 0:00', 1, 0, 0, 0, 0, 0),
(1904, 38, '3/1/2022', '2022-03-01', 2, 0, 0, 0, 2, 0, 0, 0, 0, '3/1/2022 0:00', 1, 0, 0, 0, 0, 0),
(1905, 38, '3/1/2022', '2022-03-01', 450, 0, 450, 0, 0, 0, 0, 0, 0, '3/1/2022 0:00', 1, 0, 0, 0, 0, 0),
(1906, 43, '3/1/2022', '2022-03-01', 93, 0, 78, 0, 15, 0, 0, 0, 0, '3/1/2022 0:00', 1, 0, 0, 0, 0, 0),
(1907, 44, '3/1/2022', '2022-03-01', 20, 0, 20, 0, 0, 0, 0, 0, 0, '3/1/2022 0:00', 1, 0, 0, 0, 0, 0),
(1908, 45, '3/1/2022', '2022-03-01', 83, 0, 83, 0, 0, 0, 0, 0, 0, '3/1/2022 0:00', 1, 0, 0, 0, 0, 0),
(1909, 47, '3/1/2022', '2022-03-01', 503, 0, 483, 18, 2, 0, 0, 0, 0, '3/1/2022 0:00', 1, 0, 0, 0, 0, 0),
(1910, 48, '3/1/2022', '2022-03-01', 18, 0, 18, 0, 0, 0, 0, 0, 0, '3/1/2022 0:00', 1, 0, 0, 0, 0, 0),
(1911, 49, '3/1/2022', '2022-03-01', 215, 0, 189, 25, 1, 0, 0, 0, 0, '3/1/2022 0:00', 1, 0, 0, 0, 0, 0),
(1912, 50, '3/1/2022', '2022-03-01', 475, 0, 475, 0, 0, 0, 0, 0, 0, '3/1/2022 0:00', 1, 0, 0, 0, 0, 0),
(1913, 20, '3/1/2022', '2022-03-01', 11, 0, 11, 0, 0, 0, 0, 0, 0, '3/1/2022 0:00', 1, 0, 0, 0, 0, 0),
(1914, 51, '3/1/2022', '2022-03-01', 0, 0, 0, 0, 0, 0, 0, 0, 0, '3/1/2022 0:00', 1, 0, 0, 0, 0, 0),
(1915, 51, '3/1/2022', '2022-03-01', 0, 0, 0, 0, 0, 0, 0, 0, 0, '3/1/2022 0:00', 1, 0, 0, 0, 0, 0),
(1916, 52, '3/1/2022', '2022-03-01', 136, 0, 133, 0, 3, 0, 0, 0, 0, '3/1/2022 0:00', 1, 0, 0, 0, 0, 0),
(1917, 28, '3/1/2022', '2022-03-01', 381, 0, 375, 6, 0, 0, 0, 0, 0, '3/1/2022 0:00', 2, 0, 0, 0, 0, 0),
(1918, 33, '3/1/2022', '2022-03-01', 0, 0, 0, 0, 0, 0, 0, 0, 0, '3/1/2022 0:00', 2, 0, 0, 0, 0, 0),
(1919, 10, '3/1/2022', '2022-03-01', 0, 0, 0, 0, 0, 0, 0, 0, 0, '3/1/2022 0:00', 2, 0, 0, 0, 0, 0),
(1920, 10, '3/1/2022', '2022-03-01', 0, 0, 0, 0, 0, 0, 0, 0, 0, '3/1/2022 0:00', 2, 0, 0, 0, 0, 0),
(1921, 32, '3/1/2022', '2022-03-01', 192, 0, 192, 0, 0, 0, 0, 0, 0, '3/1/2022 0:00', 2, 0, 0, 0, 0, 0),
(1922, 31, '3/1/2022', '2022-03-01', 223, 0, 220, 2, 1, 0, 0, 0, 0, '3/1/2022 0:00', 2, 0, 0, 0, 0, 0),
(1923, 12, '3/1/2022', '2022-03-01', 0, 0, 0, 0, 0, 0, 0, 0, 0, '3/1/2022 0:00', 2, 0, 0, 0, 0, 0),
(1924, 35, '3/1/2022', '2022-03-01', 519, 0, 519, 0, 0, 0, 0, 0, 0, '3/1/2022 0:00', 2, 0, 0, 0, 0, 0),
(1925, 39, '3/1/2022', '2022-03-01', 247, 0, 247, 0, 0, 0, 0, 0, 0, '3/1/2022 0:00', 2, 0, 0, 0, 0, 0),
(1926, 40, '3/1/2022', '2022-03-01', 367, 0, 367, 0, 0, 0, 0, 0, 0, '3/1/2022 0:00', 2, 0, 0, 0, 0, 0),
(1927, 41, '3/1/2022', '2022-03-01', 646, 0, 646, 0, 0, 0, 0, 0, 0, '3/1/2022 0:00', 2, 0, 0, 0, 0, 0),
(1928, 37, '3/1/2022', '2022-03-01', 672, 0, 672, 0, 0, 0, 0, 0, 0, '3/1/2022 0:00', 2, 0, 0, 0, 0, 0),
(1929, 17, '3/1/2022', '2022-03-01', 839, 0, 838, 0, 1, 0, 0, 0, 0, '3/1/2022 0:00', 2, 0, 0, 0, 0, 0),
(1930, 38, '3/1/2022', '2022-03-01', 429, 0, 429, 0, 0, 0, 0, 0, 0, '3/1/2022 0:00', 2, 0, 0, 0, 0, 0),
(1931, 38, '3/1/2022', '2022-03-01', 0, 0, 0, 0, 0, 0, 0, 0, 0, '3/1/2022 0:00', 2, 0, 0, 0, 0, 0),
(1932, 43, '3/1/2022', '2022-03-01', 730, 0, 730, 0, 0, 0, 0, 0, 0, '3/1/2022 0:00', 2, 0, 0, 0, 0, 0),
(1933, 44, '3/1/2022', '2022-03-01', 196, 0, 196, 0, 0, 0, 0, 0, 0, '3/1/2022 0:00', 2, 0, 0, 0, 0, 0),
(1934, 45, '3/1/2022', '2022-03-01', 211, 0, 211, 0, 0, 0, 0, 0, 0, '3/1/2022 0:00', 2, 0, 0, 0, 0, 0),
(1935, 47, '3/1/2022', '2022-03-01', 353, 0, 352, 1, 0, 0, 0, 0, 0, '3/1/2022 0:00', 2, 0, 0, 0, 0, 0),
(1936, 48, '3/1/2022', '2022-03-01', 24, 0, 22, 0, 2, 0, 0, 0, 0, '3/1/2022 0:00', 2, 0, 0, 0, 0, 0),
(1937, 49, '3/1/2022', '2022-03-01', 0, 0, 0, 0, 0, 0, 0, 0, 0, '3/1/2022 0:00', 2, 0, 0, 0, 0, 0),
(1938, 50, '3/1/2022', '2022-03-01', 244, 0, 242, 2, 0, 0, 0, 0, 0, '3/1/2022 0:00', 2, 0, 0, 0, 0, 0),
(1939, 20, '3/1/2022', '2022-03-01', 0, 0, 0, 0, 0, 0, 0, 0, 0, '3/1/2022 0:00', 2, 0, 0, 0, 0, 0),
(1940, 51, '3/1/2022', '2022-03-01', 70, 0, 70, 0, 0, 0, 0, 0, 0, '3/1/2022 0:00', 2, 0, 0, 0, 0, 0),
(1941, 51, '3/1/2022', '2022-03-01', 0, 0, 0, 0, 0, 0, 0, 0, 0, '3/1/2022 0:00', 2, 0, 0, 0, 0, 0),
(1942, 52, '3/1/2022', '2022-03-01', 48, 0, 48, 0, 0, 0, 0, 0, 0, '3/1/2022 0:00', 2, 0, 0, 0, 0, 0),
(1943, 28, '3/1/2022', '2022-03-01', 2451, 0, 2448, 3, 0, 0, 0, 0, 0, '3/1/2022 0:00', 3, 0, 0, 0, 0, 0),
(1944, 33, '3/1/2022', '2022-03-01', 0, 0, 0, 0, 0, 0, 0, 0, 0, '3/1/2022 0:00', 3, 0, 0, 0, 0, 0),
(1945, 10, '3/1/2022', '2022-03-01', 911, 0, 910, 1, 0, 0, 0, 0, 0, '3/1/2022 0:00', 3, 0, 0, 0, 0, 0),
(1946, 10, '3/1/2022', '2022-03-01', 0, 0, 0, 0, 0, 0, 0, 0, 0, '3/1/2022 0:00', 3, 0, 0, 0, 0, 0),
(1947, 32, '3/1/2022', '2022-03-01', 0, 0, 0, 0, 0, 0, 0, 0, 0, '3/1/2022 0:00', 3, 0, 0, 0, 0, 0),
(1948, 31, '3/1/2022', '2022-03-01', 0, 0, 0, 0, 0, 0, 0, 0, 0, '3/1/2022 0:00', 3, 0, 0, 0, 0, 0),
(1949, 12, '3/1/2022', '2022-03-01', 246, 0, 246, 0, 0, 0, 0, 0, 0, '3/1/2022 0:00', 3, 0, 0, 0, 0, 0),
(1950, 35, '3/1/2022', '2022-03-01', 1368, 0, 1364, 3, 1, 0, 0, 0, 0, '3/1/2022 0:00', 3, 0, 0, 0, 0, 0),
(1951, 39, '3/1/2022', '2022-03-01', 195, 0, 194, 0, 1, 0, 0, 0, 0, '3/1/2022 0:00', 3, 0, 0, 0, 0, 0),
(1952, 40, '3/1/2022', '2022-03-01', 213, 0, 213, 0, 0, 0, 0, 0, 0, '3/1/2022 0:00', 3, 0, 0, 0, 0, 0),
(1953, 41, '3/1/2022', '2022-03-01', 306, 0, 306, 0, 0, 0, 0, 0, 0, '3/1/2022 0:00', 3, 0, 0, 0, 0, 0),
(1954, 37, '3/1/2022', '2022-03-01', 760, 0, 760, 0, 0, 0, 0, 0, 0, '3/1/2022 0:00', 3, 0, 0, 0, 0, 0),
(1955, 17, '3/1/2022', '2022-03-01', 444, 0, 443, 0, 1, 0, 0, 0, 0, '3/1/2022 0:00', 3, 0, 0, 0, 0, 0),
(1956, 38, '3/1/2022', '2022-03-01', 1092, 0, 1092, 0, 0, 0, 0, 0, 0, '3/1/2022 0:00', 3, 0, 0, 0, 0, 0),
(1957, 38, '3/1/2022', '2022-03-01', 0, 0, 0, 0, 0, 0, 0, 0, 0, '3/1/2022 0:00', 3, 0, 0, 0, 0, 0),
(1958, 43, '3/1/2022', '2022-03-01', 439, 0, 439, 0, 0, 0, 0, 0, 0, '3/1/2022 0:00', 3, 0, 0, 0, 0, 0),
(1959, 44, '3/1/2022', '2022-03-01', 180, 0, 177, 3, 0, 0, 0, 0, 0, '3/1/2022 0:00', 3, 0, 0, 0, 0, 0),
(1960, 45, '3/1/2022', '2022-03-01', 181, 0, 174, 0, 7, 0, 0, 0, 0, '3/1/2022 0:00', 3, 0, 0, 0, 0, 0),
(1961, 47, '3/1/2022', '2022-03-01', 213, 0, 212, 0, 1, 0, 0, 0, 0, '3/1/2022 0:00', 3, 0, 0, 0, 0, 0),
(1962, 48, '3/1/2022', '2022-03-01', 309, 0, 308, 0, 1, 0, 0, 0, 0, '3/1/2022 0:00', 3, 0, 0, 0, 0, 0),
(1963, 49, '3/1/2022', '2022-03-01', 0, 0, 0, 0, 0, 0, 0, 0, 0, '3/1/2022 0:00', 3, 0, 0, 0, 0, 0),
(1964, 50, '3/1/2022', '2022-03-01', 8, 0, 8, 0, 0, 0, 0, 0, 0, '3/1/2022 0:00', 3, 0, 0, 0, 0, 0),
(1965, 20, '3/1/2022', '2022-03-01', 101, 0, 97, 0, 4, 0, 0, 0, 0, '3/1/2022 0:00', 3, 0, 0, 0, 0, 0),
(1966, 51, '3/1/2022', '2022-03-01', 418, 0, 418, 0, 0, 0, 0, 0, 0, '3/1/2022 0:00', 3, 0, 0, 0, 0, 0),
(1967, 51, '3/1/2022', '2022-03-01', 0, 0, 0, 0, 0, 0, 0, 0, 0, '3/1/2022 0:00', 3, 0, 0, 0, 0, 0),
(1968, 52, '3/1/2022', '2022-03-01', 0, 0, 0, 0, 0, 0, 0, 0, 0, '3/1/2022 0:00', 3, 0, 0, 0, 0, 0),
(1969, 28, '3/2/2022', '2022-03-02', 15, 0, 0, 15, 0, 0, 0, 0, 0, '3/2/2022 0:00', 1, 0, 0, 0, 0, 0),
(1970, 33, '3/2/2022', '2022-03-02', 155, 0, 0, 116, 39, 0, 0, 0, 0, '3/2/2022 0:00', 1, 0, 0, 0, 0, 0);
INSERT INTO `trx_absensi` (`id`, `id_kampus`, `tgl_absensi_text`, `tgl_absensi`, `jumlah_taruna`, `jumlah_taruna_wanita`, `pria_sehat`, `pria_covid`, `pria_ijin`, `wanita_sehat`, `wanita_covid`, `wanita_ijin`, `uid`, `created_date`, `id_lokasi`, `vaksin1`, `vaksin2`, `vaksin_lain`, `manual_taruna`, `manual_taruni`) VALUES
(1971, 10, '3/2/2022', '2022-03-02', 0, 0, 0, 0, 0, 0, 0, 0, 0, '3/2/2022 0:00', 1, 0, 0, 0, 0, 0),
(1972, 10, '3/2/2022', '2022-03-02', 0, 0, 0, 0, 0, 0, 0, 0, 0, '3/2/2022 0:00', 1, 0, 0, 0, 0, 0),
(1973, 32, '3/2/2022', '2022-03-02', 419, 0, 419, 0, 0, 0, 0, 0, 0, '3/2/2022 0:00', 1, 0, 0, 0, 0, 0),
(1974, 31, '3/2/2022', '2022-03-02', 430, 0, 399, 31, 0, 0, 0, 0, 0, '3/2/2022 0:00', 1, 0, 0, 0, 0, 0),
(1975, 12, '3/2/2022', '2022-03-02', 0, 0, 0, 0, 0, 0, 0, 0, 0, '3/2/2022 0:00', 1, 0, 0, 0, 0, 0),
(1976, 35, '3/2/2022', '2022-03-02', 0, 0, 0, 0, 0, 0, 0, 0, 0, '3/2/2022 0:00', 1, 0, 0, 0, 0, 0),
(1977, 39, '3/2/2022', '2022-03-02', 252, 0, 252, 0, 0, 0, 0, 0, 0, '3/2/2022 0:00', 1, 0, 0, 0, 0, 0),
(1978, 40, '3/2/2022', '2022-03-02', 158, 0, 158, 0, 0, 0, 0, 0, 0, '3/2/2022 0:00', 1, 0, 0, 0, 0, 0),
(1979, 41, '3/2/2022', '2022-03-02', 221, 0, 221, 0, 0, 0, 0, 0, 0, '3/2/2022 0:00', 1, 0, 0, 0, 0, 0),
(1980, 37, '3/2/2022', '2022-03-02', 411, 0, 377, 0, 34, 0, 0, 0, 0, '3/2/2022 0:00', 1, 0, 0, 0, 0, 0),
(1981, 17, '3/2/2022', '2022-03-02', 514, 0, 511, 0, 3, 0, 0, 0, 0, '3/2/2022 0:00', 1, 0, 0, 0, 0, 0),
(1982, 38, '3/2/2022', '2022-03-02', 1, 0, 0, 0, 1, 0, 0, 0, 0, '3/2/2022 0:00', 1, 0, 0, 0, 0, 0),
(1983, 38, '3/2/2022', '2022-03-02', 451, 0, 451, 0, 0, 0, 0, 0, 0, '3/2/2022 0:00', 1, 0, 0, 0, 0, 0),
(1984, 43, '3/2/2022', '2022-03-02', 90, 0, 78, 0, 12, 0, 0, 0, 0, '3/2/2022 0:00', 1, 0, 0, 0, 0, 0),
(1985, 44, '3/2/2022', '2022-03-02', 20, 0, 20, 0, 0, 0, 0, 0, 0, '3/2/2022 0:00', 1, 0, 0, 0, 0, 0),
(1986, 45, '3/2/2022', '2022-03-02', 83, 0, 83, 0, 0, 0, 0, 0, 0, '3/2/2022 0:00', 1, 0, 0, 0, 0, 0),
(1987, 47, '3/2/2022', '2022-03-02', 503, 0, 489, 13, 1, 0, 0, 0, 0, '3/2/2022 0:00', 1, 0, 0, 0, 0, 0),
(1988, 48, '3/2/2022', '2022-03-02', 18, 0, 18, 0, 0, 0, 0, 0, 0, '3/2/2022 0:00', 1, 0, 0, 0, 0, 0),
(1989, 49, '3/2/2022', '2022-03-02', 215, 0, 189, 25, 1, 0, 0, 0, 0, '3/2/2022 0:00', 1, 0, 0, 0, 0, 0),
(1990, 50, '3/2/2022', '2022-03-02', 475, 0, 475, 0, 0, 0, 0, 0, 0, '3/2/2022 0:00', 1, 0, 0, 0, 0, 0),
(1991, 20, '3/2/2022', '2022-03-02', 14, 0, 14, 0, 0, 0, 0, 0, 0, '3/2/2022 0:00', 1, 0, 0, 0, 0, 0),
(1992, 51, '3/2/2022', '2022-03-02', 0, 0, 0, 0, 0, 0, 0, 0, 0, '3/2/2022 0:00', 1, 0, 0, 0, 0, 0),
(1993, 51, '3/2/2022', '2022-03-02', 0, 0, 0, 0, 0, 0, 0, 0, 0, '3/2/2022 0:00', 1, 0, 0, 0, 0, 0),
(1994, 52, '3/2/2022', '2022-03-02', 136, 0, 133, 0, 3, 0, 0, 0, 0, '3/2/2022 0:00', 1, 0, 0, 0, 0, 0),
(1995, 28, '3/2/2022', '2022-03-02', 381, 0, 375, 6, 0, 0, 0, 0, 0, '3/2/2022 0:00', 2, 0, 0, 0, 0, 0),
(1996, 33, '3/2/2022', '2022-03-02', 0, 0, 0, 0, 0, 0, 0, 0, 0, '3/2/2022 0:00', 2, 0, 0, 0, 0, 0),
(1997, 10, '3/2/2022', '2022-03-02', 0, 0, 0, 0, 0, 0, 0, 0, 0, '3/2/2022 0:00', 2, 0, 0, 0, 0, 0),
(1998, 10, '3/2/2022', '2022-03-02', 0, 0, 0, 0, 0, 0, 0, 0, 0, '3/2/2022 0:00', 2, 0, 0, 0, 0, 0),
(1999, 32, '3/2/2022', '2022-03-02', 192, 0, 192, 0, 0, 0, 0, 0, 0, '3/2/2022 0:00', 2, 0, 0, 0, 0, 0),
(2000, 31, '3/2/2022', '2022-03-02', 223, 0, 220, 2, 1, 0, 0, 0, 0, '3/2/2022 0:00', 2, 0, 0, 0, 0, 0),
(2001, 12, '3/2/2022', '2022-03-02', 0, 0, 0, 0, 0, 0, 0, 0, 0, '3/2/2022 0:00', 2, 0, 0, 0, 0, 0),
(2002, 35, '3/2/2022', '2022-03-02', 519, 0, 519, 0, 0, 0, 0, 0, 0, '3/2/2022 0:00', 2, 0, 0, 0, 0, 0),
(2003, 39, '3/2/2022', '2022-03-02', 247, 0, 247, 0, 0, 0, 0, 0, 0, '3/2/2022 0:00', 2, 0, 0, 0, 0, 0),
(2004, 40, '3/2/2022', '2022-03-02', 367, 0, 367, 0, 0, 0, 0, 0, 0, '3/2/2022 0:00', 2, 0, 0, 0, 0, 0),
(2005, 41, '3/2/2022', '2022-03-02', 646, 0, 646, 0, 0, 0, 0, 0, 0, '3/2/2022 0:00', 2, 0, 0, 0, 0, 0),
(2006, 37, '3/2/2022', '2022-03-02', 672, 0, 672, 0, 0, 0, 0, 0, 0, '3/2/2022 0:00', 2, 0, 0, 0, 0, 0),
(2007, 17, '3/2/2022', '2022-03-02', 839, 0, 838, 0, 1, 0, 0, 0, 0, '3/2/2022 0:00', 2, 0, 0, 0, 0, 0),
(2008, 38, '3/2/2022', '2022-03-02', 429, 0, 429, 0, 0, 0, 0, 0, 0, '3/2/2022 0:00', 2, 0, 0, 0, 0, 0),
(2009, 38, '3/2/2022', '2022-03-02', 0, 0, 0, 0, 0, 0, 0, 0, 0, '3/2/2022 0:00', 2, 0, 0, 0, 0, 0),
(2010, 43, '3/2/2022', '2022-03-02', 730, 0, 730, 0, 0, 0, 0, 0, 0, '3/2/2022 0:00', 2, 0, 0, 0, 0, 0),
(2011, 44, '3/2/2022', '2022-03-02', 196, 0, 196, 0, 0, 0, 0, 0, 0, '3/2/2022 0:00', 2, 0, 0, 0, 0, 0),
(2012, 45, '3/2/2022', '2022-03-02', 211, 0, 211, 0, 0, 0, 0, 0, 0, '3/2/2022 0:00', 2, 0, 0, 0, 0, 0),
(2013, 47, '3/2/2022', '2022-03-02', 353, 0, 352, 1, 0, 0, 0, 0, 0, '3/2/2022 0:00', 2, 0, 0, 0, 0, 0),
(2014, 48, '3/2/2022', '2022-03-02', 24, 0, 22, 0, 2, 0, 0, 0, 0, '3/2/2022 0:00', 2, 0, 0, 0, 0, 0),
(2015, 49, '3/2/2022', '2022-03-02', 0, 0, 0, 0, 0, 0, 0, 0, 0, '3/2/2022 0:00', 2, 0, 0, 0, 0, 0),
(2016, 50, '3/2/2022', '2022-03-02', 244, 0, 242, 2, 0, 0, 0, 0, 0, '3/2/2022 0:00', 2, 0, 0, 0, 0, 0),
(2017, 20, '3/2/2022', '2022-03-02', 0, 0, 0, 0, 0, 0, 0, 0, 0, '3/2/2022 0:00', 2, 0, 0, 0, 0, 0),
(2018, 51, '3/2/2022', '2022-03-02', 70, 0, 70, 0, 0, 0, 0, 0, 0, '3/2/2022 0:00', 2, 0, 0, 0, 0, 0),
(2019, 51, '3/2/2022', '2022-03-02', 0, 0, 0, 0, 0, 0, 0, 0, 0, '3/2/2022 0:00', 2, 0, 0, 0, 0, 0),
(2020, 52, '3/2/2022', '2022-03-02', 48, 0, 48, 0, 0, 0, 0, 0, 0, '3/2/2022 0:00', 2, 0, 0, 0, 0, 0),
(2021, 28, '3/2/2022', '2022-03-02', 2451, 0, 2449, 1, 1, 0, 0, 0, 0, '3/2/2022 0:00', 3, 0, 0, 0, 0, 0),
(2022, 33, '3/2/2022', '2022-03-02', 85, 0, 85, 0, 0, 0, 0, 0, 0, '3/2/2022 0:00', 3, 0, 0, 0, 0, 0),
(2023, 10, '3/2/2022', '2022-03-02', 911, 0, 910, 1, 0, 0, 0, 0, 0, '3/2/2022 0:00', 3, 0, 0, 0, 0, 0),
(2024, 10, '3/2/2022', '2022-03-02', 0, 0, 0, 0, 0, 0, 0, 0, 0, '3/2/2022 0:00', 3, 0, 0, 0, 0, 0),
(2025, 32, '3/2/2022', '2022-03-02', 0, 0, 0, 0, 0, 0, 0, 0, 0, '3/2/2022 0:00', 3, 0, 0, 0, 0, 0),
(2026, 31, '3/2/2022', '2022-03-02', 0, 0, 0, 0, 0, 0, 0, 0, 0, '3/2/2022 0:00', 3, 0, 0, 0, 0, 0),
(2027, 12, '3/2/2022', '2022-03-02', 246, 0, 246, 0, 0, 0, 0, 0, 0, '3/2/2022 0:00', 3, 0, 0, 0, 0, 0),
(2028, 35, '3/2/2022', '2022-03-02', 1368, 0, 1364, 3, 1, 0, 0, 0, 0, '3/2/2022 0:00', 3, 0, 0, 0, 0, 0),
(2029, 39, '3/2/2022', '2022-03-02', 195, 0, 194, 0, 1, 0, 0, 0, 0, '3/2/2022 0:00', 3, 0, 0, 0, 0, 0),
(2030, 40, '3/2/2022', '2022-03-02', 213, 0, 213, 0, 0, 0, 0, 0, 0, '3/2/2022 0:00', 3, 0, 0, 0, 0, 0),
(2031, 41, '3/2/2022', '2022-03-02', 306, 0, 306, 0, 0, 0, 0, 0, 0, '3/2/2022 0:00', 3, 0, 0, 0, 0, 0),
(2032, 37, '3/2/2022', '2022-03-02', 760, 0, 760, 0, 0, 0, 0, 0, 0, '3/2/2022 0:00', 3, 0, 0, 0, 0, 0),
(2033, 17, '3/2/2022', '2022-03-02', 444, 0, 443, 0, 1, 0, 0, 0, 0, '3/2/2022 0:00', 3, 0, 0, 0, 0, 0),
(2034, 38, '3/2/2022', '2022-03-02', 1092, 0, 1092, 0, 0, 0, 0, 0, 0, '3/2/2022 0:00', 3, 0, 0, 0, 0, 0),
(2035, 38, '3/2/2022', '2022-03-02', 0, 0, 0, 0, 0, 0, 0, 0, 0, '3/2/2022 0:00', 3, 0, 0, 0, 0, 0),
(2036, 43, '3/2/2022', '2022-03-02', 442, 0, 442, 0, 0, 0, 0, 0, 0, '3/2/2022 0:00', 3, 0, 0, 0, 0, 0),
(2037, 44, '3/2/2022', '2022-03-02', 180, 0, 177, 3, 0, 0, 0, 0, 0, '3/2/2022 0:00', 3, 0, 0, 0, 0, 0),
(2038, 45, '3/2/2022', '2022-03-02', 181, 0, 174, 0, 7, 0, 0, 0, 0, '3/2/2022 0:00', 3, 0, 0, 0, 0, 0),
(2039, 47, '3/2/2022', '2022-03-02', 213, 0, 212, 0, 1, 0, 0, 0, 0, '3/2/2022 0:00', 3, 0, 0, 0, 0, 0),
(2040, 48, '3/2/2022', '2022-03-02', 309, 0, 308, 0, 1, 0, 0, 0, 0, '3/2/2022 0:00', 3, 0, 0, 0, 0, 0),
(2041, 49, '3/2/2022', '2022-03-02', 0, 0, 0, 0, 0, 0, 0, 0, 0, '3/2/2022 0:00', 3, 0, 0, 0, 0, 0),
(2042, 50, '3/2/2022', '2022-03-02', 8, 0, 8, 0, 0, 0, 0, 0, 0, '3/2/2022 0:00', 3, 0, 0, 0, 0, 0),
(2043, 20, '3/2/2022', '2022-03-02', 98, 0, 94, 0, 4, 0, 0, 0, 0, '3/2/2022 0:00', 3, 0, 0, 0, 0, 0),
(2044, 51, '3/2/2022', '2022-03-02', 418, 0, 418, 0, 0, 0, 0, 0, 0, '3/2/2022 0:00', 3, 0, 0, 0, 0, 0),
(2045, 51, '3/2/2022', '2022-03-02', 0, 0, 0, 0, 0, 0, 0, 0, 0, '3/2/2022 0:00', 3, 0, 0, 0, 0, 0),
(2046, 52, '3/2/2022', '2022-03-02', 0, 0, 0, 0, 0, 0, 0, 0, 0, '3/2/2022 0:00', 3, 0, 0, 0, 0, 0),
(2047, 28, '3/3/2022', '2022-03-03', 1, 0, 0, 1, 0, 0, 0, 0, 0, '3/3/2022 0:00', 1, 0, 0, 0, 0, 0),
(2048, 33, '3/3/2022', '2022-03-03', 155, 0, 0, 116, 39, 0, 0, 0, 0, '3/3/2022 0:00', 1, 0, 0, 0, 0, 0),
(2049, 10, '3/3/2022', '2022-03-03', 0, 0, 0, 0, 0, 0, 0, 0, 0, '3/3/2022 0:00', 1, 0, 0, 0, 0, 0),
(2050, 10, '3/3/2022', '2022-03-03', 0, 0, 0, 0, 0, 0, 0, 0, 0, '3/3/2022 0:00', 1, 0, 0, 0, 0, 0),
(2051, 32, '3/3/2022', '2022-03-03', 419, 0, 419, 0, 0, 0, 0, 0, 0, '3/3/2022 0:00', 1, 0, 0, 0, 0, 0),
(2052, 31, '3/3/2022', '2022-03-03', 430, 0, 396, 33, 1, 0, 0, 0, 0, '3/3/2022 0:00', 1, 0, 0, 0, 0, 0),
(2053, 12, '3/3/2022', '2022-03-03', 0, 0, 0, 0, 0, 0, 0, 0, 0, '3/3/2022 0:00', 1, 0, 0, 0, 0, 0),
(2054, 35, '3/3/2022', '2022-03-03', 0, 0, 0, 0, 0, 0, 0, 0, 0, '3/3/2022 0:00', 1, 0, 0, 0, 0, 0),
(2055, 39, '3/3/2022', '2022-03-03', 252, 0, 252, 0, 0, 0, 0, 0, 0, '3/3/2022 0:00', 1, 0, 0, 0, 0, 0),
(2056, 40, '3/3/2022', '2022-03-03', 158, 0, 158, 0, 0, 0, 0, 0, 0, '3/3/2022 0:00', 1, 0, 0, 0, 0, 0),
(2057, 41, '3/3/2022', '2022-03-03', 221, 0, 221, 0, 0, 0, 0, 0, 0, '3/3/2022 0:00', 1, 0, 0, 0, 0, 0),
(2058, 37, '3/3/2022', '2022-03-03', 411, 0, 377, 0, 34, 0, 0, 0, 0, '3/3/2022 0:00', 1, 0, 0, 0, 0, 0),
(2059, 17, '3/3/2022', '2022-03-03', 514, 0, 511, 0, 3, 0, 0, 0, 0, '3/3/2022 0:00', 1, 0, 0, 0, 0, 0),
(2060, 38, '3/3/2022', '2022-03-03', 0, 0, 0, 0, 0, 0, 0, 0, 0, '3/3/2022 0:00', 1, 0, 0, 0, 0, 0),
(2061, 38, '3/3/2022', '2022-03-03', 452, 0, 452, 0, 0, 0, 0, 0, 0, '3/3/2022 0:00', 1, 0, 0, 0, 0, 0),
(2062, 43, '3/3/2022', '2022-03-03', 90, 0, 78, 0, 12, 0, 0, 0, 0, '3/3/2022 0:00', 1, 0, 0, 0, 0, 0),
(2063, 44, '3/3/2022', '2022-03-03', 20, 0, 20, 0, 0, 0, 0, 0, 0, '3/3/2022 0:00', 1, 0, 0, 0, 0, 0),
(2064, 45, '3/3/2022', '2022-03-03', 83, 0, 83, 0, 0, 0, 0, 0, 0, '3/3/2022 0:00', 1, 0, 0, 0, 0, 0),
(2065, 47, '3/3/2022', '2022-03-03', 503, 0, 489, 13, 1, 0, 0, 0, 0, '3/3/2022 0:00', 1, 0, 0, 0, 0, 0),
(2066, 48, '3/3/2022', '2022-03-03', 18, 0, 18, 0, 0, 0, 0, 0, 0, '3/3/2022 0:00', 1, 0, 0, 0, 0, 0),
(2067, 49, '3/3/2022', '2022-03-03', 215, 0, 199, 15, 1, 0, 0, 0, 0, '3/3/2022 0:00', 1, 0, 0, 0, 0, 0),
(2068, 50, '3/3/2022', '2022-03-03', 475, 0, 475, 0, 0, 0, 0, 0, 0, '3/3/2022 0:00', 1, 0, 0, 0, 0, 0),
(2069, 20, '3/3/2022', '2022-03-03', 14, 0, 14, 0, 0, 0, 0, 0, 0, '3/3/2022 0:00', 1, 0, 0, 0, 0, 0),
(2070, 51, '3/3/2022', '2022-03-03', 0, 0, 0, 0, 0, 0, 0, 0, 0, '3/3/2022 0:00', 1, 0, 0, 0, 0, 0),
(2071, 51, '3/3/2022', '2022-03-03', 0, 0, 0, 0, 0, 0, 0, 0, 0, '3/3/2022 0:00', 1, 0, 0, 0, 0, 0),
(2072, 52, '3/3/2022', '2022-03-03', 136, 0, 133, 0, 3, 0, 0, 0, 0, '3/3/2022 0:00', 1, 0, 0, 0, 0, 0),
(2073, 28, '3/3/2022', '2022-03-03', 476, 0, 470, 6, 0, 0, 0, 0, 0, '3/3/2022 0:00', 2, 0, 0, 0, 0, 0),
(2074, 33, '3/3/2022', '2022-03-03', 0, 0, 0, 0, 0, 0, 0, 0, 0, '3/3/2022 0:00', 2, 0, 0, 0, 0, 0),
(2075, 10, '3/3/2022', '2022-03-03', 0, 0, 0, 0, 0, 0, 0, 0, 0, '3/3/2022 0:00', 2, 0, 0, 0, 0, 0),
(2076, 10, '3/3/2022', '2022-03-03', 0, 0, 0, 0, 0, 0, 0, 0, 0, '3/3/2022 0:00', 2, 0, 0, 0, 0, 0),
(2077, 32, '3/3/2022', '2022-03-03', 192, 0, 192, 0, 0, 0, 0, 0, 0, '3/3/2022 0:00', 2, 0, 0, 0, 0, 0),
(2078, 31, '3/3/2022', '2022-03-03', 223, 0, 220, 2, 1, 0, 0, 0, 0, '3/3/2022 0:00', 2, 0, 0, 0, 0, 0),
(2079, 12, '3/3/2022', '2022-03-03', 0, 0, 0, 0, 0, 0, 0, 0, 0, '3/3/2022 0:00', 2, 0, 0, 0, 0, 0),
(2080, 35, '3/3/2022', '2022-03-03', 519, 0, 519, 0, 0, 0, 0, 0, 0, '3/3/2022 0:00', 2, 0, 0, 0, 0, 0),
(2081, 39, '3/3/2022', '2022-03-03', 247, 0, 247, 0, 0, 0, 0, 0, 0, '3/3/2022 0:00', 2, 0, 0, 0, 0, 0),
(2082, 40, '3/3/2022', '2022-03-03', 367, 0, 367, 0, 0, 0, 0, 0, 0, '3/3/2022 0:00', 2, 0, 0, 0, 0, 0),
(2083, 41, '3/3/2022', '2022-03-03', 646, 0, 646, 0, 0, 0, 0, 0, 0, '3/3/2022 0:00', 2, 0, 0, 0, 0, 0),
(2084, 37, '3/3/2022', '2022-03-03', 672, 0, 672, 0, 0, 0, 0, 0, 0, '3/3/2022 0:00', 2, 0, 0, 0, 0, 0),
(2085, 17, '3/3/2022', '2022-03-03', 839, 0, 838, 0, 1, 0, 0, 0, 0, '3/3/2022 0:00', 2, 0, 0, 0, 0, 0),
(2086, 38, '3/3/2022', '2022-03-03', 429, 0, 429, 0, 0, 0, 0, 0, 0, '3/3/2022 0:00', 2, 0, 0, 0, 0, 0),
(2087, 38, '3/3/2022', '2022-03-03', 0, 0, 0, 0, 0, 0, 0, 0, 0, '3/3/2022 0:00', 2, 0, 0, 0, 0, 0),
(2088, 43, '3/3/2022', '2022-03-03', 730, 0, 730, 0, 0, 0, 0, 0, 0, '3/3/2022 0:00', 2, 0, 0, 0, 0, 0),
(2089, 44, '3/3/2022', '2022-03-03', 196, 0, 196, 0, 0, 0, 0, 0, 0, '3/3/2022 0:00', 2, 0, 0, 0, 0, 0),
(2090, 45, '3/3/2022', '2022-03-03', 211, 0, 211, 0, 0, 0, 0, 0, 0, '3/3/2022 0:00', 2, 0, 0, 0, 0, 0),
(2091, 47, '3/3/2022', '2022-03-03', 353, 0, 352, 1, 0, 0, 0, 0, 0, '3/3/2022 0:00', 2, 0, 0, 0, 0, 0),
(2092, 48, '3/3/2022', '2022-03-03', 24, 0, 22, 0, 2, 0, 0, 0, 0, '3/3/2022 0:00', 2, 0, 0, 0, 0, 0),
(2093, 49, '3/3/2022', '2022-03-03', 0, 0, 0, 0, 0, 0, 0, 0, 0, '3/3/2022 0:00', 2, 0, 0, 0, 0, 0),
(2094, 50, '3/3/2022', '2022-03-03', 244, 0, 241, 3, 0, 0, 0, 0, 0, '3/3/2022 0:00', 2, 0, 0, 0, 0, 0),
(2095, 20, '3/3/2022', '2022-03-03', 0, 0, 0, 0, 0, 0, 0, 0, 0, '3/3/2022 0:00', 2, 0, 0, 0, 0, 0),
(2096, 51, '3/3/2022', '2022-03-03', 70, 0, 70, 0, 0, 0, 0, 0, 0, '3/3/2022 0:00', 2, 0, 0, 0, 0, 0),
(2097, 51, '3/3/2022', '2022-03-03', 0, 0, 0, 0, 0, 0, 0, 0, 0, '3/3/2022 0:00', 2, 0, 0, 0, 0, 0),
(2098, 52, '3/3/2022', '2022-03-03', 48, 0, 48, 0, 0, 0, 0, 0, 0, '3/3/2022 0:00', 2, 0, 0, 0, 0, 0),
(2099, 28, '3/3/2022', '2022-03-03', 2370, 0, 2368, 1, 1, 0, 0, 0, 0, '3/3/2022 0:00', 3, 0, 0, 0, 0, 0),
(2100, 33, '3/3/2022', '2022-03-03', 85, 0, 85, 0, 0, 0, 0, 0, 0, '3/3/2022 0:00', 3, 0, 0, 0, 0, 0),
(2101, 10, '3/3/2022', '2022-03-03', 911, 0, 908, 3, 0, 0, 0, 0, 0, '3/3/2022 0:00', 3, 0, 0, 0, 0, 0),
(2102, 10, '3/3/2022', '2022-03-03', 0, 0, 0, 0, 0, 0, 0, 0, 0, '3/3/2022 0:00', 3, 0, 0, 0, 0, 0),
(2103, 32, '3/3/2022', '2022-03-03', 0, 0, 0, 0, 0, 0, 0, 0, 0, '3/3/2022 0:00', 3, 0, 0, 0, 0, 0),
(2104, 31, '3/3/2022', '2022-03-03', 0, 0, 0, 0, 0, 0, 0, 0, 0, '3/3/2022 0:00', 3, 0, 0, 0, 0, 0),
(2105, 12, '3/3/2022', '2022-03-03', 246, 0, 246, 0, 0, 0, 0, 0, 0, '3/3/2022 0:00', 3, 0, 0, 0, 0, 0),
(2106, 35, '3/3/2022', '2022-03-03', 1368, 0, 1364, 3, 1, 0, 0, 0, 0, '3/3/2022 0:00', 3, 0, 0, 0, 0, 0),
(2107, 39, '3/3/2022', '2022-03-03', 195, 0, 194, 0, 1, 0, 0, 0, 0, '3/3/2022 0:00', 3, 0, 0, 0, 0, 0),
(2108, 40, '3/3/2022', '2022-03-03', 213, 0, 213, 0, 0, 0, 0, 0, 0, '3/3/2022 0:00', 3, 0, 0, 0, 0, 0),
(2109, 41, '3/3/2022', '2022-03-03', 306, 0, 306, 0, 0, 0, 0, 0, 0, '3/3/2022 0:00', 3, 0, 0, 0, 0, 0),
(2110, 37, '3/3/2022', '2022-03-03', 760, 0, 760, 0, 0, 0, 0, 0, 0, '3/3/2022 0:00', 3, 0, 0, 0, 0, 0),
(2111, 17, '3/3/2022', '2022-03-03', 444, 0, 443, 0, 1, 0, 0, 0, 0, '3/3/2022 0:00', 3, 0, 0, 0, 0, 0),
(2112, 38, '3/3/2022', '2022-03-03', 1092, 0, 1092, 0, 0, 0, 0, 0, 0, '3/3/2022 0:00', 3, 0, 0, 0, 0, 0),
(2113, 38, '3/3/2022', '2022-03-03', 0, 0, 0, 0, 0, 0, 0, 0, 0, '3/3/2022 0:00', 3, 0, 0, 0, 0, 0),
(2114, 43, '3/3/2022', '2022-03-03', 442, 0, 442, 0, 0, 0, 0, 0, 0, '3/3/2022 0:00', 3, 0, 0, 0, 0, 0),
(2115, 44, '3/3/2022', '2022-03-03', 180, 0, 177, 3, 0, 0, 0, 0, 0, '3/3/2022 0:00', 3, 0, 0, 0, 0, 0),
(2116, 45, '3/3/2022', '2022-03-03', 181, 0, 174, 0, 7, 0, 0, 0, 0, '3/3/2022 0:00', 3, 0, 0, 0, 0, 0),
(2117, 47, '3/3/2022', '2022-03-03', 213, 0, 212, 0, 1, 0, 0, 0, 0, '3/3/2022 0:00', 3, 0, 0, 0, 0, 0),
(2118, 48, '3/3/2022', '2022-03-03', 309, 0, 308, 0, 1, 0, 0, 0, 0, '3/3/2022 0:00', 3, 0, 0, 0, 0, 0),
(2119, 49, '3/3/2022', '2022-03-03', 0, 0, 0, 0, 0, 0, 0, 0, 0, '3/3/2022 0:00', 3, 0, 0, 0, 0, 0),
(2120, 50, '3/3/2022', '2022-03-03', 8, 0, 8, 0, 0, 0, 0, 0, 0, '3/3/2022 0:00', 3, 0, 0, 0, 0, 0),
(2121, 20, '3/3/2022', '2022-03-03', 98, 0, 94, 0, 4, 0, 0, 0, 0, '3/3/2022 0:00', 3, 0, 0, 0, 0, 0),
(2122, 51, '3/3/2022', '2022-03-03', 418, 0, 418, 0, 0, 0, 0, 0, 0, '3/3/2022 0:00', 3, 0, 0, 0, 0, 0),
(2123, 51, '3/3/2022', '2022-03-03', 0, 0, 0, 0, 0, 0, 0, 0, 0, '3/3/2022 0:00', 3, 0, 0, 0, 0, 0),
(2124, 52, '3/3/2022', '2022-03-03', 0, 0, 0, 0, 0, 0, 0, 0, 0, '3/3/2022 0:00', 3, 0, 0, 0, 0, 0),
(2125, 28, '3/4/2022', '2022-03-04', 1, 0, 0, 1, 0, 0, 0, 0, 0, '3/4/2022 0:00', 1, 0, 0, 0, 0, 0),
(2126, 33, '3/4/2022', '2022-03-04', 155, 0, 0, 116, 39, 0, 0, 0, 0, '3/4/2022 0:00', 1, 0, 0, 0, 0, 0),
(2127, 10, '3/4/2022', '2022-03-04', 0, 0, 0, 0, 0, 0, 0, 0, 0, '3/4/2022 0:00', 1, 0, 0, 0, 0, 0),
(2128, 10, '3/4/2022', '2022-03-04', 0, 0, 0, 0, 0, 0, 0, 0, 0, '3/4/2022 0:00', 1, 0, 0, 0, 0, 0),
(2129, 32, '3/4/2022', '2022-03-04', 419, 0, 419, 0, 0, 0, 0, 0, 0, '3/4/2022 0:00', 1, 0, 0, 0, 0, 0),
(2130, 31, '3/4/2022', '2022-03-04', 430, 0, 383, 46, 1, 0, 0, 0, 0, '3/4/2022 0:00', 1, 0, 0, 0, 0, 0),
(2131, 12, '3/4/2022', '2022-03-04', 0, 0, 0, 0, 0, 0, 0, 0, 0, '3/4/2022 0:00', 1, 0, 0, 0, 0, 0),
(2132, 35, '3/4/2022', '2022-03-04', 0, 0, 0, 0, 0, 0, 0, 0, 0, '3/4/2022 0:00', 1, 0, 0, 0, 0, 0),
(2133, 39, '3/4/2022', '2022-03-04', 252, 0, 252, 0, 0, 0, 0, 0, 0, '3/4/2022 0:00', 1, 0, 0, 0, 0, 0),
(2134, 40, '3/4/2022', '2022-03-04', 158, 0, 158, 0, 0, 0, 0, 0, 0, '3/4/2022 0:00', 1, 0, 0, 0, 0, 0),
(2135, 41, '3/4/2022', '2022-03-04', 221, 0, 221, 0, 0, 0, 0, 0, 0, '3/4/2022 0:00', 1, 0, 0, 0, 0, 0),
(2136, 37, '3/4/2022', '2022-03-04', 411, 0, 387, 0, 24, 0, 0, 0, 0, '3/4/2022 0:00', 1, 0, 0, 0, 0, 0),
(2137, 17, '3/4/2022', '2022-03-04', 514, 0, 511, 0, 3, 0, 0, 0, 0, '3/4/2022 0:00', 1, 0, 0, 0, 0, 0),
(2138, 38, '3/4/2022', '2022-03-04', 0, 0, 0, 0, 0, 0, 0, 0, 0, '3/4/2022 0:00', 1, 0, 0, 0, 0, 0),
(2139, 38, '3/4/2022', '2022-03-04', 452, 0, 452, 0, 0, 0, 0, 0, 0, '3/4/2022 0:00', 1, 0, 0, 0, 0, 0),
(2140, 43, '3/4/2022', '2022-03-04', 90, 0, 78, 0, 12, 0, 0, 0, 0, '3/4/2022 0:00', 1, 0, 0, 0, 0, 0),
(2141, 44, '3/4/2022', '2022-03-04', 20, 0, 20, 0, 0, 0, 0, 0, 0, '3/4/2022 0:00', 1, 0, 0, 0, 0, 0),
(2142, 45, '3/4/2022', '2022-03-04', 83, 0, 83, 0, 0, 0, 0, 0, 0, '3/4/2022 0:00', 1, 0, 0, 0, 0, 0),
(2143, 47, '3/4/2022', '2022-03-04', 503, 0, 489, 13, 1, 0, 0, 0, 0, '3/4/2022 0:00', 1, 0, 0, 0, 0, 0),
(2144, 48, '3/4/2022', '2022-03-04', 18, 0, 18, 0, 0, 0, 0, 0, 0, '3/4/2022 0:00', 1, 0, 0, 0, 0, 0),
(2145, 49, '3/4/2022', '2022-03-04', 215, 0, 200, 14, 1, 0, 0, 0, 0, '3/4/2022 0:00', 1, 0, 0, 0, 0, 0),
(2146, 50, '3/4/2022', '2022-03-04', 475, 0, 475, 0, 0, 0, 0, 0, 0, '3/4/2022 0:00', 1, 0, 0, 0, 0, 0),
(2147, 20, '3/4/2022', '2022-03-04', 14, 0, 14, 0, 0, 0, 0, 0, 0, '3/4/2022 0:00', 1, 0, 0, 0, 0, 0),
(2148, 51, '3/4/2022', '2022-03-04', 0, 0, 0, 0, 0, 0, 0, 0, 0, '3/4/2022 0:00', 1, 0, 0, 0, 0, 0),
(2149, 51, '3/4/2022', '2022-03-04', 0, 0, 0, 0, 0, 0, 0, 0, 0, '3/4/2022 0:00', 1, 0, 0, 0, 0, 0),
(2150, 52, '3/4/2022', '2022-03-04', 136, 0, 133, 0, 3, 0, 0, 0, 0, '3/4/2022 0:00', 1, 0, 0, 0, 0, 0),
(2151, 28, '3/4/2022', '2022-03-04', 476, 0, 471, 5, 0, 0, 0, 0, 0, '3/4/2022 0:00', 2, 0, 0, 0, 0, 0),
(2152, 33, '3/4/2022', '2022-03-04', 0, 0, 0, 0, 0, 0, 0, 0, 0, '3/4/2022 0:00', 2, 0, 0, 0, 0, 0),
(2153, 10, '3/4/2022', '2022-03-04', 0, 0, 0, 0, 0, 0, 0, 0, 0, '3/4/2022 0:00', 2, 0, 0, 0, 0, 0),
(2154, 10, '3/4/2022', '2022-03-04', 0, 0, 0, 0, 0, 0, 0, 0, 0, '3/4/2022 0:00', 2, 0, 0, 0, 0, 0),
(2155, 32, '3/4/2022', '2022-03-04', 192, 0, 192, 0, 0, 0, 0, 0, 0, '3/4/2022 0:00', 2, 0, 0, 0, 0, 0),
(2156, 31, '3/4/2022', '2022-03-04', 223, 0, 220, 2, 1, 0, 0, 0, 0, '3/4/2022 0:00', 2, 0, 0, 0, 0, 0),
(2157, 12, '3/4/2022', '2022-03-04', 0, 0, 0, 0, 0, 0, 0, 0, 0, '3/4/2022 0:00', 2, 0, 0, 0, 0, 0),
(2158, 35, '3/4/2022', '2022-03-04', 519, 0, 519, 0, 0, 0, 0, 0, 0, '3/4/2022 0:00', 2, 0, 0, 0, 0, 0),
(2159, 39, '3/4/2022', '2022-03-04', 247, 0, 247, 0, 0, 0, 0, 0, 0, '3/4/2022 0:00', 2, 0, 0, 0, 0, 0),
(2160, 40, '3/4/2022', '2022-03-04', 367, 0, 367, 0, 0, 0, 0, 0, 0, '3/4/2022 0:00', 2, 0, 0, 0, 0, 0),
(2161, 41, '3/4/2022', '2022-03-04', 646, 0, 646, 0, 0, 0, 0, 0, 0, '3/4/2022 0:00', 2, 0, 0, 0, 0, 0),
(2162, 37, '3/4/2022', '2022-03-04', 672, 0, 672, 0, 0, 0, 0, 0, 0, '3/4/2022 0:00', 2, 0, 0, 0, 0, 0),
(2163, 17, '3/4/2022', '2022-03-04', 839, 0, 838, 0, 1, 0, 0, 0, 0, '3/4/2022 0:00', 2, 0, 0, 0, 0, 0),
(2164, 38, '3/4/2022', '2022-03-04', 429, 0, 429, 0, 0, 0, 0, 0, 0, '3/4/2022 0:00', 2, 0, 0, 0, 0, 0),
(2165, 38, '3/4/2022', '2022-03-04', 0, 0, 0, 0, 0, 0, 0, 0, 0, '3/4/2022 0:00', 2, 0, 0, 0, 0, 0),
(2166, 43, '3/4/2022', '2022-03-04', 730, 0, 730, 0, 0, 0, 0, 0, 0, '3/4/2022 0:00', 2, 0, 0, 0, 0, 0),
(2167, 44, '3/4/2022', '2022-03-04', 196, 0, 196, 0, 0, 0, 0, 0, 0, '3/4/2022 0:00', 2, 0, 0, 0, 0, 0),
(2168, 45, '3/4/2022', '2022-03-04', 211, 0, 211, 0, 0, 0, 0, 0, 0, '3/4/2022 0:00', 2, 0, 0, 0, 0, 0),
(2169, 47, '3/4/2022', '2022-03-04', 353, 0, 352, 1, 0, 0, 0, 0, 0, '3/4/2022 0:00', 2, 0, 0, 0, 0, 0),
(2170, 48, '3/4/2022', '2022-03-04', 24, 0, 22, 0, 2, 0, 0, 0, 0, '3/4/2022 0:00', 2, 0, 0, 0, 0, 0),
(2171, 49, '3/4/2022', '2022-03-04', 0, 0, 0, 0, 0, 0, 0, 0, 0, '3/4/2022 0:00', 2, 0, 0, 0, 0, 0),
(2172, 50, '3/4/2022', '2022-03-04', 244, 0, 241, 3, 0, 0, 0, 0, 0, '3/4/2022 0:00', 2, 0, 0, 0, 0, 0),
(2173, 20, '3/4/2022', '2022-03-04', 0, 0, 0, 0, 0, 0, 0, 0, 0, '3/4/2022 0:00', 2, 0, 0, 0, 0, 0),
(2174, 51, '3/4/2022', '2022-03-04', 70, 0, 70, 0, 0, 0, 0, 0, 0, '3/4/2022 0:00', 2, 0, 0, 0, 0, 0),
(2175, 51, '3/4/2022', '2022-03-04', 0, 0, 0, 0, 0, 0, 0, 0, 0, '3/4/2022 0:00', 2, 0, 0, 0, 0, 0),
(2176, 52, '3/4/2022', '2022-03-04', 48, 0, 48, 0, 0, 0, 0, 0, 0, '3/4/2022 0:00', 2, 0, 0, 0, 0, 0),
(2177, 28, '3/4/2022', '2022-03-04', 2370, 0, 2365, 4, 1, 0, 0, 0, 0, '3/4/2022 0:00', 3, 0, 0, 0, 0, 0),
(2178, 33, '3/4/2022', '2022-03-04', 85, 0, 85, 0, 0, 0, 0, 0, 0, '3/4/2022 0:00', 3, 0, 0, 0, 0, 0),
(2179, 10, '3/4/2022', '2022-03-04', 911, 0, 908, 3, 0, 0, 0, 0, 0, '3/4/2022 0:00', 3, 0, 0, 0, 0, 0),
(2180, 10, '3/4/2022', '2022-03-04', 0, 0, 0, 0, 0, 0, 0, 0, 0, '3/4/2022 0:00', 3, 0, 0, 0, 0, 0),
(2181, 32, '3/4/2022', '2022-03-04', 0, 0, 0, 0, 0, 0, 0, 0, 0, '3/4/2022 0:00', 3, 0, 0, 0, 0, 0),
(2182, 31, '3/4/2022', '2022-03-04', 0, 0, 0, 0, 0, 0, 0, 0, 0, '3/4/2022 0:00', 3, 0, 0, 0, 0, 0),
(2183, 12, '3/4/2022', '2022-03-04', 246, 0, 245, 0, 1, 0, 0, 0, 0, '3/4/2022 0:00', 3, 0, 0, 0, 0, 0),
(2184, 35, '3/4/2022', '2022-03-04', 1368, 0, 1364, 3, 1, 0, 0, 0, 0, '3/4/2022 0:00', 3, 0, 0, 0, 0, 0),
(2185, 39, '3/4/2022', '2022-03-04', 195, 0, 194, 0, 1, 0, 0, 0, 0, '3/4/2022 0:00', 3, 0, 0, 0, 0, 0),
(2186, 40, '3/4/2022', '2022-03-04', 213, 0, 213, 0, 0, 0, 0, 0, 0, '3/4/2022 0:00', 3, 0, 0, 0, 0, 0),
(2187, 41, '3/4/2022', '2022-03-04', 306, 0, 306, 0, 0, 0, 0, 0, 0, '3/4/2022 0:00', 3, 0, 0, 0, 0, 0),
(2188, 37, '3/4/2022', '2022-03-04', 760, 0, 760, 0, 0, 0, 0, 0, 0, '3/4/2022 0:00', 3, 0, 0, 0, 0, 0),
(2189, 17, '3/4/2022', '2022-03-04', 444, 0, 443, 0, 1, 0, 0, 0, 0, '3/4/2022 0:00', 3, 0, 0, 0, 0, 0),
(2190, 38, '3/4/2022', '2022-03-04', 1092, 0, 1092, 0, 0, 0, 0, 0, 0, '3/4/2022 0:00', 3, 0, 0, 0, 0, 0),
(2191, 38, '3/4/2022', '2022-03-04', 0, 0, 0, 0, 0, 0, 0, 0, 0, '3/4/2022 0:00', 3, 0, 0, 0, 0, 0),
(2192, 43, '3/4/2022', '2022-03-04', 442, 0, 442, 0, 0, 0, 0, 0, 0, '3/4/2022 0:00', 3, 0, 0, 0, 0, 0),
(2193, 44, '3/4/2022', '2022-03-04', 180, 0, 177, 3, 0, 0, 0, 0, 0, '3/4/2022 0:00', 3, 0, 0, 0, 0, 0),
(2194, 45, '3/4/2022', '2022-03-04', 181, 0, 174, 0, 7, 0, 0, 0, 0, '3/4/2022 0:00', 3, 0, 0, 0, 0, 0),
(2195, 47, '3/4/2022', '2022-03-04', 213, 0, 212, 0, 1, 0, 0, 0, 0, '3/4/2022 0:00', 3, 0, 0, 0, 0, 0),
(2196, 48, '3/4/2022', '2022-03-04', 309, 0, 308, 0, 1, 0, 0, 0, 0, '3/4/2022 0:00', 3, 0, 0, 0, 0, 0),
(2197, 49, '3/4/2022', '2022-03-04', 0, 0, 0, 0, 0, 0, 0, 0, 0, '3/4/2022 0:00', 3, 0, 0, 0, 0, 0),
(2198, 50, '3/4/2022', '2022-03-04', 8, 0, 8, 0, 0, 0, 0, 0, 0, '3/4/2022 0:00', 3, 0, 0, 0, 0, 0),
(2199, 20, '3/4/2022', '2022-03-04', 98, 0, 94, 0, 4, 0, 0, 0, 0, '3/4/2022 0:00', 3, 0, 0, 0, 0, 0),
(2200, 51, '3/4/2022', '2022-03-04', 418, 0, 418, 0, 0, 0, 0, 0, 0, '3/4/2022 0:00', 3, 0, 0, 0, 0, 0),
(2201, 51, '3/4/2022', '2022-03-04', 0, 0, 0, 0, 0, 0, 0, 0, 0, '3/4/2022 0:00', 3, 0, 0, 0, 0, 0),
(2202, 52, '3/4/2022', '2022-03-04', 0, 0, 0, 0, 0, 0, 0, 0, 0, '3/4/2022 0:00', 3, 0, 0, 0, 0, 0);

-- --------------------------------------------------------

--
-- Struktur dari tabel `trx_absensi_pegawai`
--

CREATE TABLE `trx_absensi_pegawai` (
  `id` int(9) NOT NULL,
  `id_kampus` int(6) NOT NULL,
  `id_pegawai_type` int(3) NOT NULL,
  `tgl_absensi` date NOT NULL,
  `jumlah_pegawai` int(6) NOT NULL,
  `sehat` int(6) NOT NULL DEFAULT 0,
  `covid` int(6) NOT NULL DEFAULT 0,
  `ijin` int(6) NOT NULL DEFAULT 0,
  `uid` int(3) NOT NULL,
  `created_date` timestamp NOT NULL DEFAULT current_timestamp(),
  `wfo` int(6) NOT NULL,
  `wfh` int(6) NOT NULL,
  `dinas_luar` int(6) NOT NULL,
  `tugas_belajar` int(6) NOT NULL,
  `cuti` int(6) NOT NULL,
  `isoman` int(6) NOT NULL,
  `dirawat` int(6) NOT NULL,
  `vaksin1` int(6) NOT NULL,
  `vaksin2` int(6) NOT NULL,
  `vaksin_lain` int(6) NOT NULL
) ENGINE=InnoDB DEFAULT CHARSET=utf8mb4;

--
-- Dumping data untuk tabel `trx_absensi_pegawai`
--

INSERT INTO `trx_absensi_pegawai` (`id`, `id_kampus`, `id_pegawai_type`, `tgl_absensi`, `jumlah_pegawai`, `sehat`, `covid`, `ijin`, `uid`, `created_date`, `wfo`, `wfh`, `dinas_luar`, `tugas_belajar`, `cuti`, `isoman`, `dirawat`, `vaksin1`, `vaksin2`, `vaksin_lain`) VALUES
(1, 10, 2, '2022-02-08', 1201, 8001, 101, 111, 20, '2022-02-08 07:33:38', 121, 131, 141, 151, 161, 171, 181, 0, 0, 0),
(2, 2, 1, '2022-02-23', 1276, 123, 312, 23, 21, '2022-02-23 11:02:48', 51, 123, 332, 15, 23, 151, 123, 555, 223, 151),
(3, 2, 2, '2022-02-23', 20, 2, 2, 2, 21, '2022-02-23 11:03:13', 2, 2, 2, 2, 2, 2, 2, 2, 2, 2),
(4, 2, 1, '2022-03-04', 1176, 123, 321, 223, 21, '2022-03-04 07:03:53', 421, 45, 23, 12, 3, 4, 1, 43, 32, 51),
(5, 2, 2, '2022-03-04', 607, 31, 32, 11, 21, '2022-03-04 07:04:17', 425, 22, 33, 5, 45, 1, 2, 555, 522, 22),
(6, 2, 1, '2022-03-03', 337, 13, 41, 51, 21, '2022-03-04 07:19:40', 32, 41, 21, 32, 42, 52, 12, 32, 41, 51),
(7, 2, 1, '2022-03-02', 622, 123, 75, 45, 21, '2022-03-04 07:20:06', 87, 21, 32, 53, 76, 87, 23, 12, 31, 41),
(8, 2, 1, '2022-03-01', 519, 123, 31, 21, 21, '2022-03-04 07:20:27', 32, 41, 32, 42, 32, 42, 123, 42, 54, 64);

--
-- Indexes for dumped tables
--

--
-- Indeks untuk tabel `mst_instansi_type`
--
ALTER TABLE `mst_instansi_type`
  ADD PRIMARY KEY (`id`);

--
-- Indeks untuk tabel `mst_kampus`
--
ALTER TABLE `mst_kampus`
  ADD PRIMARY KEY (`id`);

--
-- Indeks untuk tabel `mst_kota`
--
ALTER TABLE `mst_kota`
  ADD PRIMARY KEY (`id`);

--
-- Indeks untuk tabel `mst_lokasi`
--
ALTER TABLE `mst_lokasi`
  ADD PRIMARY KEY (`id`);

--
-- Indeks untuk tabel `mst_pegawai_type`
--
ALTER TABLE `mst_pegawai_type`
  ADD PRIMARY KEY (`id`);

--
-- Indeks untuk tabel `mst_propinsi`
--
ALTER TABLE `mst_propinsi`
  ADD PRIMARY KEY (`id`);

--
-- Indeks untuk tabel `tb_groups`
--
ALTER TABLE `tb_groups`
  ADD PRIMARY KEY (`id`);

--
-- Indeks untuk tabel `tb_harga`
--
ALTER TABLE `tb_harga`
  ADD PRIMARY KEY (`id_harga`);

--
-- Indeks untuk tabel `tb_login_attempts`
--
ALTER TABLE `tb_login_attempts`
  ADD PRIMARY KEY (`id`);

--
-- Indeks untuk tabel `tb_lokasi_akses`
--
ALTER TABLE `tb_lokasi_akses`
  ADD PRIMARY KEY (`id`);

--
-- Indeks untuk tabel `tb_menu`
--
ALTER TABLE `tb_menu`
  ADD PRIMARY KEY (`id_menu`);

--
-- Indeks untuk tabel `tb_menu_akses`
--
ALTER TABLE `tb_menu_akses`
  ADD PRIMARY KEY (`id`);

--
-- Indeks untuk tabel `tb_nominal`
--
ALTER TABLE `tb_nominal`
  ADD PRIMARY KEY (`id_nominal`);

--
-- Indeks untuk tabel `tb_pelanggan`
--
ALTER TABLE `tb_pelanggan`
  ADD PRIMARY KEY (`id_pelanggan`);

--
-- Indeks untuk tabel `tb_transaksi`
--
ALTER TABLE `tb_transaksi`
  ADD PRIMARY KEY (`id_transaksi`);

--
-- Indeks untuk tabel `tb_users`
--
ALTER TABLE `tb_users`
  ADD PRIMARY KEY (`id`),
  ADD UNIQUE KEY `username` (`username`);

--
-- Indeks untuk tabel `tb_users_akses_instansi`
--
ALTER TABLE `tb_users_akses_instansi`
  ADD PRIMARY KEY (`id`);

--
-- Indeks untuk tabel `tb_users_groups`
--
ALTER TABLE `tb_users_groups`
  ADD PRIMARY KEY (`id`),
  ADD UNIQUE KEY `uc_users_groups` (`user_id`,`group_id`),
  ADD KEY `fk_users_groups_users1_idx` (`user_id`),
  ADD KEY `fk_users_groups_groups1_idx` (`group_id`);

--
-- Indeks untuk tabel `trx_absensi`
--
ALTER TABLE `trx_absensi`
  ADD PRIMARY KEY (`id`);

--
-- Indeks untuk tabel `trx_absensi_pegawai`
--
ALTER TABLE `trx_absensi_pegawai`
  ADD PRIMARY KEY (`id`);

--
-- AUTO_INCREMENT untuk tabel yang dibuang
--

--
-- AUTO_INCREMENT untuk tabel `mst_instansi_type`
--
ALTER TABLE `mst_instansi_type`
  MODIFY `id` int(11) NOT NULL AUTO_INCREMENT, AUTO_INCREMENT=4;

--
-- AUTO_INCREMENT untuk tabel `mst_kampus`
--
ALTER TABLE `mst_kampus`
  MODIFY `id` int(6) NOT NULL AUTO_INCREMENT, AUTO_INCREMENT=56;

--
-- AUTO_INCREMENT untuk tabel `mst_kota`
--
ALTER TABLE `mst_kota`
  MODIFY `id` int(6) NOT NULL AUTO_INCREMENT, AUTO_INCREMENT=9501;

--
-- AUTO_INCREMENT untuk tabel `mst_lokasi`
--
ALTER TABLE `mst_lokasi`
  MODIFY `id` int(6) NOT NULL AUTO_INCREMENT, AUTO_INCREMENT=5;

--
-- AUTO_INCREMENT untuk tabel `mst_pegawai_type`
--
ALTER TABLE `mst_pegawai_type`
  MODIFY `id` int(3) NOT NULL AUTO_INCREMENT, AUTO_INCREMENT=3;

--
-- AUTO_INCREMENT untuk tabel `mst_propinsi`
--
ALTER TABLE `mst_propinsi`
  MODIFY `id` int(4) NOT NULL AUTO_INCREMENT, AUTO_INCREMENT=96;

--
-- AUTO_INCREMENT untuk tabel `tb_groups`
--
ALTER TABLE `tb_groups`
  MODIFY `id` mediumint(8) UNSIGNED NOT NULL AUTO_INCREMENT, AUTO_INCREMENT=3;

--
-- AUTO_INCREMENT untuk tabel `tb_harga`
--
ALTER TABLE `tb_harga`
  MODIFY `id_harga` int(30) NOT NULL AUTO_INCREMENT, AUTO_INCREMENT=15;

--
-- AUTO_INCREMENT untuk tabel `tb_login_attempts`
--
ALTER TABLE `tb_login_attempts`
  MODIFY `id` int(11) UNSIGNED NOT NULL AUTO_INCREMENT, AUTO_INCREMENT=67;

--
-- AUTO_INCREMENT untuk tabel `tb_lokasi_akses`
--
ALTER TABLE `tb_lokasi_akses`
  MODIFY `id` int(11) NOT NULL AUTO_INCREMENT, AUTO_INCREMENT=9;

--
-- AUTO_INCREMENT untuk tabel `tb_menu`
--
ALTER TABLE `tb_menu`
  MODIFY `id_menu` int(11) NOT NULL AUTO_INCREMENT, AUTO_INCREMENT=39;

--
-- AUTO_INCREMENT untuk tabel `tb_menu_akses`
--
ALTER TABLE `tb_menu_akses`
  MODIFY `id` int(11) NOT NULL AUTO_INCREMENT, AUTO_INCREMENT=24;

--
-- AUTO_INCREMENT untuk tabel `tb_nominal`
--
ALTER TABLE `tb_nominal`
  MODIFY `id_nominal` int(30) NOT NULL AUTO_INCREMENT, AUTO_INCREMENT=11;

--
-- AUTO_INCREMENT untuk tabel `tb_pelanggan`
--
ALTER TABLE `tb_pelanggan`
  MODIFY `id_pelanggan` int(50) NOT NULL AUTO_INCREMENT, AUTO_INCREMENT=9;

--
-- AUTO_INCREMENT untuk tabel `tb_transaksi`
--
ALTER TABLE `tb_transaksi`
  MODIFY `id_transaksi` int(50) NOT NULL AUTO_INCREMENT, AUTO_INCREMENT=16;

--
-- AUTO_INCREMENT untuk tabel `tb_users`
--
ALTER TABLE `tb_users`
  MODIFY `id` int(11) UNSIGNED NOT NULL AUTO_INCREMENT, AUTO_INCREMENT=84;

--
-- AUTO_INCREMENT untuk tabel `tb_users_akses_instansi`
--
ALTER TABLE `tb_users_akses_instansi`
  MODIFY `id` int(11) NOT NULL AUTO_INCREMENT, AUTO_INCREMENT=71;

--
-- AUTO_INCREMENT untuk tabel `tb_users_groups`
--
ALTER TABLE `tb_users_groups`
  MODIFY `id` int(11) UNSIGNED NOT NULL AUTO_INCREMENT, AUTO_INCREMENT=69;

--
-- AUTO_INCREMENT untuk tabel `trx_absensi`
--
ALTER TABLE `trx_absensi`
  MODIFY `id` int(9) NOT NULL AUTO_INCREMENT, AUTO_INCREMENT=2203;

--
-- AUTO_INCREMENT untuk tabel `trx_absensi_pegawai`
--
ALTER TABLE `trx_absensi_pegawai`
  MODIFY `id` int(9) NOT NULL AUTO_INCREMENT, AUTO_INCREMENT=9;

--
-- Ketidakleluasaan untuk tabel pelimpahan (Dumped Tables)
--

--
-- Ketidakleluasaan untuk tabel `tb_users_groups`
--
ALTER TABLE `tb_users_groups`
  ADD CONSTRAINT `fk_users_groups_groups1` FOREIGN KEY (`group_id`) REFERENCES `tb_groups` (`id`) ON DELETE CASCADE ON UPDATE NO ACTION,
  ADD CONSTRAINT `fk_users_groups_users1` FOREIGN KEY (`user_id`) REFERENCES `tb_users` (`id`) ON DELETE CASCADE ON UPDATE NO ACTION;
COMMIT;

/*!40101 SET CHARACTER_SET_CLIENT=@OLD_CHARACTER_SET_CLIENT */;
/*!40101 SET CHARACTER_SET_RESULTS=@OLD_CHARACTER_SET_RESULTS */;
/*!40101 SET COLLATION_CONNECTION=@OLD_COLLATION_CONNECTION */;
